author;category;Nombre de titolo
"""The Visible Man is full because he's real";(vide);1
"Total ""The Visible Man is full because he's real";;1
A report from Common Cause;(vide);1
Total A report from Common Cause;;1
A. Harrison Brody;opinion;1
Total A. Harrison Brody;;1
A. J. Jacobs;culture;2
Total A. J. Jacobs;;2
A. Lin Neumann;(vide);2
Total A. Lin Neumann;;2
A.J. Goldmann;culture;1
Total A.J. Goldmann;;1
A.J.S. Rayl;(vide);1
Total A.J.S. Rayl;;1
Aarathi Prasad;science;2
Total Aarathi Prasad;;2
Aarian Marshall;business;140
Aarian Marshall;design;2
Aarian Marshall;gear;22
Aarian Marshall;science;6
Aarian Marshall;security;2
Aarian Marshall;transportation;650
Total Aarian Marshall;;822
Aaron Balick;business;1
Total Aaron Balick;;1
Aaron Belz;science;1
Aaron Belz;(vide);1
Total Aaron Belz;;2
Aaron Betsky;(vide);3
Total Aaron Betsky;;3
Aaron Clark;(vide);9
Total Aaron Clark;;9
Aaron Colter;culture;5
Total Aaron Colter;;5
Aaron Dalton;culture;2
Aaron Dalton;science;3
Total Aaron Dalton;;5
Aaron Drapkin;culture;1
Total Aaron Drapkin;;1
Aaron Frank;business;2
Aaron Frank;science;1
Total Aaron Frank;;3
Aaron Gordon;culture;1
Aaron Gordon;transportation;1
Total Aaron Gordon;;2
Aaron Koenig;(vide);1
Total Aaron Koenig;;1
Aaron Meyers;science;2
Total Aaron Meyers;;2
Aaron Peter;gear;1
Total Aaron Peter;;1
Aaron Potter;culture;1
Total Aaron Potter;;1
Aaron Pressman;security;2
Aaron Pressman;(vide);9
Total Aaron Pressman;;11
Aaron Reuben;science;1
Total Aaron Reuben;;1
Aaron Ricadela;(vide);1
Total Aaron Ricadela;;1
Aaron Rogan;business;1
Total Aaron Rogan;;1
Aaron Rowe;culture;1
Aaron Rowe;gear;2
Aaron Rowe;science;146
Aaron Rowe;security;9
Aaron Rowe;(vide);21
Total Aaron Rowe;;179
Aaron Sankin;security;1
Total Aaron Sankin;;1
Aaron Weiss;culture;1
Total Aaron Weiss;;1
Aaron Zamost;the big story;2
Total Aaron Zamost;;2
Aatish Bhatia;science;49
Total Aatish Bhatia;;49
Abby Alten Schwartz;gear;1
Total Abby Alten Schwartz;;1
Abby Christopher;culture;2
Abby Christopher;gear;1
Abby Christopher;science;3
Abby Christopher;security;2
Abby Christopher;(vide);1
Total Abby Christopher;;9
Abby Rabinowitz;science;1
Total Abby Rabinowitz;;1
Abby Sewell;business;1
Total Abby Sewell;;1
Abdel Ibrahim;gear;1
Total Abdel Ibrahim;;1
Abdullah Shihipar;ideas;1
Total Abdullah Shihipar;;1
Abe Streep;science;1
Total Abe Streep;;1
Abeba Birhane;ideas;1
Total Abeba Birhane;;1
Abhishek Madhavan;the big story;2
Total Abhishek Madhavan;;2
Abigail Beall;business;29
Abigail Beall;culture;4
Abigail Beall;science;129
Abigail Beall;security;1
Total Abigail Beall;;163
Abigail De Kosnik;ideas;1
Total Abigail De Kosnik;;1
Abigail Weinberg;science;1
Total Abigail Weinberg;;1
Adam Albright-Hanna;gear;1
Total Adam Albright-Hanna;;1
Adam Alter;culture;1
Adam Alter;gear;1
Total Adam Alter;;2
Adam Born;business;2
Adam Born;culture;1
Adam Born;photo;1
Total Adam Born;;4
Adam Bumas;culture;4
Total Adam Bumas;;4
Adam Chandler;ideas;1
Total Adam Chandler;;1
Adam Duvander;business;7
Adam Duvander;(vide);94
Total Adam Duvander;;101
Adam Elder;culture;3
Adam Elder;design;1
Adam Elder;science;1
Total Adam Elder;;5
Adam Federman;ideas;2
Adam Federman;the big story;1
Total Adam Federman;;3
Adam Fisher;business;6
Adam Fisher;culture;1
Adam Fisher;gear;3
Adam Fisher;the big story;3
Adam Fisher;(vide);22
Total Adam Fisher;;35
Adam Glickman;(vide);4
Total Adam Glickman;;4
Adam Gonnerman;security;1
Total Adam Gonnerman;;1
Adam Grant;business;1
Total Adam Grant;;1
Adam Greenfield;business;2
Total Adam Greenfield;;2
Adam Grosser;(vide);1
Total Adam Grosser;;1
Adam Hadley;security;1
Total Adam Hadley;;1
Adam Hemphill;culture;1
Total Adam Hemphill;;1
Adam Higginbotham;business;3
Adam Higginbotham;culture;1
Adam Higginbotham;science;1
Adam Higginbotham;security;1
Adam Higginbotham;(vide);1
Total Adam Higginbotham;;7
Adam Hinterthuer;culture;1
Adam Hinterthuer;photo;1
Total Adam Hinterthuer;;2
Adam Kucharski;business;1
Adam Kucharski;ideas;1
Total Adam Kucharski;;2
Adam L. Penenberg;business;1
Adam L. Penenberg;culture;37
Adam L. Penenberg;the big story;1
Adam L. Penenberg;(vide);2
Total Adam L. Penenberg;;41
Adam Lashinsky;(vide);2
Total Adam Lashinsky;;2
Adam Levin;business;1
Total Adam Levin;;1
Adam Mann;business;3
Adam Mann;culture;2
Adam Mann;gear;4
Adam Mann;science;448
Total Adam Mann;;457
Adam Marcus;ideas;4
Total Adam Marcus;;4
Adam Morgan;culture;1
Total Adam Morgan;;1
Adam Penenberg;business;1
Adam Penenberg;culture;1
Adam Penenberg;(vide);3
Total Adam Penenberg;;5
Adam Piore;science;1
Total Adam Piore;;1
Adam Pittenger;the big story;1
Total Adam Pittenger;;1
Adam Popescu;science;1
Total Adam Popescu;;1
Adam Powell;science;2
Total Adam Powell;;2
Adam Rawnsley;security;104
Total Adam Rawnsley;;104
Adam Rawnsley and Noah Shachtman;security;2
Total Adam Rawnsley and Noah Shachtman;;2
Adam Rogers;business;12
Adam Rogers;culture;100
Adam Rogers;design;1
Adam Rogers;gear;7
Adam Rogers;ideas;1
Adam Rogers;opinion;2
Adam Rogers;science;297
Adam Rogers;security;1
Adam Rogers;the big story;10
Adam Rogers;transportation;11
Adam Rogers;(vide);15
Total Adam Rogers;;457
Adam Rutherford;science;1
Total Adam Rutherford;;1
Adam Sah;(vide);1
Total Adam Sah;;1
Adam Savage;design;3
Adam Savage;the big story;1
Adam Savage;(vide);1
Total Adam Savage;;5
Adam Scott;science;1
Total Adam Scott;;1
Adam Segal;ideas;1
Total Adam Segal;;1
Adam Skolnick;(vide);1
Total Adam Skolnick;;1
Adam Speight;business;3
Adam Speight;culture;2
Adam Speight;gear;33
Adam Speight;security;1
Total Adam Speight;;39
Adam Sternbergh;culture;1
Total Adam Sternbergh;;1
Adam Waytz;ideas;1
Total Adam Waytz;;1
Adam Weinstein;opinion;1
Total Adam Weinstein;;1
Adam Welz;science;2
Total Adam Welz;;2
Adam Willems;ideas;1
Total Adam Willems;;1
Adario Strange;business;282
Total Adario Strange;;282
Ade D. Adeniji;culture;3
Total Ade D. Adeniji;;3
Adie Tomer;opinion;1
Total Adie Tomer;;1
Adnan Hirad;science;1
Total Adnan Hirad;;1
Adrian Ashford;science;1
Total Adrian Ashford;;1
Adrian Chen;security;1
Adrian Chen;the big story;1
Adrian Chen;(vide);1
Total Adrian Chen;;3
Adrian Cheng;ideas;1
Total Adrian Cheng;;1
Adrian Cho;science;1
Total Adrian Cho;;1
Adrian Hon;ideas;1
Total Adrian Hon;;1
Adrian Justins;business;7
Adrian Justins;gear;3
Total Adrian Justins;;10
Adrian Ludwig;business;3
Total Adrian Ludwig;;3
Adrian Perkins;business;1
Total Adrian Perkins;;1
Adrien Seybert;security;7
Total Adrien Seybert;;7
Adrienne Day;(vide);5
Total Adrienne Day;;5
Adrienne Rose Bitar;science;1
Total Adrienne Rose Bitar;;1
Adrienne Simms;(vide);2
Total Adrienne Simms;;2
Adrienne So;business;1
Adrienne So;culture;53
Adrienne So;design;3
Adrienne So;gear;149
Adrienne So;ideas;1
Adrienne So;the big story;2
Adrienne So;transportation;1
Total Adrienne So;;210
Afsaneh Rigot;ideas;1
Total Afsaneh Rigot;;1
Agustin d'Empaire;business;2
Agustin d'Empaire;gear;1
Agustin d'Empaire;security;1
Total Agustin d'Empaire;;4
Ahalya Srikant;culture;1
Ahalya Srikant;photo;1
Total Ahalya Srikant;;2
ahemphill;business;1
Total ahemphill;;1
Ahmir Questlove Thompson;culture;1
Total Ahmir Questlove Thompson;;1
Aidan Mac Guill;gear;1
Total Aidan Mac Guill;;1
Aidan Marchine;culture;1
Total Aidan Marchine;;1
Aidan Moher;culture;1
Aidan Moher;gear;1
Total Aidan Moher;;2
Aigner Loren Wilson;culture;1
Total Aigner Loren Wilson;;1
Ailbhe Malone;culture;1
Total Ailbhe Malone;;1
Aimee Christian;gear;1
Total Aimee Christian;;1
Aimee Cliff;culture;1
Total Aimee Cliff;;1
Aisha Tyler;culture;1
Total Aisha Tyler;;1
AJ Dellinger;culture;1
Total AJ Dellinger;;1
Ajay Royyuru, Computational Biology Center, IBM Research;science;2
Total Ajay Royyuru, Computational Biology Center, IBM Research;;2
"aka ""Moulton"" on MicroMuse";(vide);1
"Total aka ""Moulton"" on MicroMuse";;1
Akanksha Singh;business;2
Total Akanksha Singh;;2
Akash Kapur;(vide);2
Total Akash Kapur;;2
Akram Hussein;business;1
Total Akram Hussein;;1
Al Gore;science;1
Total Al Gore;;1
Alaa Murabit;business;1
Total Alaa Murabit;;1
Alain De Botton;culture;1
Total Alain De Botton;;1
Alain Dujardin;the big story;1
Total Alain Dujardin;;1
Alan Boyle;science;1
Total Alan Boyle;;1
Alan Collins;science;1
Total Alan Collins;;1
Alan Deutschman;(vide);3
Total Alan Deutschman;;3
Alan Devenish;culture;2
Alan Devenish;gear;1
Alan Devenish;photo;11
Total Alan Devenish;;14
Alan Docherty;culture;6
Alan Docherty;security;14
Total Alan Docherty;;20
Alan E. Rapp;(vide);3
Total Alan E. Rapp;;3
Alan Henry;business;3
Alan Henry;culture;4
Alan Henry;gear;5
Alan Henry;ideas;1
Alan Henry;science;1
Alan Henry;security;1
Total Alan Henry;;15
Alan Kay;(vide);1
Total Alan Kay;;1
Alan Kistler;culture;4
Total Alan Kistler;;4
Alan Levinovitz;business;2
Alan Levinovitz;the big story;1
Total Alan Levinovitz;;3
Alan Martin;business;2
Alan Martin;culture;1
Alan Martin;science;3
Total Alan Martin;;6
Alan Rapp;design;1
Alan Rapp;(vide);2
Total Alan Rapp;;3
Alan S. Kay;(vide);1
Total Alan S. Kay;;1
Alana Hope Levinson;the big story;1
Total Alana Hope Levinson;;1
Alana Yzola;culture;1
Total Alana Yzola;;1
Alanna Nash;(vide);3
Total Alanna Nash;;3
Albert Fox Cahn;ideas;13
Total Albert Fox Cahn;;13
Albert Kim;culture;1
Total Albert Kim;;1
Albert S. Cho;(vide);1
Total Albert S. Cho;;1
Alberto Gaitán;(vide);2
Total Alberto Gaitán;;2
Alden Wicker;culture;1
Alden Wicker;gear;8
Alden Wicker;the big story;2
Total Alden Wicker;;11
Alec Luhn;science;3
Total Alec Luhn;;3
Alec Matias;culture;8
Total Alec Matias;;8
Alec Ross;security;2
Alec Ross;the big story;1
Total Alec Ross;;3
Alejandra Caraballo;ideas;2
Total Alejandra Caraballo;;2
Alessandra Ram;business;1
Alessandra Ram;culture;5
Alessandra Ram;design;1
Alessandra Ram;gear;1
Alessandra Ram;opinion;1
Alessandra Ram;security;1
Total Alessandra Ram;;10
Alessio Perrone;science;2
Total Alessio Perrone;;2
Alex B Berezow;science;1
Total Alex B Berezow;;1
Alex Baca;science;1
Total Alex Baca;;1
Alex Baker-Whitcomb;business;16
Alex Baker-Whitcomb;culture;20
Alex Baker-Whitcomb;gear;31
Alex Baker-Whitcomb;science;62
Alex Baker-Whitcomb;security;27
Alex Baker-Whitcomb;transportation;20
Total Alex Baker-Whitcomb;;176
Alex Bateman;science;1
Total Alex Bateman;;1
Alex Beard;the big story;1
Total Alex Beard;;1
Alex Bellos;science;2
Total Alex Bellos;;2
Alex Bennett;security;2
Total Alex Bennett;;2
Alex Bornyakov;ideas;1
Total Alex Bornyakov;;1
Alex Calderwood;business;1
Total Alex Calderwood;;1
Alex Christian;business;16
Alex Christian;culture;7
Alex Christian;gear;2
Alex Christian;science;8
Alex Christian;security;1
Total Alex Christian;;34
Alex Cohen;security;2
Alex Cohen;(vide);2
Total Alex Cohen;;4
Alex Cranz;gear;2
Total Alex Cranz;;2
Alex Csiszar;ideas;1
Total Alex Csiszar;;1
Alex Davies;business;23
Alex Davies;culture;2
Alex Davies;design;2
Alex Davies;gear;331
Alex Davies;science;1
Alex Davies;the big story;2
Alex Davies;transportation;543
Total Alex Davies;;904
Alex Depledge;business;1
Total Alex Depledge;;1
Alex Diggins;science;1
Total Alex Diggins;;1
Alex Doak;business;2
Alex Doak;gear;10
Total Alex Doak;;12
Alex Eliseev;business;2
Total Alex Eliseev;;2
Alex Engler;ideas;1
Total Alex Engler;;1
Alex Frankel;business;1
Alex Frankel;(vide);2
Total Alex Frankel;;3
Alex French;culture;1
Alex French;the big story;1
Total Alex French;;2
Alex Gladstein;ideas;1
Total Alex Gladstein;;1
Alex Godfrey;business;6
Alex Godfrey;culture;13
Alex Godfrey;gear;1
Total Alex Godfrey;;20
Alex Goy;business;1
Alex Goy;gear;4
Total Alex Goy;;5
Alex Hanna;ideas;1
Total Alex Hanna;;1
Alex Heard;(vide);2
Total Alex Heard;;2
Alex Howard;the big story;1
Total Alex Howard;;1
Alex Huneeus;culture;12
Total Alex Huneeus;;12
Alex Kendall;business;1
Total Alex Kendall;;1
Alex Krasodomski-Jones;business;1
Alex Krasodomski-Jones;science;1
Total Alex Krasodomski-Jones;;2
Alex Lash;(vide);1
Total Alex Lash;;1
Alex Lee, WIRED UK;business;33
Alex Lee, WIRED UK;culture;18
Alex Lee, WIRED UK;gear;18
Alex Lee, WIRED UK;science;15
Alex Lee, WIRED UK;security;9
Alex Lee, WIRED UK;the big story;1
Total Alex Lee, WIRED UK;;94
Alex Markels;(vide);2
Total Alex Markels;;2
Alex Miller;culture;2
Total Alex Miller;;2
Alex Pentland;opinion;1
Total Alex Pentland;;1
Alex Quicho;ideas;1
Total Alex Quicho;;1
Alex Reis;science;1
Total Alex Reis;;1
Alex Rinke;business;1
Total Alex Rinke;;1
Alex Salkever;(vide);8
Total Alex Salkever;;8
Alex Saltman;(vide);5
Total Alex Saltman;;5
Alex Stephany;business;1
Total Alex Stephany;;1
Alex Teytelboym;ideas;1
Total Alex Teytelboym;;1
Alex Ulam;(vide);1
Total Alex Ulam;;1
Alex W. Palmer;security;1
Total Alex W. Palmer;;1
Alex Whiting;science;1
Total Alex Whiting;;1
Alex Wild;business;1
Total Alex Wild;;1
Alex Winter;ideas;1
Total Alex Winter;;1
Alexa C. Kurzius;science;1
Total Alexa C. Kurzius;;1
Alexa Clay;business;1
Total Alexa Clay;;1
Alexa Hagerty;ideas;1
Total Alexa Hagerty;;1
Alexa Kurzius;science;1
Total Alexa Kurzius;;1
Alexa O'Brien;security;2
Total Alexa O'Brien;;2
Alexander B. Howard;business;1
Total Alexander B. Howard;;1
Alexander C. Kaufman;science;2
Total Alexander C. Kaufman;;2
Alexander Gelfand;business;1
Alexander Gelfand;culture;2
Alexander Gelfand;gear;4
Alexander Gelfand;science;1
Total Alexander Gelfand;;8
Alexander George;business;5
Alexander George;culture;1
Alexander George;gear;184
Alexander George;transportation;2
Total Alexander George;;192
Alexander Hellemans;science;1
Total Alexander Hellemans;;1
Alexander Kumar;science;1
Total Alexander Kumar;;1
Alexander Lew;gear;55
Total Alexander Lew;;55
Alexander Rose;(vide);2
Total Alexander Rose;;2
Alexander Sammon;the big story;1
Total Alexander Sammon;;1
Alexander Torrenegra;opinion;1
Total Alexander Torrenegra;;1
Alexander Webb;culture;1
Alexander Webb;security;1
Total Alexander Webb;;2
Alexander Zaitchik;culture;2
Total Alexander Zaitchik;;2
Alexandra Chang;business;4
Alexandra Chang;culture;1
Alexandra Chang;design;1
Alexandra Chang;gear;180
Total Alexandra Chang;;186
Alexandra Daisy Ginsberg;business;1
Total Alexandra Daisy Ginsberg;;1
Alexandra Deschamps-Sonsino;business;1
Total Alexandra Deschamps-Sonsino;;1
Alexandra Donahue;(vide);2
Total Alexandra Donahue;;2
Alexandra Huneeus;culture;3
Total Alexandra Huneeus;;3
Alexandra Ossola;the big story;1
Total Alexandra Ossola;;1
Alexandra Simon-Lewis;business;50
Alexandra Simon-Lewis;culture;27
Alexandra Simon-Lewis;gear;3
Alexandra Simon-Lewis;science;45
Alexandra Simon-Lewis;security;4
Total Alexandra Simon-Lewis;;129
Alexandra Witze;science;1
Total Alexandra Witze;;1
Alexandra Witze, Science News;science;21
Total Alexandra Witze, Science News;;21
Alexandrea J. Ravenelle;the big story;1
Total Alexandrea J. Ravenelle;;1
Alexei Levene;culture;1
Total Alexei Levene;;1
Alexey Kovalev;culture;1
Alexey Kovalev;security;1
Total Alexey Kovalev;;2
Alexis Hancock;ideas;1
Total Alexis Hancock;;1
Alexis Madrigal;business;4
Alexis Madrigal;culture;5
Alexis Madrigal;gear;6
Alexis Madrigal;science;528
Alexis Madrigal;transportation;1
Alexis Madrigal;(vide);5
Total Alexis Madrigal;;549
Alexis Ohanian;business;2
Total Alexis Ohanian;;2
Alexis Ong;business;1
Alexis Ong;culture;1
Total Alexis Ong;;2
Alexis Papazoglou;business;1
Total Alexis Papazoglou;;1
Alexis Sobel Fitts;business;1
Alexis Sobel Fitts;culture;3
Alexis Sobel Fitts;the big story;17
Total Alexis Sobel Fitts;;21
Alexis Wichowski;ideas;1
Alexis Wichowski;security;1
Total Alexis Wichowski;;2
Ali Bongo Ondimba;opinion;1
Total Ali Bongo Ondimba;;1
Ali Bouzari;science;1
Total Ali Bouzari;;1
Ali Cherkis;photo;1
Ali Cherkis;politics;1
Total Ali Cherkis;;2
Ali M Latifi;business;1
Total Ali M Latifi;;1
Ali Winston;security;3
Total Ali Winston;;3
Alice Bentinck;business;1
Total Alice Bentinck;;1
Alice Dreger;opinion;1
Total Alice Dreger;;1
Alice Fisher;(vide);1
Total Alice Fisher;;1
Alice Gregory;business;1
Alice Gregory;culture;1
Alice Gregory;(vide);1
Total Alice Gregory;;3
Alice Joanou;(vide);1
Total Alice Joanou;;1
Alice Lascelles;gear;1
Total Alice Lascelles;;1
Alice Lighton;business;1
Total Alice Lighton;;1
Alice Marwick;opinion;2
Total Alice Marwick;;2
Alice Robb;the big story;1
Total Alice Robb;;1
Alice Roth;culture;1
Total Alice Roth;;1
Alice Su;security;3
Total Alice Su;;3
Alice Vincent;business;4
Alice Vincent;culture;20
Alice Vincent;photo;1
Alice Vincent;science;1
Total Alice Vincent;;26
Alicia Ault;(vide);3
Total Alicia Ault;;3
Aliette de Bodard;culture;1
Total Aliette de Bodard;;1
Alisa Valentin;ideas;1
Total Alisa Valentin;;1
Alisha Mughal;ideas;1
Total Alisha Mughal;;1
Alison Coil;science;1
Total Alison Coil;;1
Alison Cranage;science;1
Total Alison Cranage;;1
Alison Flood;culture;1
Total Alison Flood;;1
Alison Hallett;culture;5
Total Alison Hallett;;5
Alison Hawkes;(vide);1
Total Alison Hawkes;;1
Alison Schafer;culture;1
Alison Schafer;security;1
Total Alison Schafer;;2
Alison Strahan;culture;2
Alison Strahan;science;2
Total Alison Strahan;;4
Alison Willmore;(vide);5
Total Alison Willmore;;5
Alissa Quart;(vide);1
Total Alissa Quart;;1
Alissa Walker;design;4
Alissa Walker;gear;1
Total Alissa Walker;;5
Alisson Clark;(vide);57
Total Alisson Clark;;57
Alistair Charlton;business;13
Alistair Charlton;gear;11
Total Alistair Charlton;;24
Alistair Weaver;business;7
Alistair Weaver;gear;6
Alistair Weaver;science;1
Total Alistair Weaver;;14
Alix Berger;(vide);3
Total Alix Berger;;3
Alix Christie;business;1
Total Alix Christie;;1
Alizeh Kohari;the big story;1
Total Alizeh Kohari;;1
Allan Hoffman;security;1
Total Allan Hoffman;;1
Allan Liska;security;1
Total Allan Liska;;1
Allan Lundell;(vide);2
Total Allan Lundell;;2
Allen Frances;opinion;1
Total Allen Frances;;1
Allen McDuffee;business;3
Allen McDuffee;gear;1
Allen McDuffee;security;55
Allen McDuffee;(vide);1
Total Allen McDuffee;;60
Allen Whitman;culture;1
Allen Whitman;(vide);1
Total Allen Whitman;;2
Allie Fisher;gear;1
Total Allie Fisher;;1
Allie Funk;ideas;3
Total Allie Funk;;3
Allie Wilkinson;science;1
Total Allie Wilkinson;;1
Allison Arieff;design;1
Total Allison Arieff;;1
Allison Davis;(vide);3
Total Allison Davis;;3
Allison Fishman;business;1
Total Allison Fishman;;1
Allison P Davies;science;1
Total Allison P Davies;;1
Allison P. Davis;science;1
Allison P. Davis;(vide);6
Total Allison P. Davis;;7
Allison Parshall;science;1
Total Allison Parshall;;1
Allison Roeser;business;1
Allison Roeser;culture;2
Total Allison Roeser;;3
Allison Samuels;culture;1
Total Allison Samuels;;1
Allison Whitten;science;7
Total Allison Whitten;;7
Allucqué re Rosanne Stone;(vide);1
Total Allucqué re Rosanne Stone;;1
Allyce Andrew;culture;2
Total Allyce Andrew;;2
Allyson McCabe;culture;1
Total Allyson McCabe;;1
Allyssia Alleyne;business;4
Allyssia Alleyne;culture;5
Allyssia Alleyne;gear;1
Allyssia Alleyne;science;3
Total Allyssia Alleyne;;13
Aloe Blacc;culture;1
Total Aloe Blacc;;1
Alton Brown;science;1
Total Alton Brown;;1
Alvy Ray Smith;opinion;1
Total Alvy Ray Smith;;1
Aly Kassam-Remtulla;ideas;1
Total Aly Kassam-Remtulla;;1
Alyson Krueger;business;1
Total Alyson Krueger;;1
Alyssa Ages;gear;2
Total Alyssa Ages;;2
Alyssa Coppelman;culture;1
Alyssa Coppelman;design;4
Alyssa Coppelman;photo;9
Total Alyssa Coppelman;;14
Alyssa Katz;security;2
Total Alyssa Katz;;2
Alyssa Opzoomer;business;1
Total Alyssa Opzoomer;;1
Alyssa Rosenberg;culture;1
Total Alyssa Rosenberg;;1
Alyssa Walker;politics;1
Total Alyssa Walker;;1
Amanda Castleman;culture;1
Amanda Castleman;gear;1
Amanda Castleman;(vide);1
Total Amanda Castleman;;3
Amanda Chicago Lewis;business;1
Amanda Chicago Lewis;the big story;2
Total Amanda Chicago Lewis;;3
Amanda Florian;business;1
Total Amanda Florian;;1
Amanda Fortini;business;1
Amanda Fortini;design;1
Total Amanda Fortini;;2
Amanda Gefter;science;1
Total Amanda Gefter;;1
Amanda Griscom;culture;1
Amanda Griscom;(vide);3
Total Amanda Griscom;;4
Amanda Griscom Little;business;2
Amanda Griscom Little;gear;2
Total Amanda Griscom Little;;4
Amanda Hoover;business;34
Amanda Hoover;culture;13
Amanda Hoover;gear;3
Amanda Hoover;science;9
Amanda Hoover;security;4
Total Amanda Hoover;;63
Amanda Kolson Hurley;science;2
Total Amanda Kolson Hurley;;2
Amanda Little;the big story;1
Total Amanda Little;;1
Amanda Parrish Morgan;ideas;1
Total Amanda Parrish Morgan;;1
Amanda Rees;ideas;1
Total Amanda Rees;;1
Amanda Schaffer;science;1
Total Amanda Schaffer;;1
Amandeep Jawa;(vide);1
Total Amandeep Jawa;;1
Ambarish Mitra;opinion;1
Total Ambarish Mitra;;1
Ambassador Daniel A. Sepulveda;opinion;1
Total Ambassador Daniel A. Sepulveda;;1
Ambassador David O'Sullivan;business;1
Total Ambassador David O'Sullivan;;1
Amber Marks;security;1
Total Amber Marks;;1
Amber Williams;science;2
Total Amber Williams;;2
Ambrose Bierce;(vide);2
Total Ambrose Bierce;;2
Amelia Heathman;business;82
Amelia Heathman;culture;15
Amelia Heathman;gear;8
Amelia Heathman;science;65
Amelia Heathman;security;16
Total Amelia Heathman;;186
Amelia Rina;photo;1
Total Amelia Rina;;1
Amelia Tait;business;2
Amelia Tait;culture;46
Amelia Tait;science;3
Amelia Tait;the big story;2
Total Amelia Tait;;53
Amelia Urry;science;5
Total Amelia Urry;;5
Amie Stepanovich;opinion;2
Total Amie Stepanovich;;2
Amilia St. John;business;1
Total Amilia St. John;;1
Amine Ghoulidi;culture;1
Total Amine Ghoulidi;;1
Amir Mizroch;security;2
Total Amir Mizroch;;2
Amit Asaravala;business;12
Amit Asaravala;culture;8
Amit Asaravala;gear;4
Amit Asaravala;science;73
Amit Asaravala;security;6
Total Amit Asaravala;;103
Amit Katwala;business;38
Amit Katwala;culture;70
Amit Katwala;gear;11
Amit Katwala;ideas;2
Amit Katwala;movies;1
Amit Katwala;science;52
Amit Katwala;security;10
Amit Katwala;the big story;9
Amit Katwala;transportation;1
Total Amit Katwala;;194
Amitav Koul;(vide);2
Total Amitav Koul;;2
Amitha Kalaichandran;ideas;2
Amitha Kalaichandran;science;1
Total Amitha Kalaichandran;;3
AMO;(vide);1
Total AMO;;1
Amol Sarva;science;1
Total Amol Sarva;;1
Amos Barshad;culture;29
Total Amos Barshad;;29
Amos Meiri;business;1
Total Amos Meiri;;1
Amos Toh;ideas;2
Total Amos Toh;;2
Amos Zeeberg;science;1
Amos Zeeberg;the big story;1
Total Amos Zeeberg;;2
Amrit Chandan;ideas;1
Total Amrit Chandan;;1
Amy B. Zegart;ideas;1
Total Amy B. Zegart;;1
Amy Briscoe;culture;2
Total Amy Briscoe;;2
Amy Bruckman;culture;1
Amy Bruckman;(vide);19
Total Amy Bruckman;;20
Amy Cortese;(vide);1
Total Amy Cortese;;1
Amy Crawford;science;1
Total Amy Crawford;;1
Amy Davies;business;1
Amy Davies;gear;2
Total Amy Davies;;3
Amy Doan;(vide);1
Total Amy Doan;;1
Amy Francombe;gear;1
Total Amy Francombe;;1
Amy Gajda;ideas;3
Total Amy Gajda;;3
Amy Guthrie;the big story;1
Total Amy Guthrie;;1
Amy Hawkins;business;2
Amy Hawkins;ideas;3
Amy Hawkins;science;1
Total Amy Hawkins;;6
Amy Hembree;business;1
Amy Hembree;culture;3
Amy Hembree;science;5
Total Amy Hembree;;9
Amy Hoppy;(vide);4
Total Amy Hoppy;;4
Amy Howorth;(vide);2
Total Amy Howorth;;2
Amy Jo Kim;(vide);2
Total Amy Jo Kim;;2
Amy Johns;(vide);19
Total Amy Johns;;19
Amy Kraft;(vide);75
Total Amy Kraft;;75
Amy Martyn;business;1
Amy Martyn;the big story;
Total Amy Martyn;;1
Amy Maxmen;science;1
Total Amy Maxmen;;1
Amy Moran-Thomas;ideas;1
Total Amy Moran-Thomas;;1
Amy Paturel;gear;1
Amy Paturel;security;1
Total Amy Paturel;;2
Amy Teitel;business;1
Total Amy Teitel;;1
Amy Thompson;science;30
Total Amy Thompson;;30
Amy Virshup;culture;2
Amy Virshup;(vide);3
Total Amy Virshup;;5
Amy Wallace;business;1
Amy Wallace;science;3
Amy Wallace;the big story;2
Amy Wallace;(vide);6
Total Amy Wallace;;12
Amy Webb;business;1
Amy Webb;ideas;2
Amy Webb;opinion;2
Amy Webb;science;2
Total Amy Webb;;7
Amy Zimmerman;culture;2
Amy Zimmerman;(vide);1
Total Amy Zimmerman;;3
amyatwired;(vide);24
Total amyatwired;;24
an instruction that uses the result. The second instruction cannot be;(vide);1
Total an instruction that uses the result. The second instruction cannot be;;1
Ana Bedia;culture;1
Total Ana Bedia;;1
Ana Diaz;culture;1
Total Ana Diaz;;1
Ana Lily Amirpour;culture;1
Total Ana Lily Amirpour;;1
Ana Marie Cox;(vide);3
Total Ana Marie Cox;;3
Ana Montserrat;security;1
Total Ana Montserrat;;1
Anagha Srikanth;business;1
Total Anagha Srikanth;;1
Anamika Talwaria;science;1
Total Anamika Talwaria;;1
Anastacia Marx de Salcedo;science;1
Total Anastacia Marx de Salcedo;;1
Anders Bylund, Ars Technica;business;1
Total Anders Bylund, Ars Technica;;1
Anders Lund;(vide);2
Total Anders Lund;;2
Andrada Fiscutean;security;1
Total Andrada Fiscutean;;1
André LaPlume;(vide);6
Total André LaPlume;;6
Andrea Girolami;culture;1
Total Andrea Girolami;;1
Andrea Gunraj;ideas;1
Total Andrea Gunraj;;1
Andrea J. Arratibel;science;1
Total Andrea J. Arratibel;;1
Andrea Jenkins;(vide);2
Total Andrea Jenkins;;2
Andrea Kuszewski;gear;1
Total Andrea Kuszewski;;1
Andrea Powell;business;2
Andrea Powell;culture;1
Andrea Powell;gear;1
Total Andrea Powell;;4
Andrea Schwalm;(vide);39
Total Andrea Schwalm;;39
Andrea Valdez;business;4
Andrea Valdez;culture;32
Andrea Valdez;gear;4
Andrea Valdez;ideas;2
Andrea Valdez;science;2
Andrea Valdez;security;1
Andrea Valdez;transportation;1
Total Andrea Valdez;;46
Andreas von Bubnoff;science;1
Total Andreas von Bubnoff;;1
Andrei Soldatov;security;1
Total Andrei Soldatov;;1
Andrei Soldatov and Irina Borogan;security;1
Total Andrei Soldatov and Irina Borogan;;1
Andres Colubri;science;1
Total Andres Colubri;;1
Andrew Anker;(vide);5
Total Andrew Anker;;5
Andrew Auernheimer;opinion;1
Total Andrew Auernheimer;;1
Andrew Blum;business;2
Andrew Blum;culture;5
Andrew Blum;gear;2
Andrew Blum;(vide);2
Total Andrew Blum;;11
Andrew Brown;business;1
Total Andrew Brown;;1
Andrew C. Bulhak;(vide);1
Total Andrew C. Bulhak;;1
Andrew Chaikin;(vide);2
Total Andrew Chaikin;;2
Andrew Cockwell;science;1
Andrew Cockwell;(vide);1
Total Andrew Cockwell;;2
Andrew Couts;politics;1
Andrew Couts;security;18
Total Andrew Couts;;19
Andrew Cunningham;business;6
Total Andrew Cunningham;;6
Andrew Curry;business;3
Andrew Curry;culture;2
Andrew Curry;opinion;1
Andrew Curry;security;1
Total Andrew Curry;;7
Andrew D. Selbst;security;1
Total Andrew D. Selbst;;1
Andrew Davidson;business;1
Total Andrew Davidson;;1
Andrew Diprose;business;7
Andrew Diprose;culture;1
Andrew Diprose;gear;3
Total Andrew Diprose;;11
Andrew DuBrock;(vide);1
Total Andrew DuBrock;;1
Andrew Ervin;culture;1
Total Andrew Ervin;;1
Andrew Gelman;ideas;1
Andrew Gelman;opinion;1
Total Andrew Gelman;;2
Andrew Gilbert;business;1
Total Andrew Gilbert;;1
Andrew Gilden;ideas;1
Total Andrew Gilden;;1
Andrew Groen;business;1
Andrew Groen;culture;17
Total Andrew Groen;;18
Andrew Hankinson;business;4
Andrew Hankinson;security;1
Total Andrew Hankinson;;5
Andrew Heavens;culture;1
Andrew Heavens;science;2
Total Andrew Heavens;;3
Andrew Hoyle;culture;1
Andrew Hoyle;gear;1
Total Andrew Hoyle;;2
Andrew Hultkrans;(vide);1
Total Andrew Hultkrans;;1
Andrew Joscelyne;(vide);3
Total Andrew Joscelyne;;3
Andrew Keen;business;1
Total Andrew Keen;;1
Andrew Kerr Piper;(vide);2
Total Andrew Kerr Piper;;2
Andrew Kersley;business;9
Andrew Kersley;culture;8
Andrew Kersley;science;2
Andrew Kersley;security;1
Total Andrew Kersley;;20
Andrew King;science;1
Total Andrew King;;1
Andrew Klein;(vide);2
Total Andrew Klein;;2
Andrew L. Shapiro;security;2
Andrew L. Shapiro;(vide);1
Total Andrew L. Shapiro;;3
Andrew Leonard;culture;9
Andrew Leonard;ideas;1
Andrew Leonard;the big story;16
Andrew Leonard;(vide);20
Total Andrew Leonard;;46
Andrew Losowsky;business;1
Total Andrew Losowsky;;1
Andrew Lowry;gear;2
Andrew Lowry;science;1
Total Andrew Lowry;;3
Andrew MacBride;(vide);1
Total Andrew MacBride;;1
Andrew Marlatt;(vide);2
Total Andrew Marlatt;;2
Andrew McAfee;ideas;2
Andrew McAfee;science;1
Total Andrew McAfee;;3
Andrew McMillen;culture;1
Andrew McMillen;the big story;7
Total Andrew McMillen;;8
Andrew Meier;business;2
Andrew Meier;(vide);3
Total Andrew Meier;;5
Andrew Osterman;security;2
Total Andrew Osterman;;2
Andrew P. Han;science;1
Total Andrew P. Han;;1
Andrew Raskin;(vide);4
Total Andrew Raskin;;4
Andrew Revkin;science;1
Total Andrew Revkin;;1
Andrew Rice;business;5
Andrew Rice;culture;35
Andrew Rice;design;1
Andrew Rice;(vide);2
Total Andrew Rice;;43
Andrew Rose;opinion;1
Total Andrew Rose;;1
Andrew Rosenblum;gear;1
Total Andrew Rosenblum;;1
Andrew Rozmiarek;science;2
Andrew Rozmiarek;(vide);7
Total Andrew Rozmiarek;;9
Andrew Silver;business;1
Total Andrew Silver;;1
Andrew Smith;culture;1
Total Andrew Smith;;1
Andrew Sullivan;security;1
Andrew Sullivan;(vide);1
Total Andrew Sullivan;;2
Andrew Tarantola, Gizmodo.com;security;2
Total Andrew Tarantola, Gizmodo.com;;2
Andrew Tilin;(vide);11
Total Andrew Tilin;;11
Andrew Tilin Additional reporting by Joseph Portera;(vide);1
Total Andrew Tilin Additional reporting by Joseph Portera;;1
Andrew Warren;business;1
Total Andrew Warren;;1
Andrew Watman;gear;3
Total Andrew Watman;;3
Andrew Watts;the big story;6
Total Andrew Watts;;6
Andrew Webster;culture;2
Andrew Webster;security;1
Total Andrew Webster;;3
Andrew Weil;(vide);1
Total Andrew Weil;;1
Andrew Whitby;the big story;1
Total Andrew Whitby;;1
Andrew Williams;business;13
Andrew Williams;culture;2
Andrew Williams;gear;63
Andrew Williams;gear news and events;1
Andrew Williams;ideas;2
Total Andrew Williams;;81
Andrew Woodhouse;business;1
Total Andrew Woodhouse;;1
Andrew Zaleski;the big story;7
Total Andrew Zaleski;;7
Andrew Zolli;(vide);3
Total Andrew Zolli;;3
Andy Baio;business;3
Andy Baio;opinion;8
Total Andy Baio;;11
Andy Bodle;(vide);1
Total Andy Bodle;;1
Andy Cochrane;gear;1
Total Andy Cochrane;;1
Andy Coravos;science;1
Total Andy Coravos;;1
Andy Cush;culture;2
Andy Cush;opinion;4
Total Andy Cush;;6
Andy Eddy;(vide);2
Total Andy Eddy;;2
Andy Extance;science;1
Total Andy Extance;;1
Andy Greenberg;business;22
Andy Greenberg;culture;3
Andy Greenberg;cyberattacks and hacks;2
Andy Greenberg;gear;5
Andy Greenberg;opinion;1
Andy Greenberg;science;1
Andy Greenberg;security;829
Andy Greenberg;the big story;15
Andy Greenberg;(vide);1
Total Andy Greenberg;;879
Andy Haldane;business;1
Total Andy Haldane;;1
Andy Hamilton;business;1
Andy Hamilton;culture;2
Total Andy Hamilton;;3
Andy Hertzfeld;the big story;1
Total Andy Hertzfeld;;1
Andy Isaacson;business;1
Andy Isaacson;science;2
Total Andy Isaacson;;3
Andy Jones;business;
Andy Jones;science;1
Total Andy Jones;;1
Andy Kessler;(vide);2
Total Andy Kessler;;2
Andy Khouri;culture;1
Total Andy Khouri;;1
Andy Malt;culture;2
Total Andy Malt;;2
Andy McLoughlin;business;1
Total Andy McLoughlin;;1
Andy Mitten;culture;1
Total Andy Mitten;;1
Andy Morris;culture;2
Total Andy Morris;;2
Andy Pag;culture;1
Total Andy Pag;;1
Andy Patrizio;business;71
Andy Patrizio;culture;32
Andy Patrizio;gear;8
Andy Patrizio;science;94
Andy Patrizio;security;2
Total Andy Patrizio;;207
Andy Przybylski;business;1
Total Andy Przybylski;;1
Andy Richter;(vide);1
Total Andy Richter;;1
Andy Robertson;business;17
Andy Robertson;culture;29
Andy Robertson;gaming;6
Andy Robertson;gear;2
Andy Robertson;(vide);221
Total Andy Robertson;;275
Andy Rozmiarek;(vide);4
Total Andy Rozmiarek;;4
Andy Vandervell;business;10
Andy Vandervell;culture;21
Andy Vandervell;gear;7
Andy Vandervell;ideas;1
Total Andy Vandervell;;39
Andy Warhol;(vide);2
Total Andy Warhol;;2
Andy Warner;the big story;4
Total Andy Warner;;4
Aneesh Chopra;science;1
Total Aneesh Chopra;;1
Angel Gonzalez;business;2
Angel Gonzalez;culture;5
Angel Gonzalez;science;3
Total Angel Gonzalez;;10
Angela Benton;artificial intelligence;1
Total Angela Benton;;1
Angela Chen;business;2
Total Angela Chen;;2
Angela Duckworth;culture;1
Total Angela Duckworth;;1
Angela Frucci;gear;6
Total Angela Frucci;;6
Angela Leroux-Lindsey;culture;1
Total Angela Leroux-Lindsey;;1
Angela Saini;business;2
Total Angela Saini;;2
Angela Swafford;(vide);1
Total Angela Swafford;;1
Angela Watercutter;business;4
Angela Watercutter;culture;1939
Angela Watercutter;gear;1
Angela Watercutter;opinion;2
Angela Watercutter;science;2
Angela Watercutter;the big story;1
Angela Watercutter;tv;1
Angela Watercutter;(vide);10
Total Angela Watercutter;;1960
Angelica Frey;culture;1
Total Angelica Frey;;1
Angelica Mari;business;1
Total Angelica Mari;;1
Angie McCullagh;gear;1
Total Angie McCullagh;;1
Angry Staff Officer;security;7
Total Angry Staff Officer;;7
Angus Ayers;(vide);1
Total Angus Ayers;;1
Angus Hervey;the big story;1
Total Angus Hervey;;1
Anil Ananthaswamy;science;9
Total Anil Ananthaswamy;;9
Anil Dash;business;3
Anil Dash;opinion;1
Total Anil Dash;;4
Anil Seth;ideas;2
Total Anil Seth;;2
Anita Sarkeesian;culture;1
Total Anita Sarkeesian;;1
Anita Susan Brenner;(vide);1
Total Anita Susan Brenner;;1
Ankush Khardori;ideas;1
Total Ankush Khardori;;1
Ann Babe;the big story;1
Total Ann Babe;;1
Ann Chahroudi;ideas;1
Total Ann Chahroudi;;1
Ann Davis;(vide);1
Total Ann Davis;;1
Ann Gaffigan;culture;1
Total Ann Gaffigan;;1
Ann Givens, The Trace;science;1
Total Ann Givens, The Trace;;1
Ann Haeyoung;ideas;1
Total Ann Haeyoung;;1
Ann Harrison;science;2
Ann Harrison;security;1
Total Ann Harrison;;3
Ann Ravel;ideas;1
Total Ann Ravel;;1
Anna Alexander;(vide);2
Total Anna Alexander;;2
Anna Behrmann;culture;1
Total Anna Behrmann;;1
Anna Codrea-Rado;business;1
Anna Codrea-Rado;culture;1
Anna Codrea-Rado;science;1
Anna Codrea-Rado;the big story;1
Total Anna Codrea-Rado;;4
Anna Filipova;science;1
Total Anna Filipova;;1
Anna Furman;ideas;1
Total Anna Furman;;1
Anna Goldwater Alexander;business;1
Anna Goldwater Alexander;culture;2
Anna Goldwater Alexander;photo;6
Total Anna Goldwater Alexander;;9
Anna Jane Grossman;business;1
Total Anna Jane Grossman;;1
Anna Kramer;business;6
Total Anna Kramer;;6
Anna Lagos;science;5
Total Anna Lagos;;5
Anna Leach;business;1
Total Anna Leach;;1
Anna Marks;culture;1
Anna Marks;gear;4
Anna Marks;photo;1
Anna Marks;science;2
Total Anna Marks;;8
Anna McMillan;science;14
Total Anna McMillan;;14
Anna Merlan;culture;1
Anna Merlan;politics;1
Total Anna Merlan;;2
Anna Sansom;culture;1
Total Anna Sansom;;1
Anna Schughart;science;1
Total Anna Schughart;;1
Anna V. Smith;science;1
Total Anna V. Smith;;1
Anna Vignet;the big story;1
Total Anna Vignet;;1
Anna Vlasits;business;3
Anna Vlasits;culture;1
Anna Vlasits;design;2
Anna Vlasits;science;20
Total Anna Vlasits;;26
Anna Waldman-Brown;ideas;1
Total Anna Waldman-Brown;;1
Anna Wiener;business;2
Total Anna Wiener;;2
Annalee Newitz;culture;1
Annalee Newitz;science;1
Annalee Newitz;security;1
Annalee Newitz;(vide);123
Total Annalee Newitz;;126
Annalee Newitz io9;culture;26
Annalee Newitz io9;security;1
Total Annalee Newitz io9;;27
Annaliza Savage;culture;28
Annaliza Savage;design;2
Annaliza Savage;gear;2
Annaliza Savage;science;7
Annaliza Savage;(vide);7
Total Annaliza Savage;;46
Anne Fadiman;the big story;1
Total Anne Fadiman;;1
Anne Fulenwider;(vide);2
Total Anne Fulenwider;;2
Anne Galloway;(vide);1
Total Anne Galloway;;1
Anne Helen Petersen;ideas;1
Anne Helen Petersen;the big story;1
Total Anne Helen Petersen;;2
Anne Kreamer;opinion;1
Total Anne Kreamer;;1
Anne Loehr;the big story;1
Total Anne Loehr;;1
Anne McCarthy;culture;1
Total Anne McCarthy;;1
Anne Pierce;culture;2
Total Anne Pierce;;2
Anne Pouzargues;science;2
Total Anne Pouzargues;;2
Anne Speedie;business;1
Anne Speedie;culture;2
Anne Speedie;science;1
Anne Speedie;(vide);5
Total Anne Speedie;;9
Anne Thompson;(vide);1
Total Anne Thompson;;1
Anne Trubek;(vide);1
Total Anne Trubek;;1
Anne-Marie Slaughter;business;2
Anne-Marie Slaughter;culture;2
Total Anne-Marie Slaughter;;4
Annemarie Dooling;opinion;1
Total Annemarie Dooling;;1
Annia Ciezadlo;ideas;1
Total Annia Ciezadlo;;1
Annie Gilbertson;business;1
Total Annie Gilbertson;;1
Annie Murphy Paul;science;1
Total Annie Murphy Paul;;1
Annie Sneed;design;1
Annie Sneed;science;8
Annie Sneed;security;1
Total Annie Sneed;;10
Annie Tittiger;science;1
Total Annie Tittiger;;1
AnnMarie Thomas;opinion;1
Total AnnMarie Thomas;;1
Anonymous;business;1
Anonymous;culture;1
Anonymous;design;2
Anonymous;science;1
Anonymous;security;1
Total Anonymous;;6
Anouk Ruhaak;ideas;1
Total Anouk Ruhaak;;1
Antara Haldar;ideas;1
Total Antara Haldar;;1
Anthony B. Perkins;(vide);5
Total Anthony B. Perkins;;5
Anthony Brandt and David Eagleman;gear;1
Total Anthony Brandt and David Eagleman;;1
Anthony De Rosa;business;1
Total Anthony De Rosa;;1
Anthony L. Kimery;(vide);1
Total Anthony L. Kimery;;1
Anthony Lydgate;photo;1
Anthony Lydgate;science;3
Anthony Lydgate;the big story;1
Anthony Lydgate;transportation;1
Total Anthony Lydgate;;6
Anthony Nadler;business;1
Total Anthony Nadler;;1
Anthony Townsend;business;1
Total Anthony Townsend;;1
Anthony W. Lee;ideas;
Total Anthony W. Lee;;
Antoine Hubert;ideas;1
Total Antoine Hubert;;1
Antoinette LaFarge;(vide);1
Total Antoinette LaFarge;;1
Anton Olsen;(vide);136
Total Anton Olsen;;136
Anton Toutov;science;1
Total Anton Toutov;;1
Antonia Hitchens;culture;1
Total Antonia Hitchens;;1
Antonia Juhasz;the big story;1
Total Antonia Juhasz;;1
Antonio García Martínez;business;4
Antonio García Martínez;ideas;28
Antonio García Martínez;security;1
Antonio García Martínez;the big story;3
Total Antonio García Martínez;;36
Antonio Piemontese;business;1
Antonio Piemontese;environment;1
Antonio Piemontese;science;1
Total Antonio Piemontese;;3
Antonio Sánchez Cordero;science;1
Total Antonio Sánchez Cordero;;1
Anupam Chander;ideas;1
Total Anupam Chander;;1
Anuradha Kumar;business;1
Total Anuradha Kumar;;1
Anuradha Varanasi;science;1
Total Anuradha Varanasi;;1
Anya Kamenetz;business;1
Total Anya Kamenetz;;1
Anya L. Archer;culture;1
Total Anya L. Archer;;1
Aparna Kumar;business;22
Aparna Kumar;culture;3
Aparna Kumar;gear;1
Aparna Kumar;science;1
Aparna Kumar;security;4
Total Aparna Kumar;;31
April Glaser;business;6
April Glaser;culture;1
April Glaser;design;1
April Glaser;gear;47
April Glaser;opinion;1
April Glaser;photo;2
April Glaser;science;4
April Glaser;security;13
April Glaser;the big story;1
April Glaser;transportation;1
Total April Glaser;;77
April Reese;science;1
Total April Reese;;1
April Rinne;business;1
Total April Rinne;;1
Arabella Watters;opinion;1
Total Arabella Watters;;1
Aram Sinnreich;culture;1
Total Aram Sinnreich;;1
Arati Prabhakar;business;1
Total Arati Prabhakar;;1
Arbab Ali;business;1
Arbab Ali;science;1
Total Arbab Ali;;2
Ari Kaplan;(vide);1
Total Ari Kaplan;;1
Ari Wallach;culture;1
Total Ari Wallach;;1
Aria Pearson;science;1
Total Aria Pearson;;1
Arian Khameneh;security;1
Total Arian Khameneh;;1
Ariane Coffin;(vide);28
Total Ariane Coffin;;28
Arianna Huffington;business;1
Total Arianna Huffington;;1
Arianna Simpson;ideas;1
Total Arianna Simpson;;1
Ariel Bleicher;science;3
Total Ariel Bleicher;;3
Ariel Foxman;(vide);1
Total Ariel Foxman;;1
Ariel Henley;ideas;1
Total Ariel Henley;;1
Ariel Procaccia;opinion;1
Total Ariel Procaccia;;1
Ariel Ramchandani;science;2
Total Ariel Ramchandani;;2
Ariel Zambelich;culture;1
Ariel Zambelich;photo;4
Total Ariel Zambelich;;5
Arielle Pardes;business;92
Arielle Pardes;culture;43
Arielle Pardes;gear;162
Arielle Pardes;ideas;1
Arielle Pardes;science;2
Arielle Pardes;security;1
Arielle Pardes;the big story;1
Arielle Pardes;(vide);1
Total Arielle Pardes;;303
Arijit Sengupta;opinion;1
Total Arijit Sengupta;;1
Arik Hesseldahl;business;14
Arik Hesseldahl;culture;22
Arik Hesseldahl;security;34
Total Arik Hesseldahl;;70
Arikia Millikan;culture;3
Arikia Millikan;science;1
Arikia Millikan;security;2
Total Arikia Millikan;;6
Arjun Sethi;the big story;2
Total Arjun Sethi;;2
Arlene Blum;culture;1
Total Arlene Blum;;1
Arlene Judith Klotzko;(vide);1
Total Arlene Judith Klotzko;;1
Armando Cordoba;business;1
Total Armando Cordoba;;1
Arnelle Paterson;gear;1
Total Arnelle Paterson;;1
Arnie Cooper;(vide);2
Total Arnie Cooper;;2
Aron Garst;culture;10
Total Aron Garst;;10
Ars Technica;business;7
Ars Technica;culture;1
Ars Technica;gear;24
Ars Technica;science;59
Ars Technica;(vide);2
Total Ars Technica;;93
Art Brodsky;business;2
Art Brodsky;opinion;2
Art Brodsky;(vide);2
Total Art Brodsky;;6
Art Kleiner;(vide);2
Total Art Kleiner;;2
Arthur C. Clarke;(vide);3
Total Arthur C. Clarke;;3
Arthur Caplan;opinion;2
Total Arthur Caplan;;2
Arthur Chandler;(vide);1
Total Arthur Chandler;;1
Arthur Holland Michel;design;1
Arthur Holland Michel;security;1
Arthur Holland Michel;the big story;1
Total Arthur Holland Michel;;3
Arthur I Miller;culture;1
Total Arthur I Miller;;1
Arthur Kroeber;(vide);1
Total Arthur Kroeber;;1
Arthur Rizer;security;1
Total Arthur Rizer;;1
Arti Rai;opinion;1
Total Arti Rai;;1
Arun Mehta;(vide);1
Total Arun Mehta;;1
Arun Sundararajan;opinion;2
Total Arun Sundararajan;;2
Arvind Narayanan;business;1
Total Arvind Narayanan;;1
As editor in chief of;(vide);1
Total As editor in chief of;;1
Asami Novak;culture;15
Asami Novak;(vide);8
Total Asami Novak;;23
Ash Carter;business;1
Ash Carter;security;1
Total Ash Carter;;2
Asha Allen;ideas;2
Total Asha Allen;;2
Asha Dornfest;(vide);8
Total Asha Dornfest;;8
Asher Wolf;business;1
Total Asher Wolf;;1
Ashik Siddique;business;2
Ashik Siddique;culture;4
Ashik Siddique;gear;4
Total Ashik Siddique;;10
Ashik Siddque;gear;1
Total Ashik Siddque;;1
Ashkan Soltani;opinion;1
Total Ashkan Soltani;;1
Ashlea Halpern;culture;3
Total Ashlea Halpern;;3
Ashlee Vance;business;1
Total Ashlee Vance;;1
Ashley Belanger, Ars Technica;business;3
Ashley Belanger, Ars Technica;security;2
Total Ashley Belanger, Ars Technica;;5
Ashley Craddock;business;2
Ashley Craddock;culture;3
Ashley Craddock;science;1
Ashley Craddock;security;91
Ashley Craddock;(vide);3
Total Ashley Craddock;;100
Ashley Feinberg;business;5
Ashley Feinberg;culture;5
Ashley Feinberg;security;19
Total Ashley Feinberg;;29
Ashley Lauretta;gear;2
Total Ashley Lauretta;;2
Ashley Memory;gear;3
Total Ashley Memory;;3
Ashley Muldoon;business;1
Total Ashley Muldoon;;1
Ashley Nunes;opinion;1
Ashley Nunes;transportation;1
Total Ashley Nunes;;2
Ashley Shaffer;science;1
Total Ashley Shaffer;;1
Ashley Shew;ideas;1
Total Ashley Shew;;1
Ashley Smart;science;1
Total Ashley Smart;;1
Ashley Stimpson;science;3
Total Ashley Stimpson;;3
Ashley Ward;ideas;1
Total Ashley Ward;;1
Ashley Yeager;science;1
Total Ashley Yeager;;1
Ashutosh Sinha;business;3
Ashutosh Sinha;gear;1
Ashutosh Sinha;security;2
Ashutosh Sinha;(vide);2
Total Ashutosh Sinha;;8
Assaf Baciu;business;1
Total Assaf Baciu;;1
Associated Press;business;626
Associated Press;culture;476
Associated Press;gear;49
Associated Press;science;532
Associated Press;security;606
Associated Press;transportation;8
Total Associated Press;;2297
Astha Rajvanshi;business;1
Total Astha Rajvanshi;;1
Astrid Haas;business;1
Total Astrid Haas;;1
Astro Teller;the big story;2
Total Astro Teller;;2
Athene Donald;ideas;1
Total Athene Donald;;1
Aubrey Blanche;business;1
Total Aubrey Blanche;;1
Audrey Gray;science;1
Total Audrey Gray;;1
Audrey Tang;business;
Total Audrey Tang;;
August Cole;opinion;1
August Cole;the big story;1
Total August Cole;;2
Augustin Macellari;culture;1
Total Augustin Macellari;;1
Austin Bodetti;gear;1
Total Austin Bodetti;;1
Austin Bunn;business;33
Austin Bunn;culture;62
Austin Bunn;science;13
Austin Bunn;security;3
Austin Bunn;(vide);5
Total Austin Bunn;;116
Autopia Blog;gear;1
Total Autopia Blog;;1
Avery Ellis;culture;1
Total Avery Ellis;;1
Avinash Rugoobur;ideas;1
Total Avinash Rugoobur;;1
Aviv Ovadya;ideas;1
Total Aviv Ovadya;;1
Aviva Stahl;the big story;1
Total Aviva Stahl;;1
Ax Sharma;security;2
Total Ax Sharma;;2
Ax Sharma, Ars Technica;security;1
Total Ax Sharma, Ars Technica;;1
Ayana Elizabeth Johnson;science;
Total Ayana Elizabeth Johnson;;
Ayla Jean Yackley;business;4
Ayla Jean Yackley;culture;4
Ayla Jean Yackley;security;2
Total Ayla Jean Yackley;;10
Aymeric Rousseau, Argonne National Laboratory;gear;1
Total Aymeric Rousseau, Argonne National Laboratory;;1
Ayn Rand;(vide);2
Total Ayn Rand;;2
Aza Raskin;business;1
Aza Raskin;ideas;1
Total Aza Raskin;;2
Azby Brown;(vide);1
Total Azby Brown;;1
Azeem Azhar;ideas;1
Azeem Azhar;the big story;1
Total Azeem Azhar;;2
Azeen Ghorayshi;business;1
Azeen Ghorayshi;culture;4
Azeen Ghorayshi;science;2
Total Azeen Ghorayshi;;7
B Baisley;business;1
Total B Baisley;;1
B. A. Warner;(vide);1
Total B. A. Warner;;1
B.K. Jackson;science;1
Total B.K. Jackson;;1
Babu-Kurra;culture;1
Babu-Kurra;design;5
Babu-Kurra;security;2
Total Babu-Kurra;;8
Bahar Gholipour;science;1
Total Bahar Gholipour;;1
Balaji Srinivasan;business;1
Total Balaji Srinivasan;;1
Barath Raghavan;ideas;1
Total Barath Raghavan;;1
Barbara Grady;business;1
Total Barbara Grady;;1
Barbara Lee Williams;culture;6
Barbara Lee Williams;science;1
Total Barbara Lee Williams;;7
Barbara Stripling;opinion;1
Total Barbara Stripling;;1
Barbara van Schewick;the big story;1
Total Barbara van Schewick;;1
Barclay Bram;business;1
Barclay Bram;culture;4
Barclay Bram;science;1
Barclay Bram;the big story;1
Total Barclay Bram;;7
Bärí A. Williams;business;2
Total Bärí A. Williams;;2
Barry Diller;(vide);1
Total Barry Diller;;1
Barry Lynn;ideas;1
Total Barry Lynn;;1
Barry Schwartz;business;1
Total Barry Schwartz;;1
Barry Winfield;(vide);1
Total Barry Winfield;;1
Bart Leib;(vide);4
Total Bart Leib;;4
Barton Gellman;the big story;1
Total Barton Gellman;;1
Basem Wasef;culture;2
Basem Wasef;gear;13
Basem Wasef;transportation;2
Total Basem Wasef;;17
Basil Kronfli;gear;15
Total Basil Kronfli;;15
Beatriz Colomina;(vide);1
Total Beatriz Colomina;;1
Beau Lotto;science;1
Total Beau Lotto;;1
Becca Andrews;the big story;1
Total Becca Andrews;;1
Becca Caddy;business;15
Becca Caddy;culture;1
Becca Caddy;science;12
Total Becca Caddy;;28
Becky Bond;business;2
Total Becky Bond;;2
Becky Ferreira;gear;1
Becky Ferreira;science;4
Becky Ferreira;(vide);2
Total Becky Ferreira;;7
Beejoli Shah;the big story;1
Total Beejoli Shah;;1
Belinda Lanks;design;5
Total Belinda Lanks;;5
Belinda Lanks and Liz Stinson;design;1
Total Belinda Lanks and Liz Stinson;;1
Belinda Parmar;business;1
Total Belinda Parmar;;1
Bella Lack;ideas;1
Total Bella Lack;;1
Ben Adler;science;2
Total Ben Adler;;2
Ben Ambridge;business;1
Total Ben Ambridge;;1
Ben Beaumont-Thomas;business;6
Ben Beaumont-Thomas;culture;4
Ben Beaumont-Thomas;gear;14
Ben Beaumont-Thomas;science;1
Total Ben Beaumont-Thomas;;25
Ben Berry;opinion;1
Total Ben Berry;;1
Ben Bours;culture;1
Total Ben Bours;;1
Ben Bradford;security;1
Total Ben Bradford;;1
Ben Brubaker;science;6
Total Ben Brubaker;;6
Ben Bryant;science;1
Total Ben Bryant;;1
Ben Buchanan;the big story;1
Total Ben Buchanan;;1
Ben Calica;(vide);3
Total Ben Calica;;3
Ben Cardew;culture;1
Total Ben Cardew;;1
Ben Collins;transportation;1
Total Ben Collins;;1
Ben Davis;opinion;1
Total Ben Davis;;1
Ben Dreyfuss;opinion;1
Total Ben Dreyfuss;;1
Ben Egliston;ideas;1
Total Ben Egliston;;1
Ben Fountain;culture;1
Total Ben Fountain;;1
Ben Fritz;culture;1
Total Ben Fritz;;1
Ben Gartside;business;1
Ben Gartside;security;1
Total Ben Gartside;;2
Ben Goldacre;science;1
Total Ben Goldacre;;1
Ben Goldfarb;science;2
Total Ben Goldfarb;;2
Ben Greenman;culture;2
Total Ben Greenman;;2
Ben Hammersley;business;5
Ben Hammersley;culture;3
Ben Hammersley;gear;1
Ben Hammersley;science;1
Ben Hammersley;the big story;1
Total Ben Hammersley;;11
Ben Hersh;the big story;1
Total Ben Hersh;;1
Ben Hewitt;(vide);1
Total Ben Hewitt;;1
Ben Horowitz;opinion;1
Total Ben Horowitz;;1
Ben Huh;opinion;1
Ben Huh;the big story;1
Total Ben Huh;;2
Ben James;science;1
Total Ben James;;1
Ben Kepes;business;1
Total Ben Kepes;;1
Ben Kuchera;culture;16
Total Ben Kuchera;;16
Ben Lamm;science;1
Total Ben Lamm;;1
Ben Lasman;culture;1
Total Ben Lasman;;1
Ben Lee;opinion;1
Total Ben Lee;;1
Ben Mack;gear;78
Total Ben Mack;;78
Ben Mezrich;(vide);2
Total Ben Mezrich;;2
Ben Montoya;culture;1
Total Ben Montoya;;1
Ben Nevile;(vide);1
Total Ben Nevile;;1
Ben Olins;(vide);1
Total Ben Olins;;1
Ben Oliver;business;1
Total Ben Oliver;;1
Ben Parr;business;1
Total Ben Parr;;1
Ben Paynter;culture;6
Ben Paynter;design;2
Ben Paynter;science;5
Ben Paynter;(vide);4
Total Ben Paynter;;17
Ben Polen;security;7
Total Ben Polen;;7
Ben Purvis;gear;1
Total Ben Purvis;;1
Ben Schnayerson;(vide);5
Total Ben Schnayerson;;5
Ben Schott;design;2
Total Ben Schott;;2
Ben Simpfendorfer;business;1
Total Ben Simpfendorfer;;1
Ben Sullivan;business;4
Ben Sullivan;culture;1
Ben Sullivan;security;2
Total Ben Sullivan;;7
Ben Venzke;(vide);1
Total Ben Venzke;;1
Ben Weiss;business;1
Total Ben Weiss;;1
Ben Williams;(vide);1
Total Ben Williams;;1
Ben Woods;business;35
Ben Woods;culture;2
Ben Woods;gear;2
Ben Woods;science;6
Ben Woods;security;4
Total Ben Woods;;49
Ben Zimmer;ideas;1
Ben Zimmer;opinion;1
Total Ben Zimmer;;2
Benedict Macon-Cooney;business;1
Benedict Macon-Cooney;ideas;1
Total Benedict Macon-Cooney;;2
Benj Edwards, Ars Technica;business;3
Benj Edwards, Ars Technica;culture;1
Benj Edwards, Ars Technica;gear;3
Total Benj Edwards, Ars Technica;;7
Benjamin Charles Germain Lee;ideas;1
Total Benjamin Charles Germain Lee;;1
Benjamin Chirlin;business;1
Total Benjamin Chirlin;;1
Benjamin Jones;culture;1
Benjamin Jones;gear;1
Total Benjamin Jones;;2
Benjamin K. Bergen;science;1
Total Benjamin K. Bergen;;1
Benjamin Mazer;ideas;3
Total Benjamin Mazer;;3
Benjamin Plackett;culture;2
Benjamin Plackett;security;5
Total Benjamin Plackett;;7
Benjamin R. Cohen;ideas;1
Total Benjamin R. Cohen;;1
Benjamin Sanderson;opinion;1
Total Benjamin Sanderson;;1
Benjamin Skuse;science;3
Total Benjamin Skuse;;3
Benjamin Snyder;the big story;2
Total Benjamin Snyder;;2
Benjamin Solomon;culture;1
Benjamin Solomon;gear;1
Total Benjamin Solomon;;2
Benjamin Wallace;business;2
Benjamin Wallace;(vide);1
Total Benjamin Wallace;;3
Benjamin Wofford;business;1
Benjamin Wofford;ideas;1
Benjamin Wofford;the big story;3
Total Benjamin Wofford;;5
Bennett Cyphers;security;1
Total Bennett Cyphers;;1
Bennett Z. Kobb;science;2
Bennett Z. Kobb;security;1
Total Bennett Z. Kobb;;3
Benny Har-Even;gear;1
Total Benny Har-Even;;1
Benoît Morenne;the big story;1
Total Benoît Morenne;;1
Bérénice Magistretti;business;6
Bérénice Magistretti;gear;1
Bérénice Magistretti;science;1
Total Bérénice Magistretti;;8
Berin Szóka;business;1
Berin Szóka;opinion;1
Total Berin Szóka;;2
Bernard J. Hibbitts;(vide);1
Total Bernard J. Hibbitts;;1
Bernhard Warner;the big story;1
Total Bernhard Warner;;1
Bernice Lee;business;2
Bernice Lee;ideas;1
Total Bernice Lee;;3
Bernie Krisher;(vide);1
Total Bernie Krisher;;1
Bertan Budak;business;1
Total Bertan Budak;;1
Bertolt Meyer;business;1
Total Bertolt Meyer;;1
Bess Kalb;(vide);3
Total Bess Kalb;;3
Beth Buelow;business;1
Total Beth Buelow;;1
Beth Carter;business;19
Beth Carter;culture;47
Beth Carter;design;1
Beth Carter;gear;2
Total Beth Carter;;69
Beth Gardiner;ideas;1
Beth Gardiner;science;2
Total Beth Gardiner;;3
Beth Holzer;culture;1
Beth Holzer;photo;5
Total Beth Holzer;;6
Beth Johnson;(vide);4
Total Beth Johnson;;4
Beth Mole, Ars Technica;business;2
Beth Mole, Ars Technica;science;13
Total Beth Mole, Ars Technica;;15
Beth Pinsker;(vide);5
Total Beth Pinsker;;5
Beth Seidenberg;opinion;1
Total Beth Seidenberg;;1
Beth Simone Noveck;ideas;2
Total Beth Simone Noveck;;2
Beth Skwarecki;science;2
Total Beth Skwarecki;;2
Beth Winegarner;culture;1
Total Beth Winegarner;;1
Bethany Fong;culture;1
Total Bethany Fong;;1
Betsy Bevilacqua;business;1
Total Betsy Bevilacqua;;1
Betsy Brazy;(vide);3
Total Betsy Brazy;;3
Betsy Joles;science;1
Total Betsy Joles;;1
Betsy Mason;business;1
Betsy Mason;culture;7
Betsy Mason;design;1
Betsy Mason;gear;8
Betsy Mason;photo;4
Betsy Mason;science;235
Betsy Mason;(vide);3
Total Betsy Mason;;259
Betsy Morris;business;1
Total Betsy Morris;;1
Betsy Schiffman;business;305
Total Betsy Schiffman;;305
Bettina Korek;culture;1
Total Bettina Korek;;1
Beverly Hanly;business;1
Beverly Hanly;culture;16
Beverly Hanly;(vide);2
Total Beverly Hanly;;19
Beyza Unal;business;1
Beyza Unal;science;1
Total Beyza Unal;;2
Bhaskar Chakravorti;ideas;2
Total Bhaskar Chakravorti;;2
Bianca;security;1
Total Bianca;;1
Bianca Bosker;the big story;3
Total Bianca Bosker;;3
Bianca Nogrady;science;7
Bianca Nogrady;the big story;2
Total Bianca Nogrady;;9
Biff Wellington;business;2
Total Biff Wellington;;2
Bijal P. Trivedi;(vide);1
Total Bijal P. Trivedi;;1
Bill Ardolino;security;1
Total Bill Ardolino;;1
Bill Brazell;science;1
Bill Brazell;(vide);3
Total Bill Brazell;;4
Bill Day;(vide);4
Total Bill Day;;4
Bill de Blasio;national affairs;1
Total Bill de Blasio;;1
Bill Desowitz;(vide);2
Total Bill Desowitz;;2
Bill Donahue;science;1
Total Bill Donahue;;1
Bill Eldridge bill@cognet.ucla.edu;(vide);1
Total Bill Eldridge bill@cognet.ucla.edu;;1
Bill Gates;business;2
Bill Gates;culture;1
Bill Gates;science;2
Total Bill Gates;;5
Bill Gifford;(vide);1
Total Bill Gifford;;1
Bill Gourgey;business;1
Total Bill Gourgey;;1
Bill Greenwalt;opinion;1
Total Bill Greenwalt;;1
Bill Gross;ideas;1
Total Bill Gross;;1
Bill Joy;the big story;1
Total Bill Joy;;1
Bill Lamb;culture;1
Total Bill Lamb;;1
Bill Lessard;culture;1
Total Bill Lessard;;1
Bill McGuire;gear;1
Bill McGuire;ideas;1
Total Bill McGuire;;2
Bill McKibben;science;1
Total Bill McKibben;;1
Bill Morris;science;
Total Bill Morris;;
Bill Nye;science;1
Total Bill Nye;;1
Bill Wasik;business;1
Bill Wasik;design;2
Bill Wasik;gear;2
Bill Wasik;opinion;1
Bill Wasik;(vide);1
Total Bill Wasik;;7
Bill Werde;(vide);2
Total Bill Werde;;2
Bill Winett;science;2
Total Bill Winett;;2
BillWasik;culture;2
BillWasik;gear;1
BillWasik;security;6
Total BillWasik;;9
Billy Brown;culture;1
Billy Brown;gear;17
Total Billy Brown;;18
Billy Gallagher;business;1
Total Billy Gallagher;;1
billysorrentino;design;1
Total billysorrentino;;1
Biz Carson;business;3
Biz Carson;culture;1
Biz Carson;design;4
Biz Carson;gear;3
Biz Carson;photo;1
Biz Carson;science;6
Total Biz Carson;;18
Biz Stone;(vide);1
Total Biz Stone;;1
Bjorn Lomborg;business;1
Total Bjorn Lomborg;;1
bkavulla;culture;4
Total bkavulla;;4
Blair Campbell;culture;1
Total Blair Campbell;;1
Blair Greimann;science;1
Total Blair Greimann;;1
Blair Levin;opinion;1
Total Blair Levin;;1
Blaise Zerega;(vide);1
Total Blaise Zerega;;1
Blake Branwyn Maloof;(vide);2
Total Blake Branwyn Maloof;;2
Blake Snow;culture;1
Blake Snow;gear;1
Total Blake Snow;;2
Blanca Begert;science;1
Total Blanca Begert;;1
Blanca Myers;business;3
Blanca Myers;culture;4
Blanca Myers;design;1
Blanca Myers;gear;1
Blanca Myers;science;5
Total Blanca Myers;;14
Bo Moore;culture;105
Bo Moore;science;1
Total Bo Moore;;106
Boaz Sobrado;ideas;1
Total Boaz Sobrado;;1
Bob Berman;science;1
Total Bob Berman;;1
Bob Berwyn;science;1
Total Bob Berwyn;;1
Bob Boyle;(vide);52
Total Bob Boyle;;52
Bob Gourley;(vide);1
Total Bob Gourley;;1
Bob Henderson;science;1
Total Bob Henderson;;1
Bob Johnstone;(vide);14
Total Bob Johnstone;;14
Bob Kelly;(vide);1
Total Bob Kelly;;1
Bob Metcalfe;(vide);2
Total Bob Metcalfe;;2
Bob Parks;business;22
Bob Parks;culture;4
Bob Parks;gear;7
Bob Parks;science;3
Bob Parks;security;1
Bob Parks;(vide);67
Total Bob Parks;;104
Bob Rice;business;2
Total Bob Rice;;2
Bob Rossney;(vide);4
Total Bob Rossney;;4
Bob Sorokanich;gear;1
Total Bob Sorokanich;;1
Bob Spinrad;(vide);1
Total Bob Spinrad;;1
Bob Sutton;opinion;1
Total Bob Sutton;;1
Bob Tedeschi;business;2
Total Bob Tedeschi;;2
Bob Wachter;the big story;6
Total Bob Wachter;;6
Bobbi Nodell;security;1
Total Bobbi Nodell;;1
Bobbie Johnson;business;1
Total Bobbie Johnson;;1
Bonnie Christian;business;49
Bonnie Christian;culture;24
Bonnie Christian;gear;7
Bonnie Christian;ideas;1
Bonnie Christian;science;18
Bonnie Christian;security;1
Total Bonnie Christian;;100
Bonnie J. Burton;culture;1
Bonnie J. Burton;(vide);2
Total Bonnie J. Burton;;3
Bonnie Ruberg;culture;1
Total Bonnie Ruberg;;1
Bonnie Schwartz;(vide);1
Total Bonnie Schwartz;;1
Bonnie Tsui;design;1
Bonnie Tsui;(vide);1
Total Bonnie Tsui;;2
Boone Ashworth;business;3
Boone Ashworth;culture;6
Boone Ashworth;gear;157
Boone Ashworth;gear news and events;1
Boone Ashworth;science;2
Boone Ashworth;the big story;1
Boone Ashworth;trends;1
Total Boone Ashworth;;171
Boonsri Dickinson;(vide);1
Total Boonsri Dickinson;;1
Borja García de Soto;science;1
Total Borja García de Soto;;1
Boutayna Chokrane;gear;125
Boutayna Chokrane;how to and advice;1
Total Boutayna Chokrane;;126
Boyce Upholt;science;2
Total Boyce Upholt;;2
Brad Bourque;gear;2
Total Brad Bourque;;2
Brad Brighton;gear;1
Total Brad Brighton;;1
Brad Cox;(vide);1
Total Brad Cox;;1
Brad Gallaway;culture;3
Total Brad Gallaway;;3
Brad King;business;57
Brad King;culture;132
Brad King;gear;103
Brad King;science;16
Brad King;security;25
Brad King;(vide);19
Total Brad King;;352
Brad King Farhad Manjoo;gear;1
Total Brad King Farhad Manjoo;;1
Brad Mangin;photo;1
Total Brad Mangin;;1
Brad Moon;culture;1
Brad Moon;(vide);152
Total Brad Moon;;153
Brad Smith;business;1
Brad Smith;(vide);1
Total Brad Smith;;2
Brad Stenger;culture;2
Total Brad Stenger;;2
Brad Stone;the big story;2
Brad Stone;(vide);5
Total Brad Stone;;7
Brad Stulberg;business;1
Total Brad Stulberg;;1
Brad Wetzler;business;1
Total Brad Wetzler;;1
Brad Wieners;business;4
Brad Wieners;culture;4
Brad Wieners;science;2
Brad Wieners;(vide);72
Total Brad Wieners;;82
Braden Kowitz;opinion;1
Total Braden Kowitz;;1
Bradford DeLong;(vide);2
Total Bradford DeLong;;2
Bradley Hope;the big story;1
Total Bradley Hope;;1
Bradley Hughes;gear;1
Total Bradley Hughes;;1
Bradley Johnson;(vide);1
Total Bradley Johnson;;1
Brahna Yassky;culture;1
Total Brahna Yassky;;1
Brandi Collins-Dexter;culture;1
Total Brandi Collins-Dexter;;1
Brandi Geurkink;ideas;1
Total Brandi Geurkink;;1
Brandi Schlossberg;(vide);1
Total Brandi Schlossberg;;1
Brandie M. Nonnecke;security;1
Total Brandie M. Nonnecke;;1
Brandon Keim;business;1
Brandon Keim;culture;2
Brandon Keim;gear;1
Brandon Keim;science;1282
Brandon Keim;the big story;1
Brandon Keim;(vide);22
Total Brandon Keim;;1309
Brandon R. Reynolds;culture;1
Total Brandon R. Reynolds;;1
Brandy Schillace;ideas;3
Total Brandy Schillace;;3
Brangien Davis;culture;1
Brangien Davis;(vide);1
Total Brangien Davis;;2
Brantley Hargrove;science;1
Total Brantley Hargrove;;1
Brenda Danet;(vide);1
Total Brenda Danet;;1
Brenda Stolyar;gear;65
Brenda Stolyar;gear news and events;1
Total Brenda Stolyar;;66
Brendan Borrell;ideas;1
Total Brendan Borrell;;1
Brendan Cole;science;26
Total Brendan Cole;;26
Brendan Gramer;security;1
Total Brendan Gramer;;1
Brendan I Koerner;business;2
Brendan I Koerner;security;1
Brendan I Koerner;the big story;1
Total Brendan I Koerner;;4
Brendan I. Koerner;business;13
Brendan I. Koerner;culture;10
Brendan I. Koerner;gear;4
Brendan I. Koerner;opinion;4
Brendan I. Koerner;photo;1
Brendan I. Koerner;science;6
Brendan I. Koerner;security;7
Brendan I. Koerner;the big story;16
Brendan I. Koerner;transportation;1
Brendan I. Koerner;(vide);49
Total Brendan I. Koerner;;111
Brendan Klinkenberg;culture;6
Brendan Klinkenberg;science;1
Total Brendan Klinkenberg;;7
Brendan McNally;security;1
Total Brendan McNally;;1
Brendan Nystedt;culture;4
Brendan Nystedt;gear;34
Total Brendan Nystedt;;38
Brendan Ross;gear;13
Total Brendan Ross;;13
Brendan Seibel;culture;3
Brendan Seibel;gear;1
Brendan Seibel;photo;19
Total Brendan Seibel;;23
Brendan Spiegel;business;2
Total Brendan Spiegel;;2
Brendan Z. Foster;science;1
Total Brendan Z. Foster;;1
Brendon Walsh;(vide);1
Total Brendon Walsh;;1
Brent Butterworth;(vide);2
Total Brent Butterworth;;2
Brent Hurtig;(vide);1
Total Brent Hurtig;;1
Brent Lewis;ideas;1
Total Brent Lewis;;1
Brent Richards;(vide);2
Total Brent Richards;;2
Brent Rose;business;2
Brent Rose;culture;2
Brent Rose;gear;20
Brent Rose;opinion;1
Brent Rose;science;4
Total Brent Rose;;29
Brent Skorup;opinion;1
Brent Skorup;the big story;1
Total Brent Skorup;;2
Brent Van Arsdell;(vide);1
Total Brent Van Arsdell;;1
Brent Ziarnick;opinion;1
Total Brent Ziarnick;;1
Brentin Mock;science;1
Total Brentin Mock;;1
Bret Hedican;culture;2
Total Bret Hedican;;2
Bret Johnson;(vide);1
Total Bret Johnson;;1
Bret Stetka;business;1
Bret Stetka;gear;1
Bret Stetka;science;1
Total Bret Stetka;;3
Brett Allan King;culture;1
Brett Allan King;(vide);1
Total Brett Allan King;;2
Brett Berk;ideas;1
Brett Berk;transportation;11
Total Brett Berk;;12
Brett Forrest;(vide);2
Total Brett Forrest;;2
Brett King;business;1
Total Brett King;;1
Brett M Frischmann;business;1
Total Brett M Frischmann;;1
Brett Scott;security;1
Total Brett Scott;;1
Brett Solomon;business;1
Brett Solomon;opinion;1
Total Brett Solomon;;2
Brett T. Robinson;opinion;2
Total Brett T. Robinson;;2
Brett Velicovich;transportation;1
Total Brett Velicovich;;1
Brian Alcorn;business;16
Brian Alcorn;culture;2
Brian Alcorn;science;2
Total Brian Alcorn;;20
Brian Aldiss;(vide);1
Total Brian Aldiss;;1
Brian Alexander;culture;2
Brian Alexander;science;2
Brian Alexander;security;1
Brian Alexander;(vide);11
Total Brian Alexander;;16
Brian Ashcraft;business;1
Brian Ashcraft;culture;3
Brian Ashcraft;gear;1
Brian Ashcraft;(vide);8
Total Brian Ashcraft;;13
Brian Barrett;business;56
Brian Barrett;culture;77
Brian Barrett;design;5
Brian Barrett;gear;394
Brian Barrett;opinion;1
Brian Barrett;politics;
Brian Barrett;science;6
Brian Barrett;security;416
Total Brian Barrett;;955
Brian C. Wilson;gear;1
Total Brian C. Wilson;;1
Brian Castner;security;2
Total Brian Castner;;2
Brian Caulfield;security;1
Brian Caulfield;(vide);2
Total Brian Caulfield;;3
Brian Chen;gear;1
Total Brian Chen;;1
Brian Christian;business;2
Brian Christian;(vide);1
Total Brian Christian;;3
Brian Doctrow;science;1
Total Brian Doctrow;;1
Brian Elliott;business;1
Total Brian Elliott;;1
Brian Eno;culture;2
Brian Eno;(vide);1
Total Brian Eno;;3
Brian Fitzgerald;gear;1
Total Brian Fitzgerald;;1
Brian Fitzpatrick;the big story;1
Total Brian Fitzpatrick;;1
Brian Forde;culture;1
Total Brian Forde;;1
Brian Friedberg;ideas;1
Total Brian Friedberg;;1
Brian Guido;culture;1
Total Brian Guido;;1
Brian Hayes;(vide);1
Total Brian Hayes;;1
Brian Heater;culture;1
Total Brian Heater;;1
Brian Hochman;ideas;1
Total Brian Hochman;;1
Brian Howey;the big story;1
Total Brian Howey;;1
Brian J. Love;opinion;1
Total Brian J. Love;;1
Brian Kateman;ideas;2
Total Brian Kateman;;2
Brian Keating;science;1
Total Brian Keating;;1
Brian Klaas;ideas;1
Total Brian Klaas;;1
Brian Krebs;security;2
Total Brian Krebs;;2
Brian Lam;gear;2
Brian Lam;science;1
Brian Lam;(vide);10
Total Brian Lam;;13
Brian Little;(vide);28
Total Brian Little;;28
Brian Lufkin;culture;1
Total Brian Lufkin;;1
Brian McBride;business;2
Total Brian McBride;;2
Brian McLaughlin;(vide);42
Total Brian McLaughlin;;42
Brian McWilliams;business;19
Brian McWilliams;culture;5
Brian McWilliams;gear;1
Brian McWilliams;science;14
Brian McWilliams;security;14
Total Brian McWilliams;;53
Brian Merchant;business;1
Brian Merchant;culture;1
Brian Merchant;gear;1
Brian Merchant;security;1
Total Brian Merchant;;4
Brian Millar;design;1
Total Brian Millar;;1
Brian Mossop;culture;1
Brian Mossop;science;2
Total Brian Mossop;;3
Brian Patrick Eha;business;1
Total Brian Patrick Eha;;1
Brian Raftery;business;1
Brian Raftery;culture;302
Brian Raftery;the big story;2
Brian Raftery;(vide);10
Total Brian Raftery;;315
Brian Romans;science;448
Total Brian Romans;;448
Brian Silveira;gear;1
Total Brian Silveira;;1
Brian Switek;science;739
Total Brian Switek;;739
Brian Usher;gear;1
Total Brian Usher;;1
Brian Varner;security;1
Total Brian Varner;;1
Brian Weeden;business;1
Brian Weeden;security;1
Total Brian Weeden;;2
Brian X Chen;business;33
Brian X Chen;culture;5
Brian X Chen;gear;937
Brian X Chen;science;1
Brian X Chen;security;2
Brian X Chen;(vide);6
Total Brian X Chen;;984
brian-mossop;culture;13
brian-mossop;science;2
Total brian-mossop;;15
Briana Flin;culture;2
Briana Flin;science;1
Total Briana Flin;;3
Brianna Randall;science;1
Total Brianna Randall;;1
Brianna Snyder;gear;1
Brianna Snyder;opinion;1
Total Brianna Snyder;;2
Bridget Roswell;business;1
Total Bridget Roswell;;1
Brigid Ashwood;culture;1
Brigid Ashwood;(vide);74
Total Brigid Ashwood;;75
Brita;(vide);11
Total Brita;;11
Britt H. Young;ideas;2
Total Britt H. Young;;2
Britt Wray;ideas;1
Total Britt Wray;;1
Brittan Heller;business;1
Total Brittan Heller;;1
Brittany Moya del Pino;the big story;1
Total Brittany Moya del Pino;;1
Brittany Vincent;culture;3
Total Brittany Vincent;;3
Brock Davis;culture;1
Total Brock Davis;;1
brock meeks;(vide);2
Total brock meeks;;2
Brock N. Meeks;opinion;1
Brock N. Meeks;(vide);8
Total Brock N. Meeks;;9
Bronwyn Fryer;(vide);1
Total Bronwyn Fryer;;1
Brook Wilkinson;culture;1
Total Brook Wilkinson;;1
Brooke Jarvis;science;1
Brooke Jarvis;the big story;3
Total Brooke Jarvis;;4
Brooke Knisley;business;
Total Brooke Knisley;;
Brooke Shelby Biggs;business;12
Brooke Shelby Biggs;culture;5
Brooke Shelby Biggs;security;2
Total Brooke Shelby Biggs;;19
Brooks Peck;(vide);2
Total Brooks Peck;;2
Bruce Berkowitz;(vide);1
Total Bruce Berkowitz;;1
Bruce Bower, Science News;science;25
Total Bruce Bower, Science News;;25
Bruce Buschel;the big story;1
Total Bruce Buschel;;1
Bruce Daisley;business;2
Bruce Daisley;ideas;1
Total Bruce Daisley;;3
Bruce Friedrich;opinion;1
Total Bruce Friedrich;;1
Bruce Gain;business;2
Bruce Gain;culture;9
Bruce Gain;gear;59
Bruce Gain;science;3
Bruce Gain;security;1
Bruce Gain;transportation;3
Total Bruce Gain;;77
Bruce Kogut;opinion;1
Total Bruce Kogut;;1
Bruce Levine;science;1
Total Bruce Levine;;1
Bruce Nussbaum;opinion;1
Total Bruce Nussbaum;;1
Bruce Schechter;(vide);1
Total Bruce Schechter;;1
Bruce Schneier;business;24
Bruce Schneier;ideas;2
Bruce Schneier;opinion;13
Bruce Schneier;politics;
Bruce Schneier;security;15
Bruce Schneier;(vide);2
Total Bruce Schneier;;56
Bruce Schoenfeld;the big story;1
Total Bruce Schoenfeld;;1
Bruce Sterling;business;1
Bruce Sterling;culture;2
Bruce Sterling;the big story;1
Bruce Sterling;(vide);9195
Total Bruce Sterling;;9199
Bruce Stewart;(vide);18
Total Bruce Stewart;;18
Bruce Upbin;(vide);4
Total Bruce Upbin;;4
Bruno Latour;(vide);1
Total Bruno Latour;;1
Bryan Ball;culture;1
Bryan Ball;gear;2
Total Bryan Ball;;3
Bryan Borzykowski;science;1
Total Bryan Borzykowski;;1
Bryan Derballa;culture;3
Bryan Derballa;photo;3
Total Bryan Derballa;;6
Bryan Gardiner;business;138
Bryan Gardiner;culture;12
Bryan Gardiner;gear;76
Bryan Gardiner;science;13
Bryan Gardiner;security;1
Bryan Gardiner;(vide);6
Total Bryan Gardiner;;246
Bryan Gardiner Photos by Jonathan Snyder;gear;1
Total Bryan Gardiner Photos by Jonathan Snyder;;1
Bryan Lufkin;culture;25
Bryan Lufkin;design;4
Bryan Lufkin;gear;4
Bryan Lufkin;science;6
Bryan Lufkin;security;1
Bryan Lufkin;(vide);3
Total Bryan Lufkin;;43
Bryce Covert;the big story;1
Total Bryce Covert;;1
Bryce Young;science;1
Total Bryce Young;;1
Bryn Nelson;science;1
Total Bryn Nelson;;1
Bryon Jones;(vide);1
Total Bryon Jones;;1
Bryson Masse;science;1
Total Bryson Masse;;1
Bubblegum Crisis video series;(vide);1
Total Bubblegum Crisis video series;;1
Burck Smith;science;2
Total Burck Smith;;2
Burkhard Huhnke;gear;1
Total Burkhard Huhnke;;1
Burr Snider;(vide);5
Total Burr Snider;;5
By Dan Zigmond As Told To Cade Metz;business;1
Total By Dan Zigmond As Told To Cade Metz;;1
By Ryan Singel;science;1
Total By Ryan Singel;;1
By Tina Nova As Told To Lydia Belanger;business;1
Total By Tina Nova As Told To Lydia Belanger;;1
By Tony Long;science;1
Total By Tony Long;;1
Byron Auguste;science;1
Total Byron Auguste;;1
Byron Tau;the big story;1
Total Byron Tau;;1
C. Brandon Ogbunu;culture;2
C. Brandon Ogbunu;ideas;15
C. Brandon Ogbunu;opinion;1
Total C. Brandon Ogbunu;;18
C. J. Schexnayder;design;1
Total C. J. Schexnayder;;1
C.W. Howell;ideas;1
Total C.W. Howell;;1
Cade Metz;business;704
Cade Metz;culture;5
Cade Metz;opinion;1
Cade Metz;science;2
Cade Metz;security;3
Cade Metz;the big story;1
Cade Metz;(vide);1
Total Cade Metz;;717
Cadwell Turnbull;ideas;1
Total Cadwell Turnbull;;1
Cady Voge;the big story;1
Total Cady Voge;;1
Cai Gao;science;1
Total Cai Gao;;1
Caira Conner;ideas;1
Total Caira Conner;;1
Caitlin Hamilton;business;1
Caitlin Hamilton;gear;1
Total Caitlin Hamilton;;2
Caitlin Harrington;business;53
Caitlin Harrington;culture;6
Caitlin Harrington;gear;2
Caitlin Harrington;science;3
Caitlin Harrington;the big story;2
Caitlin Harrington;transportation;1
Total Caitlin Harrington;;67
Caitlin Kelly;business;5
Caitlin Kelly;culture;2
Caitlin Kelly;gear;15
Caitlin Kelly;security;2
Caitlin Kelly;the big story;1
Total Caitlin Kelly;;25
Caitlin Pulleyblank;(vide);1
Total Caitlin Pulleyblank;;1
Caitlin Roper;culture;19
Caitlin Roper;design;2
Caitlin Roper;photo;1
Caitlin Roper;science;8
Caitlin Roper;(vide);1
Total Caitlin Roper;;31
Caiwei Chen;business;1
Caiwei Chen;ideas;1
Total Caiwei Chen;;2
Cal Newport;business;1
Cal Newport;ideas;2
Total Cal Newport;;3
Caleb Donaldson;(vide);1
Total Caleb Donaldson;;1
Caleb Garling;business;141
Caleb Garling;culture;15
Caleb Garling;gear;1
Caleb Garling;science;1
Caleb Garling;the big story;7
Total Caleb Garling;;165
Caleb Harper;business;1
Total Caleb Harper;;1
Caleb John Clark;culture;1
Caleb John Clark;(vide);10
Total Caleb John Clark;;11
Caleb Kraft;gear;1
Total Caleb Kraft;;1
Callum Bains;culture;1
Total Callum Bains;;1
Cameron Bird;culture;3
Cameron Bird;(vide);8
Total Cameron Bird;;11
Cameron Colquhoun;security;2
Total Cameron Colquhoun;;2
Cameron Hickey;ideas;1
Total Cameron Hickey;;1
Cameron Martindell;gear;7
Cameron Martindell;outdoor;1
Total Cameron Martindell;;8
Cameron Tung;science;1
Total Cameron Tung;;1
Camille Bacon-Smith;(vide);1
Total Camille Bacon-Smith;;1
Camille Bromley;culture;1
Camille Bromley;science;
Camille Bromley;the big story;
Total Camille Bromley;;1
Camille Francois;opinion;1
Total Camille Francois;;1
Candice Chan;gear;1
Candice Chan;science;1
Total Candice Chan;;2
Cara McGoogan;business;48
Cara McGoogan;culture;12
Cara McGoogan;gear;7
Cara McGoogan;science;17
Cara McGoogan;security;11
Total Cara McGoogan;;95
Caramel Quin;business;2
Total Caramel Quin;;2
Caren Chesler;culture;1
Caren Chesler;security;1
Total Caren Chesler;;2
Carey Lundin;gear;1
Total Carey Lundin;;1
Carina Chocano;culture;1
Total Carina Chocano;;1
Carissa Véliz;ideas;1
Carissa Véliz;security;1
Total Carissa Véliz;;2
Carl Alviani;design;1
Total Carl Alviani;;1
Carl Bass;opinion;1
Total Carl Bass;;1
Carl Benedikt Frey;business;1
Total Carl Benedikt Frey;;1
Carl Brooks Jr.;business;1
Total Carl Brooks Jr.;;1
Carl Detorres;(vide);1
Total Carl Detorres;;1
Carl Djerassi;science;1
Total Carl Djerassi;;1
Carl Hoffman;gear;2
Carl Hoffman;science;2
Carl Hoffman;(vide);9
Total Carl Hoffman;;13
Carl Malamud;(vide);1
Total Carl Malamud;;1
Carl Miller;business;9
Carl Miller;culture;2
Carl Miller;ideas;2
Carl Miller;security;3
Carl Miller;the big story;2
Total Carl Miller;;18
Carl Öhman;ideas;1
Total Carl Öhman;;1
Carl Steadman;culture;1
Carl Steadman;the big story;1
Carl Steadman;(vide);1
Total Carl Steadman;;3
Carl Zimmer;business;1
Carl Zimmer;science;12
Carl Zimmer;(vide);2
Total Carl Zimmer;;15
Carla Sinclair;(vide);9
Total Carla Sinclair;;9
Carlo Pasquale;culture;1
Total Carlo Pasquale;;1
Carlo Ratti;business;1
Carlo Ratti;culture;2
Total Carlo Ratti;;3
Carlos Bergfeld;culture;3
Carlos Bergfeld;gear;1
Total Carlos Bergfeld;;4
Carlos Gonzalez-Cadenas;ideas;1
Total Carlos Gonzalez-Cadenas;;1
Carlotta Dotto;science;1
Total Carlotta Dotto;;1
Carlton Reid;business;1
Carlton Reid;gear;7
Total Carlton Reid;;8
Carly Lewis;ideas;1
Total Carly Lewis;;1
Carly Page;business;3
Carly Page;culture;2
Carly Page;gear;6
Carly Page;science;1
Total Carly Page;;12
Carlye Adler;(vide);2
Total Carlye Adler;;2
Carmen J. Gentile;security;1
Total Carmen J. Gentile;;1
Carol Cooper;(vide);1
Total Carol Cooper;;1
Carol Milberger;gear;4
Carol Milberger;science;1
Total Carol Milberger;;5
Carol Ornstein;(vide);1
Total Carol Ornstein;;1
Carol Queen;(vide);2
Total Carol Queen;;2
Carola Frediani;gear;1
Total Carola Frediani;;1
Caroline Drucker;business;1
Total Caroline Drucker;;1
Caroline Grueskin;business;1
Total Caroline Grueskin;;1
Caroline Haskins;business;5
Caroline Haskins;politics;1
Caroline Haskins;security;1
Total Caroline Haskins;;7
Caroline Marshall Reinhart;science;1
Total Caroline Marshall Reinhart;;1
Caroline Preston;business;2
Total Caroline Preston;;2
Caroline Saunders;science;1
Total Caroline Saunders;;1
Caroline Sinders;ideas;1
Caroline Sinders;security;3
Total Caroline Sinders;;4
Caroline Webb;business;1
Total Caroline Webb;;1
Carolyn Beeler, PRI's The World;science;1
Total Carolyn Beeler, PRI's The World;;1
Carolyn Crist;science;7
Total Carolyn Crist;;7
Carolyn Gramling;science;1
Total Carolyn Gramling;;1
Carolyn Rauch;(vide);5
Total Carolyn Rauch;;5
Carrie Arnold;science;7
Total Carrie Arnold;;7
Carrie Honaker;gear;1
Total Carrie Honaker;;1
Carrie Kirby;(vide);2
Total Carrie Kirby;;2
Carrie Shepherd;(vide);1
Total Carrie Shepherd;;1
Carsten Eriksen;ideas;1
Total Carsten Eriksen;;1
Carsten Schurmann and Jari Kickbusch;security;1
Total Carsten Schurmann and Jari Kickbusch;;1
Carter Dougherty;business;4
Carter Dougherty;culture;4
Carter Dougherty;security;2
Total Carter Dougherty;;10
Carter Melrose;culture;1
Total Carter Melrose;;1
Carter Stowell;science;2
Total Carter Stowell;;2
Casey Chan, Gizmodo.com;security;1
Total Casey Chan, Gizmodo.com;;1
Casey Coombs;security;1
Total Casey Coombs;;1
Casey Fiesler;ideas;1
Total Casey Fiesler;;1
Casey Johnston, Ars Technica;business;6
Casey Johnston, Ars Technica;culture;3
Casey Johnston, Ars Technica;(vide);1
Total Casey Johnston, Ars Technica;;10
Casey Taylor;culture;1
Total Casey Taylor;;1
Cassandra Brooklyn;science;1
Total Cassandra Brooklyn;;1
Catarina Ramalho;business;1
Total Catarina Ramalho;;1
Cate T. Corcoran;culture;1
Cate T. Corcoran;(vide);2
Total Cate T. Corcoran;;3
Caterina Fake;business;1
Caterina Fake;(vide);1
Total Caterina Fake;;2
Catesby Holmes;gear;2
Catesby Holmes;opinion;1
Catesby Holmes;science;1
Total Catesby Holmes;;4
Catharine Lo;security;2
Catharine Lo;(vide);9
Total Catharine Lo;;11
Cathé Post;(vide);73
Total Cathé Post;;73
Catherine Allen;culture;1
Catherine Allen;gear;1
Total Catherine Allen;;2
Catherine Bennett;culture;1
Total Catherine Bennett;;1
Catherine F. Brooks;business;1
Catherine F. Brooks;security;1
Total Catherine F. Brooks;;2
Catherine Kaputa;business;1
Total Catherine Kaputa;;1
Catherine Lawson;business;10
Catherine Lawson;culture;17
Catherine Lawson;science;4
Total Catherine Lawson;;31
Catherine LeClair;culture;2
Total Catherine LeClair;;2
Catherine P.Taylor;(vide);1
Total Catherine P.Taylor;;1
Cathleen O'Grady, Ars Technica;science;2
Total Cathleen O'Grady, Ars Technica;;2
Cathrin Schaer;security;1
Total Cathrin Schaer;;1
Cathy Alter;culture;1
Total Cathy Alter;;1
Cathy O'Neil;business;1
Cathy O'Neil;ideas;1
Total Cathy O'Neil;;2
Cayenne Woods;security;3
Total Cayenne Woods;;3
Cecile Janssens;science;1
Total Cecile Janssens;;1
Cecilia D'Anastasio;backchannel;1
Cecilia D'Anastasio;business;7
Cecilia D'Anastasio;culture;74
Cecilia D'Anastasio;gear;13
Cecilia D'Anastasio;ideas;1
Cecilia D'Anastasio;security;19
Cecilia D'Anastasio;so long, farewell;1
Cecilia D'Anastasio;stadia;1
Cecilia D'Anastasio;the big story;3
Total Cecilia D'Anastasio;;120
Cedric Dark;science;1
Total Cedric Dark;;1
Celia Ford;science;9
Total Celia Ford;;9
Celina Ribeiro;ideas;1
Total Celina Ribeiro;;1
Ceridwen Dovey;science;1
Total Ceridwen Dovey;;1
Cesar Love;culture;2
Total Cesar Love;;2
Cevin Soling;opinion;1
Total Cevin Soling;;1
Chad Dickerson;opinion;1
Chad Dickerson;the big story;1
Total Chad Dickerson;;2
Chandra Bozelko;security;1
Total Chandra Bozelko;;1
Chantel Tattoli;the big story;1
Total Chantel Tattoli;;1
Chaos Mandy;(vide);92
Total Chaos Mandy;;92
Charis Morgan;buying guides;1
Charis Morgan;culture;1
Total Charis Morgan;;2
Charles Blain;opinion;1
Total Charles Blain;;1
Charles Bombardier;transportation;21
Total Charles Bombardier;;21
Charles C. Mann;business;1
Charles C. Mann;ideas;1
Charles C. Mann;science;2
Charles C. Mann;(vide);8
Total Charles C. Mann;;12
Charles Duan;security;1
Total Charles Duan;;1
Charles Duhigg;science;1
Charles Duhigg;the big story;1
Total Charles Duhigg;;2
Charles E. Schumer;business;1
Total Charles E. Schumer;;1
Charles Forsythe;(vide);1
Total Charles Forsythe;;1
Charles G. Thompson;gear;1
Total Charles G. Thompson;;1
Charles Graebe;(vide);1
Total Charles Graebe;;1
Charles Graeber;security;3
Charles Graeber;the big story;2
Charles Graeber;(vide);17
Total Charles Graeber;;22
Charles Leadbeater;business;1
Total Charles Leadbeater;;1
Charles Leadbetter;business;1
Total Charles Leadbetter;;1
Charles Mandel;business;9
Charles Mandel;culture;8
Charles Mandel;gear;1
Charles Mandel;science;15
Charles Mandel;security;6
Total Charles Mandel;;39
Charles Neveu;(vide);1
Total Charles Neveu;;1
Charles Paul Freund;(vide);1
Total Charles Paul Freund;;1
Charles Petit, Science News;science;1
Total Charles Petit, Science News;;1
Charles Platt;business;1
Charles Platt;the big story;3
Charles Platt;(vide);53
Total Charles Platt;;57
Charles Q. Choi;science;1
Total Charles Q. Choi;;1
Charles Rollet;security;2
Total Charles Rollet;;2
Charles Seife;ideas;1
Charles Seife;opinion;1
Charles Seife;(vide);1
Total Charles Seife;;3
Charles Spence;business;1
Total Charles Spence;;1
Charles Stewart III;ideas;1
Total Charles Stewart III;;1
Charles Swanton;science;1
Total Charles Swanton;;1
Charles Yu;culture;2
Total Charles Yu;;2
Charley Locke;culture;228
Charley Locke;design;9
Charley Locke;gear;4
Charley Locke;photo;66
Charley Locke;science;7
Charley Locke;(vide);1
Total Charley Locke;;315
Charlie Amter;(vide);1
Total Charlie Amter;;1
Charlie Burton;business;35
Charlie Burton;culture;21
Charlie Burton;gear;5
Charlie Burton;science;6
Charlie Burton;security;2
Total Charlie Burton;;69
Charlie Emrich;science;1
Total Charlie Emrich;;1
Charlie Foster;business;2
Total Charlie Foster;;2
Charlie Guo;the big story;1
Total Charlie Guo;;1
Charlie Jane Anders;culture;35
Total Charlie Jane Anders;;35
Charlie Metcalfe;science;4
Total Charlie Metcalfe;;4
Charlie Sorrel;business;6
Charlie Sorrel;culture;1
Charlie Sorrel;gear;3467
Total Charlie Sorrel;;3474
Charlie Sorrell;gear;2
Total Charlie Sorrell;;2
Charlie Vestner;(vide);4
Total Charlie Vestner;;4
Charlie Winter;culture;1
Charlie Winter;security;1
Total Charlie Winter;;2
Charlie Wood;science;26
Total Charlie Wood;;26
Charlotte Kent;ideas;3
Total Charlotte Kent;;3
Charmian Love;ideas;1
Charmian Love;science;1
Total Charmian Love;;2
Charyn Pfeuffer;science;1
Total Charyn Pfeuffer;;1
Chazz Mair;culture;1
Total Chazz Mair;;1
check for US$29.95 to Critical Connection;(vide);1
Total check for US$29.95 to Critical Connection;;1
Chelsea Barabas;business;1
Total Chelsea Barabas;;1
Chelsea Cirruzzo;science;1
Total Chelsea Cirruzzo;;1
Chelsea Coe;opinion;1
Total Chelsea Coe;;1
Chelsea Harvey;science;1
Total Chelsea Harvey;;1
Chelsea Leah;culture;3
Chelsea Leah;gear;1
Total Chelsea Leah;;4
Chelsea Leu;culture;1
Chelsea Leu;science;58
Total Chelsea Leu;;59
Chelsea Sexton;gear;1
Chelsea Sexton;opinion;1
Total Chelsea Sexton;;2
Chelsea Wald;ideas;1
Total Chelsea Wald;;1
Cheryl Downes;science;1
Total Cheryl Downes;;1
Cheryl Katz;science;1
Total Cheryl Katz;;1
Chi-chi Nwanoku;business;1
Total Chi-chi Nwanoku;;1
Chiara Crescenzi;culture;1
Total Chiara Crescenzi;;1
Chiara Eisner;the big story;1
Total Chiara Eisner;;1
Chip Anderson;science;2
Chip Anderson;(vide);2
Total Chip Anderson;;4
Chip Bayers;business;20
Chip Bayers;culture;3
Chip Bayers;security;3
Chip Bayers;the big story;2
Chip Bayers;(vide);26
Total Chip Bayers;;54
Chip Rowe;(vide);2
Total Chip Rowe;;2
Chisom Peter Job;ideas;1
Total Chisom Peter Job;;1
Chloe Toscano;gear;2
Total Chloe Toscano;;2
Chloe Veltman;business;1
Chloe Veltman;culture;8
Total Chloe Veltman;;9
Chris Allain;(vide);2
Total Chris Allain;;2
Chris Allbritton;business;2
Chris Allbritton;culture;2
Total Chris Allbritton;;4
Chris Anderson;business;5
Chris Anderson;culture;2
Chris Anderson;design;1
Chris Anderson;gear;1
Chris Anderson;the big story;1
Chris Anderson;(vide);61
Total Chris Anderson;;71
Chris B. Brown;culture;1
Total Chris B. Brown;;1
Chris Baker;business;1
Chris Baker;culture;85
Chris Baker;design;1
Chris Baker;science;2
Chris Baker;(vide);42
Total Chris Baker;;131
Chris Baraniuk;business;14
Chris Baraniuk;culture;3
Chris Baraniuk;gear;1
Chris Baraniuk;science;48
Chris Baraniuk;security;3
Chris Baraniuk;the big story;1
Total Chris Baraniuk;;70
Chris Berdik;business;5
Chris Berdik;science;1
Total Chris Berdik;;6
Chris Berdik for the Hechinger Report;business;1
Total Chris Berdik for the Hechinger Report;;1
Chris Blattman;ideas;1
Total Chris Blattman;;1
Chris Borris;(vide);2
Total Chris Borris;;2
Chris Bosh;opinion;1
Total Chris Bosh;;1
Chris Bray;culture;2
Total Chris Bray;;2
Chris Charla;(vide);5
Total Chris Charla;;5
Chris Chen;the big story;1
Total Chris Chen;;1
Chris Chinnock;(vide);1
Total Chris Chinnock;;1
Chris Clark;(vide);2
Total Chris Clark;;2
Chris Colin;business;3
Chris Colin;culture;2
Chris Colin;the big story;
Chris Colin;(vide);2
Total Chris Colin;;7
Chris D'Angelo;science;2
Total Chris D'Angelo;;2
Chris Dannen;design;1
Total Chris Dannen;;1
Chris Dixon;business;1
Total Chris Dixon;;1
Chris Ertel;(vide);2
Total Chris Ertel;;2
Chris Faylor;culture;8
Total Chris Faylor;;8
Chris Finan;opinion;1
Total Chris Finan;;1
Chris Finnamore;business;4
Chris Finnamore;gear;4
Total Chris Finnamore;;8
Chris Foresman, Ars Technica;business;8
Total Chris Foresman, Ars Technica;;8
Chris Gaither;business;22
Chris Gaither;science;6
Chris Gaither;security;2
Total Chris Gaither;;30
Chris Genna;science;1
Total Chris Genna;;1
Chris Gigoux;culture;1
Chris Gigoux;(vide);539
Total Chris Gigoux;;540
Chris Gilliard;ideas;3
Total Chris Gilliard;;3
Chris Goodfellow;business;1
Chris Goodfellow;gear;1
Total Chris Goodfellow;;2
Chris Hadfield;science;1
Total Chris Hadfield;;1
Chris Hall;business;4
Chris Hall;gear;14
Total Chris Hall;;18
Chris Hardwick;culture;3
Chris Hardwick;(vide);1
Total Chris Hardwick;;4
Chris Haslam;business;23
Chris Haslam;culture;31
Chris Haslam;gear;66
Chris Haslam;science;11
Total Chris Haslam;;131
Chris Higgins;business;13
Chris Higgins;culture;11
Chris Higgins;gear;3
Chris Higgins;science;12
Total Chris Higgins;;39
Chris Hinton;culture;1
Total Chris Hinton;;1
Chris Hope;science;1
Total Chris Hope;;1
Chris Howell;culture;1
Total Chris Howell;;1
Chris Hudak;culture;5
Chris Hudak;(vide);48
Total Chris Hudak;;53
Chris Hunter;gear;3
Total Chris Hunter;;3
Chris J. Walker;(vide);3
Total Chris J. Walker;;3
Chris Jones;science;2
Total Chris Jones;;2
Chris Kohler;business;2
Chris Kohler;culture;3206
Chris Kohler;gear;3
Chris Kohler;opinion;1
Chris Kohler;science;1
Chris Kohler;(vide);22
Total Chris Kohler;;3235
Chris Lakeman Fraser;(vide);2
Total Chris Lakeman Fraser;;2
Chris Marker;gear;2
Total Chris Marker;;2
Chris Maury;the big story;1
Total Chris Maury;;1
Chris Mellon;transportation;1
Total Chris Mellon;;1
Chris Messina;the big story;1
Total Chris Messina;;1
Chris Mooney;(vide);1
Total Chris Mooney;;1
Chris Nashawaty;culture;1
Chris Nashawaty;(vide);1
Total Chris Nashawaty;;2
Chris Nickson;(vide);1
Total Chris Nickson;;1
Chris Nolan;business;15
Chris Nolan;culture;1
Total Chris Nolan;;16
Chris O'Brien;(vide);1
Total Chris O'Brien;;1
Chris Oakes;business;69
Chris Oakes;culture;44
Chris Oakes;science;616
Chris Oakes;security;100
Total Chris Oakes;;829
Chris Outcalt;science;1
Total Chris Outcalt;;1
Chris Owen;business;2
Total Chris Owen;;2
Chris Preuss;gear;1
Total Chris Preuss;;1
Chris Radcliff;(vide);24
Total Chris Radcliff;;24
Chris Rubin;culture;5
Chris Rubin;science;4
Chris Rubin;(vide);22
Total Chris Rubin;;31
Chris Sanger;business;1
Chris Sanger;ideas;2
Total Chris Sanger;;3
Chris Schilling;culture;1
Total Chris Schilling;;1
Chris Schmandt;opinion;1
Total Chris Schmandt;;1
Chris Sherwood;science;1
Total Chris Sherwood;;1
Chris Sims;culture;10
Total Chris Sims;;10
Chris Snyder;business;119
Total Chris Snyder;;119
Chris Stamper;business;54
Chris Stamper;culture;12
Chris Stamper;science;10
Chris Stamper;security;36
Total Chris Stamper;;112
Chris Stokel-Walker;business;186
Chris Stokel-Walker;culture;32
Chris Stokel-Walker;gear;9
Chris Stokel-Walker;science;22
Chris Stokel-Walker;security;40
Chris Stokel-Walker;the big story;2
Total Chris Stokel-Walker;;291
Chris Stramper;science;2
Total Chris Stramper;;2
Chris Suellentrop;culture;1
Chris Suellentrop;(vide);3
Total Chris Suellentrop;;4
Chris Torrens;business;2
Chris Torrens;culture;1
Total Chris Torrens;;3
Chris Twinn;business;1
Total Chris Twinn;;1
Chris Ulbrich;culture;2
Chris Ulbrich;science;2
Chris Ulbrich;security;3
Total Chris Ulbrich;;7
Chris Urmson;the big story;1
Total Chris Urmson;;1
Chris van Tulleken;science;1
Total Chris van Tulleken;;1
Chris Wright;culture;1
Chris Wright;gear;4
Chris Wright;science;6
Total Chris Wright;;11
Christal Sheppard;opinion;1
Total Christal Sheppard;;1
Christian Buck;business;2
Christian Buck;culture;2
Total Christian Buck;;4
Christian Jarrett;business;2
Christian Jarrett;science;40
Total Christian Jarrett;;42
Christian Jennings, Wired.co.uk;business;1
Christian Jennings, Wired.co.uk;security;1
Total Christian Jennings, Wired.co.uk;;2
Christian Lindholm;gear;1
Total Christian Lindholm;;1
Christian Sandvig;business;1
Total Christian Sandvig;;1
Christiane Lemieux;ideas;1
Total Christiane Lemieux;;1
Christie Aschwanden;ideas;9
Christie Aschwanden;science;2
Christie Aschwanden;transportation;1
Total Christie Aschwanden;;12
Christie Thompson;security;1
Total Christie Thompson;;1
Christina Bonnington;business;8
Christina Bonnington;culture;4
Christina Bonnington;design;2
Christina Bonnington;gear;865
Christina Bonnington;security;1
Christina Bonnington;(vide);7
Total Christina Bonnington;;887
Christina Couch;science;1
Total Christina Couch;;1
Christina Farr;the big story;1
Total Christina Farr;;1
Christina Larson;the big story;1
Total Christina Larson;;1
Christina Pagel;science;1
Total Christina Pagel;;1
Christina Wyman;business;1
Christina Wyman;culture;2
Christina Wyman;gear;2
Total Christina Wyman;;5
Christine Finn;culture;23
Total Christine Finn;;23
Christine Henneberg;ideas;1
Total Christine Henneberg;;1
Christine Kenneally;science;1
Total Christine Kenneally;;1
Christine Negroni;gear;1
Total Christine Negroni;;1
Christine Parthemore;security;1
Total Christine Parthemore;;1
Christine Redmond;business;1
Total Christine Redmond;;1
Christine Whalen;security;2
Total Christine Whalen;;2
Christoper Mims;science;1
Total Christoper Mims;;1
Christoph Niemann;(vide);1
Total Christoph Niemann;;1
Christophe Cauvy;business;1
Total Christophe Cauvy;;1
Christopher;science;1
Total Christopher;;1
Christopher Beam;the big story;1
Total Christopher Beam;;1
Christopher Cox;science;1
Total Christopher Cox;;1
Christopher Dickey;(vide);3
Total Christopher Dickey;;3
Christopher Ireland;(vide);1
Total Christopher Ireland;;1
Christopher Jobson;(vide);1
Total Christopher Jobson;;1
Christopher Jones;business;19
Christopher Jones;culture;31
Christopher Jones;gear;3
Christopher Jones;science;156
Christopher Jones;security;26
Total Christopher Jones;;235
Christopher Locke;(vide);1
Total Christopher Locke;;1
Christopher Meyer;(vide);1
Total Christopher Meyer;;1
Christopher Mims;(vide);1
Total Christopher Mims;;1
Christopher Niezrecki;science;1
Total Christopher Niezrecki;;1
Christopher Nolan;culture;1
Total Christopher Nolan;;1
Christopher Null;business;8
Christopher Null;culture;5
Christopher Null;gear;62
Christopher Null;opinion;1
Christopher Null;reviews;1
Christopher Null;science;4
Christopher Null;security;1
Christopher Null;(vide);2
Total Christopher Null;;84
Christopher Null Robert Strohmeyer;gear;1
Total Christopher Null Robert Strohmeyer;;1
Christopher Raleigh Bousquet;security;1
Total Christopher Raleigh Bousquet;;1
Christopher Reddy;opinion;3
Total Christopher Reddy;;3
Christopher Ryan;the big story;1
Total Christopher Ryan;;1
Christopher S. Stewart;business;1
Christopher S. Stewart;(vide);2
Total Christopher S. Stewart;;3
Christopher Seneca;gear;1
Total Christopher Seneca;;1
Christopher Soghoian;opinion;1
Total Christopher Soghoian;;1
Christopher Stevens;business;1
Total Christopher Stevens;;1
Christopher Wanjek;the big story;1
Total Christopher Wanjek;;1
Christopher Zara;the big story;1
Total Christopher Zara;;1
Christy Harrison;ideas;1
Total Christy Harrison;;1
Christy Sheppard;culture;1
Total Christy Sheppard;;1
Chuck Cage;gear;2
Total Chuck Cage;;2
Chuck Lawton;(vide);81
Total Chuck Lawton;;81
Chuck Squatriglia;culture;35
Chuck Squatriglia;gear;763
Chuck Squatriglia;photo;1
Chuck Squatriglia;science;5
Chuck Squatriglia;transportation;10
Chuck Squatriglia;(vide);2
Total Chuck Squatriglia;;816
Cian Maher;culture;2
Total Cian Maher;;2
Ciara O'Rourke;science;1
Total Ciara O'Rourke;;1
Ciaran Martin;security;1
Total Ciaran Martin;;1
Cindy;(vide);4
Total Cindy;;4
Cindy Cohn;social media;1
Total Cindy Cohn;;1
Cindy Frenkel;culture;1
Cindy Frenkel;gear;1
Total Cindy Frenkel;;2
Cindy Gallop;business;1
Total Cindy Gallop;;1
Circulating Net meme;(vide);2
Total Circulating Net meme;;2
CJ Davies;business;2
Total CJ Davies;;2
CJ Schexnayder;science;1
Total CJ Schexnayder;;1
Clair MacDougall;business;1
Clair MacDougall;the big story;1
Total Clair MacDougall;;2
Claire Bergkamp;gear;1
Total Claire Bergkamp;;1
Claire Enders;business;1
Total Claire Enders;;1
Claire L. Evans;culture;1
Total Claire L. Evans;;1
Claire Leavey;business;1
Total Claire Leavey;;1
Claire Lim;culture;1
Total Claire Lim;;1
Claire Marie Porter;science;1
Total Claire Marie Porter;;1
Claire Martin;culture;1
Total Claire Martin;;1
Claire Sibonney;culture;1
Claire Sibonney;gear;1
Total Claire Sibonney;;2
Claire Thomson;business;1
Total Claire Thomson;;1
Claire Tristram;(vide);4
Total Claire Tristram;;4
Clara Moskowitz;science;24
Total Clara Moskowitz;;24
Clare Baldwin;business;1
Total Clare Baldwin;;1
Clare Dowdy;business;6
Clare Dowdy;culture;5
Clare Dowdy;science;4
Total Clare Dowdy;;15
Clare Kleinedler;(vide);12
Total Clare Kleinedler;;12
Claude Brodesser-Akner;culture;1
Total Claude Brodesser-Akner;;1
Claudia Cahalane;science;1
Total Claudia Cahalane;;1
Claudia Geib;security;1
Total Claudia Geib;;1
Claudia Graziano;business;4
Claudia Graziano;culture;2
Claudia Graziano;science;16
Claudia Graziano;security;3
Total Claudia Graziano;;25
Claudia Hammond;science;1
Total Claudia Hammond;;1
Claudia Lopez Lloreda;science;1
Total Claudia Lopez Lloreda;;1
Claudia Perlich;opinion;1
Total Claudia Perlich;;1
Clay Gordon;(vide);1
Total Clay Gordon;;1
Clay Graham;(vide);1
Total Clay Graham;;1
"Clay Luthy, Global Distributed Energy Resource Manager, IBM Energy &amp; Utilities";gear;2
"Total Clay Luthy, Global Distributed Energy Resource Manager, IBM Energy &amp; Utilities";;2
Clay Shirky;(vide);3
Total Clay Shirky;;3
Clayton Dalton;the big story;1
Total Clayton Dalton;;1
Clayton M Christensen;business;1
Total Clayton M Christensen;;1
Clément Girardot;culture;1
Total Clément Girardot;;1
Cleo Paskal;(vide);1
Total Cleo Paskal;;1
clevy;photo;2
Total clevy;;2
Cliff Kuang;business;2
Cliff Kuang;culture;5
Cliff Kuang;design;29
Cliff Kuang;gear;1
Cliff Kuang;the big story;1
Cliff Kuang;(vide);1
Total Cliff Kuang;;39
Climate Desk;science;4
Total Climate Desk;;4
Clive Davidson;(vide);3
Total Clive Davidson;;3
Clive Thompson;business;49
Clive Thompson;culture;55
Clive Thompson;gear;35
Clive Thompson;ideas;11
Clive Thompson;opinion;14
Clive Thompson;science;15
Clive Thompson;security;1
Clive Thompson;the big story;2
Clive Thompson;transportation;1
Clive Thompson;(vide);13
Total Clive Thompson;;196
Clive Thompson clive@clivethompson.net;business;1
Total Clive Thompson clive@clivethompson.net;;1
Clothilde Goujard;business;3
Total Clothilde Goujard;;3
Clover Hope;culture;2
Total Clover Hope;;2
Coco Krumme;ideas;1
Total Coco Krumme;;1
Cody Brown;opinion;1
Total Cody Brown;;1
Cody Cassidy;the big story;9
Total Cody Cassidy;;9
Cole Coonce;(vide);1
Total Cole Coonce;;1
Colette Shade;opinion;1
Total Colette Shade;;1
Colin Beavan;(vide);1
Total Colin Beavan;;1
Colin Berry;business;3
Colin Berry;culture;4
Colin Berry;science;1
Colin Berry;(vide);40
Total Colin Berry;;48
Colin Ferm;culture;3
Total Colin Ferm;;3
Colin Goodwin;business;1
Total Colin Goodwin;;1
Colin Hogan;science;1
Total Colin Hogan;;1
Colleen Chien;opinion;1
Total Colleen Chien;;1
Collier Meyerson;ideas;7
Total Collier Meyerson;;7
Collin Anderson;the big story;1
Total Collin Anderson;;1
Compiled by Jennifer Hillner;business;2
Compiled by Jennifer Hillner;(vide);2
Total Compiled by Jennifer Hillner;;4
Computerworld Staff;business;3
Total Computerworld Staff;;3
Congressman Darrell Issa;opinion;1
Total Congressman Darrell Issa;;1
Connie Guglielmo;(vide);5
Total Connie Guglielmo;;5
Connor McKnight;culture;2
Total Connor McKnight;;2
Connor Narciso;opinion;1
Connor Narciso;science;1
Total Connor Narciso;;2
Constance Hale;culture;1
Constance Hale;the big story;1
Constance Hale;(vide);4
Total Constance Hale;;6
Contently Foundation;the big story;1
Total Contently Foundation;;1
Corey Goldman;business;2
Total Corey Goldman;;2
Corey Greenberg;(vide);8
Total Corey Greenberg;;8
Corey Holms;culture;1
Total Corey Holms;;1
Corey Mintz;ideas;1
Total Corey Mintz;;1
Corrina Lawson;(vide);316
Total Corrina Lawson;;316
Cory Doctorow;culture;3
Cory Doctorow;ideas;3
Cory Doctorow;security;2
Cory Doctorow;(vide);20
Total Cory Doctorow;;28
Cory Johnson;(vide);4
Total Cory Johnson;;4
Cory Perkins;design;4
Cory Perkins;science;3
Total Cory Perkins;;7
Cosima Gretton;business;1
Total Cosima Gretton;;1
Courtney Balestier;business;2
Courtney Balestier;culture;1
Courtney Balestier;science;2
Total Courtney Balestier;;5
Courtney Barry;gear;1
Courtney Barry;science;1
Courtney Barry;security;1
Total Courtney Barry;;3
Courtney Boyd-Myers;science;1
Total Courtney Boyd-Myers;;1
Courtney Coonrod;culture;1
Total Courtney Coonrod;;1
Courtney Lindsay;science;1
Total Courtney Lindsay;;1
Courtney Macavinta;culture;1
Total Courtney Macavinta;;1
Courtney Rubin;business;1
Total Courtney Rubin;;1
Courtnie Swearingen;gear;1
Total Courtnie Swearingen;;1
Craig A. Johnson;security;1
Craig A. Johnson;(vide);2
Total Craig A. Johnson;;3
Craig Bicknell;business;444
Craig Bicknell;culture;14
Craig Bicknell;science;27
Craig Bicknell;security;18
Total Craig Bicknell;;503
Craig Bicknell Daryl Scott Lindsey;business;1
Total Craig Bicknell Daryl Scott Lindsey;;1
Craig E. Engler;(vide);6
Total Craig E. Engler;;6
Craig Engler;(vide);2
Total Craig Engler;;2
Craig Froehle;culture;1
Total Craig Froehle;;1
Craig Grannell;culture;2
Craig Grannell;gear;9
Total Craig Grannell;;11
Craig Hajduk;opinion;1
Total Craig Hajduk;;1
Craig McClain;opinion;3
Total Craig McClain;;3
Craig Mod;business;1
Craig Mod;ideas;1
Craig Mod;the big story;2
Craig Mod;trends;1
Total Craig Mod;;5
Craig Newman;business;1
Total Craig Newman;;1
Craig Newmark;business;1
Total Craig Newmark;;1
Craig Offman;(vide);8
Total Craig Offman;;8
Craig Shvatz;culture;2
Total Craig Shvatz;;2
Craig Venter;business;1
Craig Venter;ideas;1
Total Craig Venter;;2
Crispin Andrews;business;1
Crispin Andrews;science;1
Total Crispin Andrews;;2
Crispin Roven;science;1
Total Crispin Roven;;1
Crystal Ponti;ideas;1
Total Crystal Ponti;;1
Curt Stager;science;1
Total Curt Stager;;1
Curtis Ellis;(vide);1
Total Curtis Ellis;;1
Curtis Karnow;(vide);1
Total Curtis Karnow;;1
Curtis Moldrich;business;2
Curtis Moldrich;gear;1
Total Curtis Moldrich;;3
Curtis Silver;business;1
Curtis Silver;culture;3
Curtis Silver;science;1
Curtis Silver;(vide);125
Total Curtis Silver;;130
Curtis Yarvin;(vide);1
Total Curtis Yarvin;;1
CyberSpit cyberspit@aol.com;(vide);1
Total CyberSpit cyberspit@aol.com;;1
Cyd Harrell;ideas;2
Total Cyd Harrell;;2
Cydney Gillis;culture;1
Total Cydney Gillis;;1
Cynthia Barnett;science;1
Total Cynthia Barnett;;1
Cynthia Fox;(vide);2
Total Cynthia Fox;;2
Cynthia Graber;science;1
Total Cynthia Graber;;1
Cynthia Kling;(vide);2
Total Cynthia Kling;;2
Cyriaque Lamar;culture;1
Cyriaque Lamar;security;1
Total Cyriaque Lamar;;2
Cyrus Bozorgmehr;culture;1
Total Cyrus Bozorgmehr;;1
Cyrus Farivar;business;6
Cyrus Farivar;culture;6
Cyrus Farivar;gear;5
Cyrus Farivar;science;22
Total Cyrus Farivar;;39
D Dumas;culture;5
D Dumas;gear;1
D Dumas;science;1
D Dumas;(vide);9
Total D Dumas;;16
D. A. Barham;(vide);1
Total D. A. Barham;;1
D.A. Wallach;the big story;4
Total D.A. Wallach;;4
D.D.;(vide);2
Total D.D.;;2
D.S.B.;(vide);1
Total D.S.B.;;1
Daan Roosegaarde;science;1
Total Daan Roosegaarde;;1
Dacher Keltner;science;1
Total Dacher Keltner;;1
Daisy Schofield;culture;4
Total Daisy Schofield;;4
Daithí Ó h-Anluain;business;5
Daithí Ó h-Anluain;culture;7
Daithí Ó h-Anluain;gear;3
Daithí Ó h-Anluain;science;20
Daithí Ó h-Anluain;security;2
Total Daithí Ó h-Anluain;;37
Dak;(vide);96
Total Dak;;96
Dale Hrabi;(vide);1
Total Dale Hrabi;;1
Dame Darcy;(vide);1
Total Dame Darcy;;1
Damian Carrington;science;9
Total Damian Carrington;;9
Damian Collins;ideas;1
Damian Collins;science;1
Total Damian Collins;;2
Damien Scott;culture;1
Damien Scott;(vide);1
Total Damien Scott;;2
Damien Walter;business;1
Total Damien Walter;;1
Damon Beres;security;1
Total Damon Beres;;1
Damon Lavrinc;business;1
Damon Lavrinc;culture;1
Damon Lavrinc;gear;428
Damon Lavrinc;security;1
Total Damon Lavrinc;;431
Damon Tabor;business;1
Damon Tabor;culture;2
Damon Tabor;science;1
Damon Tabor;(vide);3
Total Damon Tabor;;7
Dan Ackerman;culture;2
Total Dan Ackerman;;2
Dan Amrich;(vide);1
Total Dan Amrich;;1
Dan Ariely;business;8
Dan Ariely;culture;3
Dan Ariely;science;4
Dan Ariely;(vide);1
Total Dan Ariely;;16
Dan Baum;(vide);4
Total Dan Baum;;4
Dan Benjamin;gear;1
Total Dan Benjamin;;1
Dan Bouk;ideas;1
Total Dan Bouk;;1
Dan Brekke;business;9
Dan Brekke;culture;19
Dan Brekke;gear;1
Dan Brekke;science;10
Dan Brekke;security;51
Dan Brekke;(vide);23
Total Dan Brekke;;113
Dan Briody;(vide);1
Total Dan Briody;;1
Dan Cossins;business;1
Total Dan Cossins;;1
Dan Cox;business;4
Dan Cox;science;2
Dan Cox;security;2
Total Dan Cox;;8
Dan de Sybel;business;1
Total Dan de Sybel;;1
Dan Doctoroff;business;1
Total Dan Doctoroff;;1
Dan Dupont;security;12
Total Dan Dupont;;12
Dan Falk;science;4
Total Dan Falk;;4
Dan Ferber;(vide);1
Total Dan Ferber;;1
Dan Gearino;science;1
Total Dan Gearino;;1
Dan Gillmor;the big story;8
Total Dan Gillmor;;8
Dan Glass;business;1
Dan Glass;culture;5
Dan Glass;gear;1
Total Dan Glass;;7
Dan Goodin;business;5
Dan Goodin;culture;7
Dan Goodin;gear;1
Dan Goodin;security;2
Total Dan Goodin;;15
Dan Goodin, Ars Technica;security;67
Dan Goodin, Ars Technica;security news;1
Dan Goodin, Ars Technica;(vide);1
Total Dan Goodin, Ars Technica;;69
Dan Grover;design;1
Total Dan Grover;;1
Dan Hon;opinion;1
Total Dan Hon;;1
Dan Howland;culture;2
Total Dan Howland;;2
Dan Hurley;science;1
Dan Hurley;(vide);1
Total Dan Hurley;;2
Dan Kaminsky;opinion;2
Total Dan Kaminsky;;2
Dan Karasic;opinion;1
Total Dan Karasic;;1
Dan Katz;culture;1
Total Dan Katz;;1
Dan Koeppel;business;1
Dan Koeppel;(vide);1
Total Dan Koeppel;;2
Dan Lavin;(vide);3
Total Dan Lavin;;3
Dan Luffey;culture;4
Total Dan Luffey;;4
Dan Mitchell;business;30
Dan Mitchell;culture;12
Dan Mitchell;security;7
Total Dan Mitchell;;49
Dan Olson;(vide);22
Total Dan Olson;;22
Dan Orzech;gear;5
Dan Orzech;science;4
Total Dan Orzech;;9
Dan Pfeiffer;ideas;1
Dan Pfeiffer;the big story;2
Total Dan Pfeiffer;;3
Dan Raile;the big story;1
Total Dan Raile;;1
Dan Rosenfeld;(vide);3
Total Dan Rosenfeld;;3
Dan Ruby;(vide);2
Total Dan Ruby;;2
Dan Runcie;culture;2
Dan Runcie;the big story;2
Total Dan Runcie;;4
Dan S. Wallach;opinion;1
Total Dan S. Wallach;;1
Dan Saffer;design;2
Dan Saffer;opinion;1
Total Dan Saffer;;3
Dan Sicko;(vide);14
Total Dan Sicko;;14
Dan Sinker;business;2
Total Dan Sinker;;2
Dan Smith;business;9
Dan Smith;culture;4
Dan Smith;gear;3
Dan Smith;science;3
Total Dan Smith;;19
Dan Solomon;business;3
Dan Solomon;transportation;1
Total Dan Solomon;;4
Dan Starkey;culture;1
Total Dan Starkey;;1
Dan Steiner;business;1
Dan Steiner;science;1
Total Dan Steiner;;2
Dan Strohl;gear;1
Total Dan Strohl;;1
Dan Tynan;business;1
Total Dan Tynan;;1
Dan Winters;culture;1
Dan Winters;gear;2
Total Dan Winters;;3
Dan Zambonini;the big story;1
Total Dan Zambonini;;1
Dana Bostic;(vide);3
Total Dana Bostic;;3
Dana Karout;ideas;1
Total Dana Karout;;1
Dana Mackenzie;(vide);1
Total Dana Mackenzie;;1
Dana Najjar;science;2
Total Dana Najjar;;2
danah boyd;ideas;1
danah boyd;opinion;2
danah boyd;the big story;2
Total danah boyd;;5
Dane Golden;transportation;1
Total Dane Golden;;1
Dang;business;7
Total Dang;;7
Dani Anguiano;science;1
Total Dani Anguiano;;1
Dani Burlison;business;1
Total Dani Burlison;;1
Daniel AlarcÓn;science;3
Total Daniel AlarcÓn;;3
Daniel Bartz;gear;3
Total Daniel Bartz;;3
DANIEL BECERRA;business;1
DANIEL BECERRA;culture;1
Total DANIEL BECERRA;;2
Daniel Berninger;ideas;1
Total Daniel Berninger;;1
Daniel Blumstein;opinion;1
Total Daniel Blumstein;;1
Daniel Bor;business;1
Total Daniel Bor;;1
Daniel Burstein;(vide);1
Total Daniel Burstein;;1
Daniel C. Dennett;the big story;1
Total Daniel C. Dennett;;1
Daniel C. Vock;transportation;1
Total Daniel C. Vock;;1
Daniel Carter;(vide);6
Total Daniel Carter;;6
Daniel Cossins;business;6
Daniel Cossins;culture;1
Daniel Cossins;science;15
Total Daniel Cossins;;22
Daniel Culpan;business;39
Daniel Culpan;culture;10
Daniel Culpan;gear;10
Daniel Culpan;science;41
Total Daniel Culpan;;100
Daniel Dines;ideas;1
Total Daniel Dines;;1
Daniel Diver;culture;1
Daniel Diver;(vide);1
Total Daniel Diver;;2
Daniel Dobrygowski;business;1
Total Daniel Dobrygowski;;1
Daniel Dockery;culture;4
Total Daniel Dockery;;4
Daniel Donahoo;(vide);178
Total Daniel Donahoo;;178
Daniel Drew Turner;gear;1
Total Daniel Drew Turner;;1
Daniel Duane;culture;1
Daniel Duane;the big story;2
Total Daniel Duane;;3
Daniel Dumas;business;1
Daniel Dumas;culture;4
Daniel Dumas;gear;301
Daniel Dumas;science;2
Daniel Dumas;(vide);4
Total Daniel Dumas;;312
Daniel Engber;culture;2
Daniel Engber;ideas;1
Daniel Engber;science;3
Total Daniel Engber;;6
Daniel Feit;culture;107
Total Daniel Feit;;107
Daniel Forbes;security;1
Total Daniel Forbes;;1
Daniel Goldberg;culture;1
Total Daniel Goldberg;;1
Daniel Gross;(vide);1
Total Daniel Gross;;1
Daniel H. Pink;business;1
Daniel H. Pink;the big story;1
Daniel H. Pink;(vide);8
Total Daniel H. Pink;;10
Daniel H. Wilson;culture;1
Total Daniel H. Wilson;;1
Daniel Hanley;ideas;1
Total Daniel Hanley;;1
Daniel Hernandez;science;1
Total Daniel Hernandez;;1
Daniel J. Solove;opinion;1
Total Daniel J. Solove;;1
Daniel Kraft;business;1
Daniel Kraft;science;1
Total Daniel Kraft;;2
Daniel Kreiss;ideas;2
Total Daniel Kreiss;;2
Daniel Levitin;business;1
Daniel Levitin;science;
Total Daniel Levitin;;1
Daniel M Davis;ideas;1
Daniel M Davis;science;1
Total Daniel M Davis;;2
Daniel MacArthur;science;222
Total Daniel MacArthur;;222
Daniel Marcus;(vide);1
Total Daniel Marcus;;1
Daniel McGinn;(vide);5
Total Daniel McGinn;;5
Daniel Nocera;science;1
Total Daniel Nocera;;1
Daniel Nye Griffiths;business;14
Daniel Nye Griffiths;culture;17
Daniel Nye Griffiths;gear;1
Daniel Nye Griffiths;science;2
Daniel Nye Griffiths;security;2
Total Daniel Nye Griffiths;;36
Daniel Oberhaus;business;4
Daniel Oberhaus;culture;2
Daniel Oberhaus;science;152
Daniel Oberhaus;security;1
Daniel Oberhaus;the big story;1
Total Daniel Oberhaus;;160
Daniel Pemberton;(vide);1
Total Daniel Pemberton;;1
Daniel Pinchbeck;(vide);2
Total Daniel Pinchbeck;;2
Daniel Roth;business;6
Daniel Roth;culture;1
Daniel Roth;the big story;1
Daniel Roth;(vide);2
Total Daniel Roth;;10
Daniel S. Levine;business;5
Total Daniel S. Levine;;5
Daniel Salo;culture;1
Total Daniel Salo;;1
Daniel Scuka;(vide);3
Total Daniel Scuka;;3
Daniel Serwer;security;1
Total Daniel Serwer;;1
Daniel Silvermint;culture;1
Total Daniel Silvermint;;1
Daniel Sneider;business;1
Total Daniel Sneider;;1
Daniel Sorid;culture;1
Total Daniel Sorid;;1
Daniel Starkey;culture;17
Daniel Starkey;gear;1
Total Daniel Starkey;;18
Daniel Strain, Science News;science;6
Total Daniel Strain, Science News;;6
Daniel Susskind;business;1
Total Daniel Susskind;;1
Daniel Terdiman;business;8
Daniel Terdiman;culture;79
Daniel Terdiman;gear;12
Daniel Terdiman;science;16
Daniel Terdiman;security;3
Daniel Terdiman;(vide);1
Total Daniel Terdiman;;119
Daniel Todd;(vide);3
Total Daniel Todd;;3
Daniel Torday;culture;1
Total Daniel Torday;;1
Daniel Tynan;(vide);1
Total Daniel Tynan;;1
Daniel W. Rasmus;(vide);2
Total Daniel W. Rasmus;;2
Daniela Hernandez;business;103
Daniela Hernandez;gear;5
Daniela Hernandez;opinion;2
Daniela Hernandez;science;20
Daniela Hernandez;(vide);3
Total Daniela Hernandez;;133
Daniela Walker;business;2
Daniela Walker;science;2
Total Daniela Walker;;4
Daniele Cassandro;science;1
Total Daniele Cassandro;;1
Daniele Polidoro;culture;1
Total Daniele Polidoro;;1
Danielle K. Citron;culture;1
Total Danielle K. Citron;;1
Danielle Keats Citron;ideas;1
Total Danielle Keats Citron;;1
Danielle Rago;business;1
Danielle Rago;culture;1
Total Danielle Rago;;2
Danielle Venton;business;2
Danielle Venton;gear;5
Danielle Venton;science;86
Total Danielle Venton;;93
Danit Lidor;business;3
Danit Lidor;culture;10
Danit Lidor;science;2
Danit Lidor;security;1
Total Danit Lidor;;16
Danny Dumas;gear;3
Total Danny Dumas;;3
Danny Gold;security;3
Total Danny Gold;;3
DANNY HILLIS;culture;1
DANNY HILLIS;opinion;2
DANNY HILLIS;(vide);3
Total DANNY HILLIS;;6
Danny O'Brien;(vide);1
Total Danny O'Brien;;1
Danny Spitzberg;ideas;1
Total Danny Spitzberg;;1
Dante A. Ciampaglia;culture;1
Total Dante A. Ciampaglia;;1
Daphne Leprince-Ringuet;business;26
Daphne Leprince-Ringuet;culture;13
Daphne Leprince-Ringuet;gear;11
Daphne Leprince-Ringuet;science;29
Daphne Leprince-Ringuet;security;2
Daphne Leprince-Ringuet;the big story;1
Daphne Leprince-Ringuet;wired insider;1
Total Daphne Leprince-Ringuet;;83
Daphne Wesdorp;business;1
Total Daphne Wesdorp;;1
Dario Maestripieri;opinion;1
Total Dario Maestripieri;;1
Darius Dixon;business;1
Total Darius Dixon;;1
Darlena Cunha;opinion;1
Total Darlena Cunha;;1
Darran Anderson;gear;1
Total Darran Anderson;;1
Darrel Plant;(vide);1
Total Darrel Plant;;1
Darren Gladstone;gear;4
Darren Gladstone;(vide);9
Total Darren Gladstone;;13
Darren Loucaides;business;2
Darren Loucaides;security;2
Darren Loucaides;the big story;4
Total Darren Loucaides;;8
Darren Ross;opinion;1
Total Darren Ross;;1
Darren Shou;ideas;1
Total Darren Shou;;1
Darryl Siry;gear;8
Darryl Siry;(vide);1
Total Darryl Siry;;9
Darryn King;culture;2
Darryn King;the big story;2
Total Darryn King;;4
Daryl Scott Lindsey;business;5
Daryl Scott Lindsey;culture;1
Daryl Scott Lindsey;security;5
Total Daryl Scott Lindsey;;11
Daryll Fogal;(vide);1
Total Daryll Fogal;;1
Dave Algoso;culture;1
Total Dave Algoso;;1
Dave Baldwin;(vide);1
Total Dave Baldwin;;1
Dave Banks;culture;2
Dave Banks;(vide);318
Total Dave Banks;;320
Dave Bullock;business;1
Dave Bullock;culture;2
Dave Bullock;gear;2
Dave Bullock;photo;1
Dave Bullock;science;18
Dave Bullock;security;7
Dave Bullock;(vide);8
Total Dave Bullock;;39
Dave Cravotta;culture;1
Dave Cravotta;science;4
Dave Cravotta;(vide);10
Total Dave Cravotta;;15
Dave Demerjian;gear;154
Total Dave Demerjian;;154
Dave Dix;(vide);2
Total Dave Dix;;2
Dave Eggers;the big story;1
Total Dave Eggers;;1
Dave Eyvazzadeh;gear;39
Total Dave Eyvazzadeh;;39
Dave Farber;culture;2
Dave Farber;science;2
Dave Farber;(vide);2
Total Dave Farber;;6
Dave Fawbert;culture;1
Total Dave Fawbert;;1
Dave Giancaspro;gear;1
Dave Giancaspro;(vide);123
Total Dave Giancaspro;;124
Dave Girard;business;1
Total Dave Girard;;1
Dave Girouard;opinion;1
Total Dave Girouard;;1
Dave Goldberg;opinion;1
Total Dave Goldberg;;1
Dave Green;(vide);2
Total Dave Green;;2
Dave Hinerman;(vide);6
Total Dave Hinerman;;6
Dave Horrigan;science;4
Total Dave Horrigan;;4
Dave Hughes;(vide);2
Total Dave Hughes;;2
Dave Itzkoff;culture;1
Dave Itzkoff;(vide);1
Total Dave Itzkoff;;2
Dave Johnson;(vide);1
Total Dave Johnson;;1
Dave Kansas;(vide);2
Total Dave Kansas;;2
Dave Katz;(vide);2
Total Dave Katz;;2
Dave Levitan;science;2
Total Dave Levitan;;2
Dave Maass;security;1
Total Dave Maass;;1
Dave Mathews;business;1
Total Dave Mathews;;1
Dave McCoy;culture;8
Total Dave McCoy;;8
Dave McElfresh;(vide);1
Total Dave McElfresh;;1
Dave Mosher;gear;1
Dave Mosher;science;130
Dave Mosher;(vide);1
Total Dave Mosher;;132
Dave Mosher and Daniela Hernandez;science;1
Total Dave Mosher and Daniela Hernandez;;1
Dave Oliver;business;117
Dave Oliver;culture;5
Dave Oliver;gear;90
Dave Oliver;science;1
Total Dave Oliver;;213
Dave Pell;culture;1
Dave Pell;opinion;35
Total Dave Pell;;36
Dave Plank;(vide);1
Total Dave Plank;;1
Dave Schafer;(vide);1
Total Dave Schafer;;1
Dave Schiff;(vide);1
Total Dave Schiff;;1
Dave Thau;(vide);1
Total Dave Thau;;1
Dave Winer;business;5
Dave Winer;(vide);5
Total Dave Winer;;10
Dave Winerby Roberto Tietzmannby Jock Gillby James Ogilvyby Talinby G. Beato;(vide);1
Total Dave Winerby Roberto Tietzmannby Jock Gillby James Ogilvyby Talinby G. Beato;;1
Davey Alba;business;554
Davey Alba;culture;5
Davey Alba;gear;1
Davey Alba;science;2
Davey Alba;security;6
Davey Alba;transportation;1
Total Davey Alba;;569
David A. Kaplan;the big story;1
Total David A. Kaplan;;1
David A. Sinclair;science;1
Total David A. Sinclair;;1
David Appell;(vide);1
Total David Appell;;1
David Armstrong;(vide);1
Total David Armstrong;;1
David Auerbach;ideas;1
Total David Auerbach;;1
David Axe;business;1
David Axe;culture;2
David Axe;science;1
David Axe;security;449
Total David Axe;;453
David Baker;business;13
David Baker;culture;1
David Baker;gear;1
David Baker;science;14
David Baker;the big story;2
Total David Baker;;31
David Bank;(vide);1
Total David Bank;;1
David Barr Kirtley;culture;8
Total David Barr Kirtley;;8
David Batstone;(vide);8
Total David Batstone;;8
David Batterson;(vide);3
Total David Batterson;;3
David Becker;gear;544
David Becker;transportation;1
Total David Becker;;545
David Beers;(vide);1
Total David Beers;;1
David Bennahum;(vide);6
Total David Bennahum;;6
David Birch;business;3
David Birch;ideas;1
David Birch;science;1
Total David Birch;;5
David Brake;business;4
David Brake;security;2
Total David Brake;;6
David Brin;(vide);1
Total David Brin;;1
David C. Brock;the big story;1
Total David C. Brock;;1
David Carroll;business;1
Total David Carroll;;1
David Case;business;2
David Case;science;2
David Case;(vide);5
Total David Case;;9
David Cassel;culture;9
Total David Cassel;;9
David Chang;science;1
Total David Chang;;1
David Chaum;the big story;1
Total David Chaum;;1
David Chavern;ideas;1
Total David Chavern;;1
David Clarke;business;2
Total David Clarke;;2
David Clemmer;(vide);2
Total David Clemmer;;2
David Cohen;(vide);5
Total David Cohen;;5
David Cohn;business;4
David Cohn;culture;12
David Cohn;science;9
Total David Cohn;;25
David Collett;business;2
Total David Collett;;2
David Corn;security;1
David Corn;(vide);1
Total David Corn;;2
David Cornish;business;10
David Cornish;culture;4
David Cornish;gear;1
David Cornish;science;6
Total David Cornish;;21
David Cox;culture;2
David Cox;science;30
Total David Cox;;32
David Cravotta;(vide);1
Total David Cravotta;;1
David Crumm;business;1
Total David Crumm;;1
David D'Heilly with Masuyama;(vide);1
Total David D'Heilly with Masuyama;;1
David Davis;business;1
Total David Davis;;1
David DeSteno;ideas;1
Total David DeSteno;;1
David Deutsch;science;1
Total David Deutsch;;1
David Diamond;(vide);22
Total David Diamond;;22
David Dix;(vide);1
Total David Dix;;1
David Dobbs;science;488
David Dobbs;the big story;1
Total David Dobbs;;489
David Doty;(vide);2
Total David Doty;;2
David Downs;culture;1
David Downs;design;1
David Downs;(vide);1
Total David Downs;;3
David E. Kaplan;the big story;1
Total David E. Kaplan;;1
David Eagleman;business;1
David Eagleman;science;1
Total David Eagleman;;2
David Eckstein;culture;1
Total David Eckstein;;1
David Edwards;business;1
Total David Edwards;;1
David Ewing Duncan;science;6
David Ewing Duncan;(vide);3
Total David Ewing Duncan;;9
David F. Channell;(vide);1
Total David F. Channell;;1
David Ferry;culture;2
David Ferry;science;5
Total David Ferry;;7
David Ferry, Danielle Venton, Rhett Allain, Shara Tonn;culture;1
Total David Ferry, Danielle Venton, Rhett Allain, Shara Tonn;;1
David Friend;culture;1
Total David Friend;;1
David Gaddis;(vide);1
Total David Gaddis;;1
David Gans;(vide);1
Total David Gans;;1
David Gelernter;opinion;1
David Gelernter;(vide);1
Total David Gelernter;;2
David Gelles;business;1
Total David Gelles;;1
David George Haskell;ideas;1
Total David George Haskell;;1
David Gilbert;business;2
David Gilbert;politics;39
David Gilbert;security;7
Total David Gilbert;;48
David Goldenberg;(vide);1
Total David Goldenberg;;1
David Goldston;culture;1
Total David Goldston;;1
David Gortler;opinion;1
Total David Gortler;;1
David Grann;culture;1
Total David Grann;;1
David H. Freedman;ideas;1
David H. Freedman;science;1
David H. Freedman;(vide);2
Total David H. Freedman;;4
David H. Holtzman;(vide);1
Total David H. Holtzman;;1
David Hakala;(vide);1
Total David Hakala;;1
David Halpern;business;1
Total David Halpern;;1
David Hambling;business;6
David Hambling;gear;4
David Hambling;science;12
David Hambling;security;166
Total David Hambling;;188
David Harris;science;1
Total David Harris;;1
David Hayes;science;1
Total David Hayes;;1
David Heinemeier Hansson;business;1
Total David Heinemeier Hansson;;1
David Henry Goodstein;(vide);1
Total David Henry Goodstein;;1
David Hirschman;gear;1
Total David Hirschman;;1
David Hornik;business;1
David Hornik;(vide);2
Total David Hornik;;3
David Hudson;culture;18
David Hudson;security;4
David Hudson;(vide);2
Total David Hudson;;24
David Hunt;culture;1
Total David Hunt;;1
David Ian Miller;culture;1
David Ian Miller;science;1
Total David Ian Miller;;2
David Israelite;opinion;1
Total David Israelite;;1
David J Hand;science;1
Total David J Hand;;1
David J. Buerger;(vide);1
Total David J. Buerger;;1
David J. Linden;opinion;1
Total David J. Linden;;1
David J. Wallace;culture;1
David J. Wallace;science;1
David J. Wallace;(vide);5
Total David J. Wallace;;7
David James Smith;business;1
Total David James Smith;;1
David Jang;(vide);5
Total David Jang;;5
David Jen;science;1
Total David Jen;;1
David Jensen;science;6
Total David Jensen;;6
David Jesudason;culture;1
Total David Jesudason;;1
David Joiner;(vide);1
Total David Joiner;;1
David K. Israel;(vide);5
Total David K. Israel;;5
David Karpf;ideas;7
David Karpf;the big story;2
Total David Karpf;;9
David Katz;(vide);2
Total David Katz;;2
David Keith;opinion;1
Total David Keith;;1
David Kenny;business;1
Total David Kenny;;1
David Kline;business;1
David Kline;(vide);9
Total David Kline;;10
David Krakauer;business;1
Total David Krakauer;;1
David Kravets;business;6
David Kravets;culture;2
David Kravets;gear;7
David Kravets;security;1116
David Kravets;(vide);6
Total David Kravets;;1137
DAVID KRAVETS AND ROBERT MCMILLAN;security;1
Total DAVID KRAVETS AND ROBERT MCMILLAN;;1
David Kushner;business;5
David Kushner;culture;57
David Kushner;science;2
David Kushner;the big story;1
David Kushner;(vide);21
Total David Kushner;;86
David Kushner from Wired magazine;culture;1
Total David Kushner from Wired magazine;;1
David L. Chandler;(vide);2
Total David L. Chandler;;2
David L. Craddock;culture;1
Total David L. Craddock;;1
David Lang;opinion;1
David Lang;the big story;3
Total David Lang;;4
David Lazarus;business;743
David Lazarus;culture;7
David Lazarus;science;1
David Lazarus;security;13
David Lazarus;(vide);7
Total David Lazarus;;771
David Lewis;science;2
Total David Lewis;;2
David Lipschultz;business;1
David Lipschultz;science;2
Total David Lipschultz;;3
David Macneal;culture;1
David Macneal;design;1
David Macneal;gear;1
David Macneal;science;3
David Macneal;(vide);1
Total David Macneal;;7
David McCandless;business;2
David McCandless;culture;1
David McCandless;science;3
David McCandless;(vide);6
Total David McCandless;;12
David McRaney;ideas;1
Total David McRaney;;1
David Michael Grossman;(vide);1
Total David Michael Grossman;;1
David N. Cicilline;business;1
Total David N. Cicilline;;1
David N. Meyer;(vide);2
Total David N. Meyer;;2
David Newman;security;1
Total David Newman;;1
David Nield;business;4
David Nield;culture;2
David Nield;gear;122
David Nield;security;76
Total David Nield;;204
David Obst;(vide);1
Total David Obst;;1
David Omand;security;3
Total David Omand;;3
David Panzirer;opinion;1
Total David Panzirer;;1
David Pescovitz;business;4
David Pescovitz;culture;14
David Pescovitz;science;10
David Pescovitz;(vide);77
Total David Pescovitz;;105
David Phelan;business;3
David Phelan;gear;2
Total David Phelan;;5
David Pierce;business;12
David Pierce;culture;7
David Pierce;design;9
David Pierce;gear;443
David Pierce;phones;1
David Pierce;security;1
David Pierce;the big story;3
David Pierce;transportation;3
Total David Pierce;;479
David Pogue;gear;1
Total David Pogue;;1
David Propson;(vide);1
Total David Propson;;1
David R. Martin;opinion;1
Total David R. Martin;;1
David Reim;(vide);1
Total David Reim;;1
David Renshaw;culture;
Total David Renshaw;;
David Robertson;business;1
Total David Robertson;;1
David Roth;culture;3
Total David Roth;;3
David Rothenberg;(vide);2
Total David Rothenberg;;2
David Rowan;business;67
David Rowan;culture;2
David Rowan;gear;1
David Rowan;science;10
David Rowan;security;2
David Rowan;the big story;2
Total David Rowan;;84
David S F Portree;science;141
Total David S F Portree;;141
David S. Bennahum;business;2
David S. Bennahum;(vide);14
Total David S. Bennahum;;16
David S. Brennahum;culture;2
Total David S. Brennahum;;2
David S. Goyer;culture;1
Total David S. Goyer;;1
David S. Kestenbaum;culture;1
Total David S. Kestenbaum;;1
David S. Richeson;science;1
Total David S. Richeson;;1
David Samuels;business;1
David Samuels;opinion;1
David Samuels;science;1
Total David Samuels;;3
David Sax;the big story;1
Total David Sax;;1
David Sheff;(vide);10
Total David Sheff;;10
David Shenk;business;1
David Shenk;culture;5
David Shenk;security;2
David Shenk;(vide);4
Total David Shenk;;12
David Shiffman;opinion;1
Total David Shiffman;;1
David Shiga;science;1
Total David Shiga;;1
David Siegel;opinion;1
Total David Siegel;;1
David Snow;business;1
David Snow;gear;2
David Snow;science;2
Total David Snow;;5
David Spark;culture;1
David Spark;gear;1
Total David Spark;;2
David Streitfeld;(vide);1
Total David Streitfeld;;1
David Taylor;culture;1
David Taylor;science;1
Total David Taylor;;2
David Thiel;ideas;1
Total David Thiel;;1
David Thier;culture;1
Total David Thier;;1
David Thomas;(vide);3
Total David Thomas;;3
David Tobenkin;business;1
Total David Tobenkin;;1
David Turner;culture;2
Total David Turner;;2
David Vladeck;security;1
Total David Vladeck;;1
David Voss;science;2
David Voss;(vide);9
Total David Voss;;11
David Wallace;(vide);1
Total David Wallace;;1
David Wallace-Wells;(vide);1
Total David Wallace-Wells;;1
David Wallechinsky;culture;1
Total David Wallechinsky;;1
David Wallis;(vide);2
Total David Wallis;;2
David Warmflash;science;4
Total David Warmflash;;4
David Weinberger;business;1
David Weinberger;the big story;6
David Weinberger;(vide);20
Total David Weinberger;;27
David Williams;(vide);1
Total David Williams;;1
David Winning;security;1
Total David Winning;;1
David Wolman;business;4
David Wolman;gear;7
David Wolman;ideas;1
David Wolman;opinion;1
David Wolman;science;5
David Wolman;security;3
David Wolman;the big story;1
David Wolman;(vide);6
Total David Wolman;;28
David Zax;(vide);1
Total David Zax;;1
David Zweig;business;3
David Zweig;ideas;6
Total David Zweig;;9
Davide Ludovisi;science;1
Total Davide Ludovisi;;1
davidt%mlinknet@hotcity.com;(vide);1
Total davidt%mlinknet@hotcity.com;;1
Davis Allison;culture;6
Total Davis Allison;;6
Davis Richardson;business;1
Total Davis Richardson;;1
Dawn Lim;security;6
Total Dawn Lim;;6
Dawn Stover;science;1
Total Dawn Stover;;1
Dayo Olopade;design;1
Total Dayo Olopade;;1
De'Angelo Epps;culture;2
Total De'Angelo Epps;;2
Dean Gaudet;science;1
Total Dean Gaudet;;1
Dean Kuipers;the big story;1
Dean Kuipers;(vide);1
Total Dean Kuipers;;2
Dean Suzuki;(vide);6
Total Dean Suzuki;;6
Deanna Paul;security;1
Total Deanna Paul;;1
DeAnne Musolf;science;2
Total DeAnne Musolf;;2
Deb Monroe;culture;6
Total Deb Monroe;;6
Debbi Gardiner;business;8
Debbi Gardiner;culture;2
Debbi Gardiner;science;5
Debbi Gardiner;security;2
Total Debbi Gardiner;;17
Debbie Elkind;(vide);1
Total Debbie Elkind;;1
Debbie Ferguson;ideas;1
Total Debbie Ferguson;;1
Debby Waldman;culture;2
Debby Waldman;gear;1
Total Debby Waldman;;3
Debi Lewis;gear;1
Total Debi Lewis;;1
Deborah Blum;science;115
Total Deborah Blum;;115
Deborah Branscum;the big story;1
Total Deborah Branscum;;1
Deborah Gordon;business;1
Deborah Gordon;opinion;1
Total Deborah Gordon;;2
Deborah Scoblionkov;culture;10
Deborah Scoblionkov;science;6
Deborah Scoblionkov;security;58
Total Deborah Scoblionkov;;74
Debra Aho Williamson;(vide);2
Total Debra Aho Williamson;;2
Debra J. Kaufman;(vide);1
Total Debra J. Kaufman;;1
Debra Jones;science;1
Total Debra Jones;;1
Debra Kaufman;business;2
Debra Kaufman;culture;2
Debra Kaufman;(vide);11
Total Debra Kaufman;;15
Declan McCullagh;business;81
Declan McCullagh;culture;43
Declan McCullagh;gear;8
Declan McCullagh;science;26
Declan McCullagh;security;849
Declan McCullagh;(vide);6
Total Declan McCullagh;;1013
Deirdre Barrett;business;1
Total Deirdre Barrett;;1
Del Johnson;ideas;1
Total Del Johnson;;1
Delilah Friedler;science;1
Total Delilah Friedler;;1
Dell Cameron;politics;4
Dell Cameron;security;28
Total Dell Cameron;;32
Delle Chan;gear;1
Delle Chan;science;6
Total Delle Chan;;7
Delphine;(vide);25
Total Delphine;;25
Demetria Mosley;gear;1
Total Demetria Mosley;;1
Demetrios Ioannou;business;1
Total Demetrios Ioannou;;1
Denis Faye;culture;14
Denis Faye;(vide);9
Total Denis Faye;;23
Denise Caruso;(vide);2
Total Denise Caruso;;2
Denise Dowling;(vide);2
Total Denise Dowling;;2
Denise Hamilton;business;1
Denise Hamilton;(vide);2
Total Denise Hamilton;;3
Dennis Buettner;(vide);1
Total Dennis Buettner;;1
Dennis McCauley;business;1
Dennis McCauley;gear;1
Dennis McCauley;science;1
Dennis McCauley;(vide);1
Total Dennis McCauley;;4
Dennis Mersereau;culture;1
Dennis Mersereau;science;4
Total Dennis Mersereau;;5
Dennis Overbye;culture;1
Dennis Overbye;(vide);2
Total Dennis Overbye;;3
dennisc;gear;2
Total dennisc;;2
"Derek Fagerstrom &amp; Lauren Smith";design;1
"Total Derek Fagerstrom &amp; Lauren Smith";;1
Derek Khanna;opinion;1
Total Derek Khanna;;1
Derek Powazek;opinion;1
Total Derek Powazek;;1
Derek Tarnow;(vide);4
Total Derek Tarnow;;4
Dermot McGrath;business;1
Dermot McGrath;culture;9
Dermot McGrath;science;11
Dermot McGrath;security;6
Total Dermot McGrath;;27
Devi Lockwood;science;1
Total Devi Lockwood;;1
Devika Khandelwal;science;1
Total Devika Khandelwal;;1
Devin Friedman;culture;1
Total Devin Friedman;;1
Devin Powell;science;9
Total Devin Powell;;9
Devon Henry;culture;8
Total Devon Henry;;8
Devon Maloney;culture;96
Total Devon Maloney;;96
Devon Powers;ideas;1
Total Devon Powers;;1
Dexter Thomas;the big story;
Total Dexter Thomas;;
Dhruv Mehrotra;business;5
Dhruv Mehrotra;security;24
Total Dhruv Mehrotra;;29
Dia Kayyali;opinion;1
Total Dia Kayyali;;1
Dia Lacina;culture;2
Total Dia Lacina;;2
Diana Hubbell;culture;1
Total Diana Hubbell;;1
Diana Kruzman;science;1
Total Diana Kruzman;;1
Diana M. Pho;culture;1
Total Diana M. Pho;;1
Diana Michele Yap;business;1
Diana Michele Yap;culture;4
Diana Michele Yap;science;4
Total Diana Michele Yap;;9
Diane Ackerman;opinion;1
Total Diane Ackerman;;1
Diane Anderson;science;5
Total Diane Anderson;;5
Diane Coyle;business;1
Total Diane Coyle;;1
Diane Kelly;science;2
Total Diane Kelly;;2
Diane Miller;culture;2
Total Diane Miller;;2
Dianne See Morrison;business;4
Dianne See Morrison;science;2
Dianne See Morrison;security;6
Total Dianne See Morrison;;12
Dick Satran;(vide);7
Total Dick Satran;;7
Dinah McLean;(vide);1
Total Dinah McLean;;1
Dinesh C Sharma;business;1
Total Dinesh C Sharma;;1
Dinos Chapman;business;1
Total Dinos Chapman;;1
Dipayan Ghosh;ideas;3
Total Dipayan Ghosh;;3
Dirk Mathison;science;2
Total Dirk Mathison;;2
DJ Muggs -- Cypress Hill;(vide);1
Total DJ Muggs -- Cypress Hill;;1
DL Byron;culture;2
DL Byron;gear;3
DL Byron;transportation;1
Total DL Byron;;6
Dmitri Dolgov;ideas;1
Total Dmitri Dolgov;;1
Do Not Delete WIRED Video Staff;business;1
Total Do Not Delete WIRED Video Staff;;1
Doc Searls;(vide);3
Total Doc Searls;;3
DOJ;security;2
Total DOJ;;2
Dominic Al-Badri;(vide);1
Total Dominic Al-Badri;;1
Don Frazier;(vide);1
Total Don Frazier;;1
Don Hoyt Gorman;culture;1
Total Don Hoyt Gorman;;1
Don Martelli;(vide);1
Total Don Martelli;;1
Don Peppers;(vide);1
Total Don Peppers;;1
Don Shump;(vide);30
Total Don Shump;;30
Don St. John;(vide);2
Total Don St. John;;2
Don Steinberg;(vide);1
Total Don Steinberg;;1
Don Tapscott;business;1
Don Tapscott;(vide);1
Total Don Tapscott;;2
Don Webb;(vide);1
Total Don Webb;;1
Donald Goldsmith;ideas;1
Total Donald Goldsmith;;1
Donavyn Coffey;security;1
Total Donavyn Coffey;;1
Donna Jackson Nakazawa;the big story;1
Total Donna Jackson Nakazawa;;1
Donna L. Hoffman;(vide);1
Total Donna L. Hoffman;;1
Donna Tapellini;business;1
Donna Tapellini;culture;2
Donna Tapellini;science;3
Total Donna Tapellini;;6
Donovan Webster;(vide);1
Total Donovan Webster;;1
Doree Shafrir;science;1
Total Doree Shafrir;;1
Dorion Sagan;opinion;1
Dorion Sagan;(vide);1
Total Dorion Sagan;;2
Dorri Olds;security;1
Total Dorri Olds;;1
Dottie Lux;opinion;1
Total Dottie Lux;;1
Doug Bierend;business;1
Doug Bierend;gear;1
Doug Bierend;opinion;5
Doug Bierend;photo;96
Doug Bierend;science;1
Doug Bierend;(vide);1
Total Doug Bierend;;105
Doug Bock Clark;business;1
Doug Bock Clark;security;1
Total Doug Bock Clark;;2
Doug Cornelius;(vide);57
Total Doug Cornelius;;57
Doug Fine;security;1
Doug Fine;(vide);2
Total Doug Fine;;3
Doug Garr;the big story;1
Total Doug Garr;;1
Doug Johnson;science;1
Total Doug Johnson;;1
Doug Johnson, Ars Technica;science;3
Total Doug Johnson, Ars Technica;;3
Doug Kendall and Hannah McCrea;science;1
Total Doug Kendall and Hannah McCrea;;1
Doug Mattson;(vide);1
Total Doug Mattson;;1
Doug Menuez;the big story;1
Total Doug Menuez;;1
Doug Newcomb;business;1
Doug Newcomb;gear;38
Doug Newcomb;transportation;1
Total Doug Newcomb;;40
Doug Stephens;business;1
Total Doug Stephens;;1
Douglas Bell;business;1
Total Douglas Bell;;1
Douglas C. McGill;(vide);2
Total Douglas C. McGill;;2
Douglas Cooper;(vide);2
Total Douglas Cooper;;2
Douglas Coupland;culture;2
Douglas Coupland;(vide);4
Total Douglas Coupland;;6
Douglas Crockford;(vide);2
Total Douglas Crockford;;2
Douglas E. Welch;(vide);1
Total Douglas E. Welch;;1
Douglas Fox;science;4
Total Douglas Fox;;4
Douglas Heingartner;culture;1
Douglas Heingartner;science;1
Douglas Heingartner;(vide);1
Total Douglas Heingartner;;3
Douglas McGray;(vide);12
Total Douglas McGray;;12
Douglas Preston;culture;1
Total Douglas Preston;;1
Douglas Starr;security;1
Douglas Starr;(vide);1
Total Douglas Starr;;2
Douglas Thomas;business;2
Douglas Thomas;science;2
Douglas Thomas;security;20
Total Douglas Thomas;;24
Douglas Wolk;culture;5
Douglas Wolk;(vide);1
Total Douglas Wolk;;6
Dov Seidman;opinion;1
Total Dov Seidman;;1
Dr Bibiana Campos Seijo;science;3
Total Dr Bibiana Campos Seijo;;3
Dr John Emsley;business;2
Dr John Emsley;culture;1
Dr John Emsley;science;23
Total Dr John Emsley;;26
Dr Ling Ge;gear;1
Dr Ling Ge;science;2
Total Dr Ling Ge;;3
Dr Richard Wilson;business;1
Total Dr Richard Wilson;;1
Dr. Andrew Weil;culture;18
Total Dr. Andrew Weil;;18
Dr. John Holdren;opinion;1
Total Dr. John Holdren;;1
Dr. Travis Rieder;opinion;1
Total Dr. Travis Rieder;;1
Drake Bennett;(vide);1
Total Drake Bennett;;1
Drew Austin;ideas;2
Total Drew Austin;;2
Drew Dakessian;culture;1
Total Drew Dakessian;;1
Drew Schutte;(vide);1
Total Drew Schutte;;1
Drew Stewart;culture;1
Total Drew Stewart;;1
Drue Kataoka;opinion;2
Total Drue Kataoka;;2
Dudu Mimran;security;1
Total Dudu Mimran;;1
Duff McDonald;business;1
Duff McDonald;the big story;2
Duff McDonald;(vide);3
Total Duff McDonald;;6
Duncan Baizley;science;1
Total Duncan Baizley;;1
Duncan Campbell;business;1
Total Duncan Campbell;;1
Duncan Clark;the big story;1
Total Duncan Clark;;1
Duncan Geere;business;78
Duncan Geere;culture;61
Duncan Geere;design;4
Duncan Geere;gear;6
Duncan Geere;science;43
Duncan Geere;security;6
Total Duncan Geere;;198
Duncan Graham-Rowe;business;2
Duncan Graham-Rowe;science;1
Total Duncan Graham-Rowe;;3
Duncan Watts;(vide);1
Total Duncan Watts;;1
Dustin Goot;business;2
Dustin Goot;culture;8
Dustin Goot;gear;1
Dustin Goot;science;2
Dustin Goot;security;1
Dustin Goot;(vide);6
Total Dustin Goot;;20
Dwight Fenton;(vide);1
Total Dwight Fenton;;1
Dwight Holly;security;1
Total Dwight Holly;;1
Dylan Baddour;science;1
Total Dylan Baddour;;1
Dylan Jones;culture;1
Total Dylan Jones;;1
Dylan Tweney;business;90
Dylan Tweney;culture;2
Dylan Tweney;gear;170
Dylan Tweney;science;4
Dylan Tweney;security;1
Dylan Tweney;(vide);14
Total Dylan Tweney;;281
E. Steuer;(vide);2
Total E. Steuer;;2
E. Tammy Kim;science;1
Total E. Tammy Kim;;1
Eamonn Carey;culture;1
Total Eamonn Carey;;1
Earl Blumenauer;opinion;1
Total Earl Blumenauer;;1
Earl Einarson;design;1
Total Earl Einarson;;1
Earnest Cavalli;culture;912
Total Earnest Cavalli;;912
Eben Kirksey;science;1
Total Eben Kirksey;;1
Ed Anuff;science;2
Ed Anuff;(vide);3
Total Ed Anuff;;5
Ed Caesar;culture;1
Ed Caesar;gear;1
Ed Caesar;science;8
Total Ed Caesar;;10
Ed Cummings;(vide);1
Total Ed Cummings;;1
Ed Frauenheim;business;2
Ed Frauenheim;(vide);3
Total Ed Frauenheim;;5
Ed Freeman;business;1
Total Ed Freeman;;1
Ed Murrieta;culture;2
Ed Murrieta;security;6
Total Ed Murrieta;;8
Ed Regis;(vide);6
Total Ed Regis;;6
Ed Silverman;(vide);2
Total Ed Silverman;;2
Ed Vaizey;business;1
Total Ed Vaizey;;1
Ed White;business;1
Total Ed White;;1
Ed Yong;business;1
Ed Yong;science;3
Total Ed Yong;;4
Edan Yago;business;1
Total Edan Yago;;1
Edd Gent;science;1
Total Edd Gent;;1
Eddie Glaser;(vide);1
Total Eddie Glaser;;1
Eden Shochat;business;1
Total Eden Shochat;;1
Editor;(vide);2
Total Editor;;2
editors;(vide);2
Total editors;;2
Edmund Williams;(vide);1
Total Edmund Williams;;1
Edna Bonhomme;ideas;1
Total Edna Bonhomme;;1
Eduardo Aguilar Pelaez;business;1
Total Eduardo Aguilar Pelaez;;1
Edward Cone;(vide);4
Total Edward Cone;;4
Edward D. Hess;opinion;1
Total Edward D. Hess;;1
Edward Humes;transportation;1
Total Edward Humes;;1
Edward Lee;culture;1
Total Edward Lee;;1
Edward Luce;science;1
Total Edward Luce;;1
Edward Miller;ideas;1
Total Edward Miller;;1
Edward Ongweso Jr.;ideas;1
Total Edward Ongweso Jr.;;1
Edward Perello;science;1
Total Edward Perello;;1
Edward R. Silverman;(vide);1
Total Edward R. Silverman;;1
Edward Samuels;(vide);2
Total Edward Samuels;;2
Edward Snowden;ideas;1
Edward Snowden;security;1
Edward Snowden;the big story;1
Total Edward Snowden;;3
Edward Stroz;security;1
Total Edward Stroz;;1
Edward Tufte;(vide);1
Total Edward Tufte;;1
Edward Wong;science;1
Edward Wong;security;1
Edward Wong;(vide);2
Total Edward Wong;;4
Edwin Evans-Thirlwell;culture;1
Total Edwin Evans-Thirlwell;;1
Edwin Smith;business;3
Total Edwin Smith;;3
Eileen Buckley;business;4
Total Eileen Buckley;;4
Eileen Guo;the big story;1
Total Eileen Guo;;1
Elaine Allaby;business;2
Total Elaine Allaby;;2
Elaine Joy;ideas;1
Total Elaine Joy;;1
Elan Lohmann;science;1
Elan Lohmann;security;1
Total Elan Lohmann;;2
Elana Klein;business;2
Elana Klein;culture;1
Total Elana Klein;;3
Elana Levin;culture;2
Total Elana Levin;;2
Eldar Shafir;business;1
Total Eldar Shafir;;1
Eleanor Cummins;ideas;13
Eleanor Cummins;science;2
Total Eleanor Cummins;;15
Eleanor Morgan;science;1
Total Eleanor Morgan;;1
Eleanor Peake;business;13
Eleanor Peake;culture;5
Eleanor Peake;gear;3
Eleanor Peake;photo;22
Eleanor Peake;science;12
Eleanor Peake;security;3
Total Eleanor Peake;;58
Eleanor Tweddell;business;1
Total Eleanor Tweddell;;1
Elena Conis;ideas;1
Total Elena Conis;;1
Elena Glassman;opinion;1
Total Elena Glassman;;1
Elena Lacey;culture;2
Elena Lacey;gear;1
Elena Lacey;science;1
Total Elena Lacey;;4
Elena Saavedra Buckley;science;3
Total Elena Saavedra Buckley;;3
Eleonora Rabinovich;business;1
Eleonora Rabinovich;security;1
Total Eleonora Rabinovich;;2
Elham Khatami;security;1
Total Elham Khatami;;1
Eli Dourado;opinion;1
Total Eli Dourado;;1
Eli Hager;security;1
Total Eli Hager;;1
Eli Kintisch;science;1
Total Eli Kintisch;;1
Eli Milchman;gear;4
Eli Milchman;transportation;1
Total Eli Milchman;;5
Eli Pariser;ideas;2
Eli Pariser;(vide);1
Total Eli Pariser;;3
Eli Reiter;gear;1
Total Eli Reiter;;1
Elias Groll;security;2
Total Elias Groll;;2
Eliot Higgins;security;1
Total Eliot Higgins;;1
Eliot Stein;design;1
Eliot Stein;photo;1
Total Eliot Stein;;2
Eliot Van Buskirk;business;462
Eliot Van Buskirk;culture;51
Eliot Van Buskirk;gear;36
Eliot Van Buskirk;security;2
Eliot Van Buskirk;(vide);982
Total Eliot Van Buskirk;;1533
elipariser;the big story;1
Total elipariser;;1
Elisa Batista;business;161
Elisa Batista;culture;18
Elisa Batista;gear;149
Elisa Batista;science;21
Elisa Batista;security;6
Total Elisa Batista;;355
Elisa Shoenberger;culture;2
Total Elisa Shoenberger;;2
Elisabeth Eaves;the big story;1
Total Elisabeth Eaves;;1
Elise Craig;business;1
Elise Craig;culture;6
Elise Craig;design;5
Elise Craig;gear;5
Elise Craig;opinion;1
Elise Craig;science;5
Elise Craig;security;2
Total Elise Craig;;25
Elise Cutts;science;1
Total Elise Cutts;;1
Elise Hu;ideas;1
Total Elise Hu;;1
Elise Thomas;business;4
Elise Thomas;culture;3
Elise Thomas;security;1
Elise Thomas;the big story;1
Total Elise Thomas;;9
Elishai Ezra;science;1
Total Elishai Ezra;;1
Elissa M. Redmiles;ideas;1
Total Elissa M. Redmiles;;1
Elissaveta M. Brandon;gear;3
Total Elissaveta M. Brandon;;3
Eliza Gauger;culture;41
Eliza Gauger;culture news;1
Eliza Gauger;(vide);47
Total Eliza Gauger;;89
Eliza Gkritsi;business;1
Total Eliza Gkritsi;;1
Eliza Khuner;business;1
Total Eliza Khuner;;1
Eliza Strickland;culture;1
Eliza Strickland;science;5
Eliza Strickland;transportation;1
Total Eliza Strickland;;7
Elizabeth Armstrong;(vide);5
Total Elizabeth Armstrong;;5
Elizabeth Bailey;opinion;1
Total Elizabeth Bailey;;1
Elizabeth Barber;culture;1
Total Elizabeth Barber;;1
Elizabeth Bard;(vide);1
Total Elizabeth Bard;;1
Elizabeth Biddlecombe;culture;3
Elizabeth Biddlecombe;gear;6
Elizabeth Biddlecombe;science;3
Total Elizabeth Biddlecombe;;12
Elizabeth Cha;(vide);3
Total Elizabeth Cha;;3
Elizabeth Eckelkamp;science;1
Total Elizabeth Eckelkamp;;1
Elizabeth Finkel;science;1
Total Elizabeth Finkel;;1
Elizabeth Grace Saunders;gear;1
Total Elizabeth Grace Saunders;;1
Elizabeth Held;culture;1
Total Elizabeth Held;;1
Elizabeth Jameson;transportation;1
Total Elizabeth Jameson;;1
Elizabeth Kolbert;science;1
Total Elizabeth Kolbert;;1
Elizabeth Landau;business;1
Elizabeth Landau;culture;2
Elizabeth Landau;science;1
Total Elizabeth Landau;;4
Elizabeth Lewis;(vide);5
Total Elizabeth Lewis;;5
Elizabeth LewisCastle;(vide);1
Total Elizabeth LewisCastle;;1
Elizabeth M. Renieris;ideas;1
Total Elizabeth M. Renieris;;1
Elizabeth Manus;(vide);1
Total Elizabeth Manus;;1
Elizabeth Minkel;culture;3
Elizabeth Minkel;ideas;1
Total Elizabeth Minkel;;4
Elizabeth Norton;science;3
Total Elizabeth Norton;;3
Elizabeth Pennisi;science;2
Total Elizabeth Pennisi;;2
Elizabeth Pisani;science;1
Total Elizabeth Pisani;;1
Elizabeth Preston;science;1
Total Elizabeth Preston;;1
Elizabeth Rayne, Ars Technica;science;1
Total Elizabeth Rayne, Ars Technica;;1
Elizabeth Rossiello;ideas;1
Total Elizabeth Rossiello;;1
Elizabeth Scharpf;business;1
Total Elizabeth Scharpf;;1
Elizabeth Shogren;science;4
Total Elizabeth Shogren;;4
Elizabeth Stinson;business;1
Elizabeth Stinson;(vide);1
Total Elizabeth Stinson;;2
Elizabeth Svoboda;science;5
Elizabeth Svoboda;the big story;1
Total Elizabeth Svoboda;;6
Elizabeth Uviebinené;business;1
Total Elizabeth Uviebinené;;1
Elizabeth Weil;culture;1
Total Elizabeth Weil;;1
Elizabeth Williamson;ideas;1
Total Elizabeth Williamson;;1
Elizabeth Woyke;the big story;1
Total Elizabeth Woyke;;1
Ella Cory-Wright;science;1
Total Ella Cory-Wright;;1
Elle Hunt;business;2
Total Elle Hunt;;2
Ellen Airhart;gear;2
Ellen Airhart;ideas;1
Ellen Airhart;science;15
Ellen Airhart;security;1
Total Ellen Airhart;;19
Ellen Henderson;(vide);37
Total Ellen Henderson;;37
Ellen MacArthur;ideas;1
Ellen MacArthur;science;1
Total Ellen MacArthur;;2
Ellen Pao;business;2
Ellen Pao;ideas;6
Total Ellen Pao;;8
Ellen Ullman;(vide);3
Total Ellen Ullman;;3
Elliot Ackerman;security;1
Elliot Ackerman;the big story;11
Total Elliot Ackerman;;12
Elliot Borin;business;2
Elliot Borin;culture;1
Elliot Borin;science;11
Elliot Borin;security;11
Elliot Borin;transportation;1
Total Elliot Borin;;26
Elliott Woods;the big story;3
Total Elliott Woods;;3
Elvia Wilk;ideas;1
Total Elvia Wilk;;1
Emanuel Derman;science;1
Total Emanuel Derman;;1
Emanuele Midolo;business;1
Emanuele Midolo;ideas;1
Total Emanuele Midolo;;2
Emerson T. Brooking;business;1
Emerson T. Brooking;security;1
Total Emerson T. Brooking;;2
Emery Brown;science;1
Total Emery Brown;;1
Emiko Jozuka;business;24
Emiko Jozuka;culture;10
Emiko Jozuka;gear;1
Emiko Jozuka;science;10
Total Emiko Jozuka;;45
Emil Protalinski, ars technica;business;1
Total Emil Protalinski, ars technica;;1
Emiliano Mellino;business;4
Total Emiliano Mellino;;4
Emiliano Ruprah;science;1
Total Emiliano Ruprah;;1
Emilio Ferrara;business;1
Total Emilio Ferrara;;1
Emily Anthes;business;1
Emily Anthes;(vide);1
Total Emily Anthes;;2
Emily Atkin;science;5
Total Emily Atkin;;5
Emily Balistrieri;culture;9
Total Emily Balistrieri;;9
Emily Benson;science;1
Total Emily Benson;;1
Emily Cataneo;science;1
Total Emily Cataneo;;1
Emily Ding;security;1
Total Emily Ding;;1
Emily Dreyfuss;business;60
Emily Dreyfuss;culture;69
Emily Dreyfuss;design;1
Emily Dreyfuss;gear;16
Emily Dreyfuss;opinion;14
Emily Dreyfuss;science;28
Emily Dreyfuss;security;98
Emily Dreyfuss;(vide);1
Total Emily Dreyfuss;;287
Emily Holden;science;3
Total Emily Holden;;3
Emily Hund;ideas;1
Total Emily Hund;;1
Emily Jenkins;(vide);1
Total Emily Jenkins;;1
Emily Jupp;science;1
Total Emily Jupp;;1
Emily Kaplan;gear;1
Total Emily Kaplan;;1
Emily Lakdawalla;science;1
Total Emily Lakdawalla;;1
Emily Lang;gear;1
Total Emily Lang;;1
Emily McManus;(vide);3
Total Emily McManus;;3
Emily Meehan;culture;1
Total Emily Meehan;;1
Emily Mullin;science;88
Total Emily Mullin;;88
Emily Orton;security;1
Total Emily Orton;;1
Emily P.G. Erickson;gear;1
Total Emily P.G. Erickson;;1
Emily Parker;security;1
Total Emily Parker;;1
Emily Peck;business;11
Emily Peck;culture;7
Emily Peck;gear;11
Emily Peck;science;7
Total Emily Peck;;36
Emily Pontecorvo;science;1
Total Emily Pontecorvo;;1
Emily Reynolds;business;203
Emily Reynolds;culture;30
Emily Reynolds;gear;8
Emily Reynolds;science;218
Emily Reynolds;security;12
Total Emily Reynolds;;471
Emily Schwing;science;
Total Emily Schwing;;
Emily Singer;science;18
Total Emily Singer;;18
Emily Stone;culture;1
Total Emily Stone;;1
Emily Taylor;ideas;1
Total Emily Taylor;;1
Emily Underwood;science;3
Total Emily Underwood;;3
Emily Vincent;business;1
Emily Vincent;culture;2
Total Emily Vincent;;3
Emily Willingham;science;1
Total Emily Willingham;;1
Emily Wright;business;2
Emily Wright;ideas;1
Total Emily Wright;;3
Emma Briant;ideas;1
Total Emma Briant;;1
Emma Bryce;business;28
Emma Bryce;culture;3
Emma Bryce;gear;3
Emma Bryce;photo;2
Emma Bryce;science;32
Emma Bryce;the big story;1
Total Emma Bryce;;69
Emma Byrne;business;1
Emma Byrne;ideas;1
Emma Byrne;science;1
Total Emma Byrne;;3
Emma Ellis;science;1
Total Emma Ellis;;1
Emma Flint;culture;1
Total Emma Flint;;1
Emma Foehringer Merchant;science;6
Total Emma Foehringer Merchant;;6
Emma Grey Ellis;business;5
Emma Grey Ellis;culture;266
Emma Grey Ellis;design;2
Emma Grey Ellis;digital culture;1
Emma Grey Ellis;science;88
Emma Grey Ellis;security;3
Emma Grey Ellis;transportation;2
Total Emma Grey Ellis;;367
Emma Hughes;culture;2
Total Emma Hughes;;2
Emma Johnson;business;1
Total Emma Johnson;;1
Emma Llansó;business;1
Total Emma Llansó;;1
Emma Madden;culture;1
Total Emma Madden;;1
Emma Marris;business;1
Emma Marris;science;4
Total Emma Marris;;5
Emma Pattee;culture;1
Emma Pattee;gear;1
Emma Pattee;science;2
Total Emma Pattee;;4
Emma Pierson;opinion;1
Total Emma Pierson;;1
Emma Ricketts;science;1
Total Emma Ricketts;;1
Emma Sheppard;business;5
Total Emma Sheppard;;5
Emma Span;(vide);1
Total Emma Span;;1
Emma-Lee Moss;culture;1
Total Emma-Lee Moss;;1
Emmet Cole;culture;5
Emmet Cole;science;1
Total Emmet Cole;;6
Emmet Livingstone;science;1
Total Emmet Livingstone;;1
Emmie Harrison-West;culture;1
Total Emmie Harrison-West;;1
Enrico Fantoni;business;1
Total Enrico Fantoni;;1
Enrique Garabetyan;business;1
Total Enrique Garabetyan;;1
Environment News Service;business;8
Environment News Service;culture;6
Environment News Service;science;62
Environment News Service;security;17
Total Environment News Service;;93
Eric Adams;business;7
Eric Adams;culture;1
Eric Adams;science;4
Eric Adams;security;2
Eric Adams;the big story;1
Eric Adams;transportation;173
Total Eric Adams;;188
Eric Auchard;business;5
Total Eric Auchard;;5
Eric Barker;science;3
Total Eric Barker;;3
Eric Bender;science;1
Total Eric Bender;;1
Eric Berger, Ars Technica;science;17
Total Eric Berger, Ars Technica;;17
Eric Blattberg;business;6
Eric Blattberg;culture;1
Eric Blattberg;gear;1
Total Eric Blattberg;;8
Eric Boodman;science;1
Total Eric Boodman;;1
Eric Charles Steuer;(vide);1
Total Eric Charles Steuer;;1
Eric Demby;(vide);4
Total Eric Demby;;4
Eric Ducker;culture;2
Total Eric Ducker;;2
Eric Garland;(vide);1
Total Eric Garland;;1
Eric Geller;security;9
Total Eric Geller;;9
Eric Hagerman;business;1
Eric Hagerman;gear;3
Eric Hagerman;science;3
Total Eric Hagerman;;7
Eric Harshbarger;culture;2
Eric Harshbarger;(vide);3
Total Eric Harshbarger;;5
Eric Herbert;(vide);1
Total Eric Herbert;;1
Eric Holthaus;science;7
Total Eric Holthaus;;7
Eric Horner;(vide);1
Total Eric Horner;;1
Eric Hutson;science;1
Total Eric Hutson;;1
Eric J. Wallace;science;1
Total Eric J. Wallace;;1
Eric Kettunen;(vide);1
Total Eric Kettunen;;1
Eric Klinenberg;science;1
Total Eric Klinenberg;;1
Eric Lander;ideas;1
Total Eric Lander;;1
Eric Meyer;science;2
Total Eric Meyer;;2
Eric Niiler;business;2
Eric Niiler;design;1
Eric Niiler;gear;1
Eric Niiler;science;204
Eric Niiler;security;2
Eric Niiler;transportation;2
Total Eric Niiler;;212
Eric Pobirs;science;1
Total Eric Pobirs;;1
Eric Putter;(vide);1
Total Eric Putter;;1
Eric Ravenscraft;business;1
Eric Ravenscraft;culture;19
Eric Ravenscraft;gear;92
Eric Ravenscraft;security;6
Total Eric Ravenscraft;;118
Eric Reidy;culture;1
Total Eric Reidy;;1
Eric Ries;business;1
Total Eric Ries;;1
Eric Rodenbeck;opinion;1
Total Eric Rodenbeck;;1
Eric Schmidt;opinion;1
Total Eric Schmidt;;1
Eric Smalley;business;15
Eric Smalley;design;1
Eric Smalley;gear;1
Total Eric Smalley;;17
Eric Smillie;culture;2
Eric Smillie;design;2
Eric Smillie;science;1
Eric Smillie;(vide);2
Total Eric Smillie;;7
Eric Smillie | Bryan Gardiner;science;1
Total Eric Smillie | Bryan Gardiner;;1
Eric Snoey;ideas;1
Total Eric Snoey;;1
Eric Steuer;business;5
Eric Steuer;culture;17
Eric Steuer;gear;3
Eric Steuer;opinion;2
Eric Steuer;(vide);13
Total Eric Steuer;;40
Eric Tegler;gear;2
Total Eric Tegler;;2
Eric Theise;(vide);2
Total Eric Theise;;2
Eric Thurm;culture;31
Eric Thurm;the big story;1
Total Eric Thurm;;32
Eric Topol;the big story;2
Total Eric Topol;;2
Eric Umansky;culture;2
Total Eric Umansky;;2
Eric Van Allen;culture;1
Eric Van Allen;the big story;1
Total Eric Van Allen;;2
Eric Wesoff, greentechmedia;business;2
Total Eric Wesoff, greentechmedia;;2
Erica Berry;ideas;1
Total Erica Berry;;1
Erica Borghard;ideas;1
Total Erica Borghard;;1
Erica Gies;science;2
Total Erica Gies;;2
Erica Kasper;gear;2
Total Erica Kasper;;2
Erica Klarreich;science;30
Total Erica Klarreich;;30
Erica Lenti;culture;1
Total Erica Lenti;;1
Erica Lloyd;science;2
Total Erica Lloyd;;2
Erik B. Steiner;science;1
Total Erik B. Steiner;;1
Erik Baard;business;3
Erik Baard;culture;5
Erik Baard;gear;1
Erik Baard;science;23
Erik Baard;security;2
Total Erik Baard;;34
Erik Davis;(vide);13
Total Erik Davis;;13
Erik Henriksen;culture;6
Total Erik Henriksen;;6
Erik Holsinger;(vide);2
Total Erik Holsinger;;2
Erik Klemetti;eruptions;348
Erik Klemetti;science;756
Total Erik Klemetti;;1104
Erik Malinowski;business;1
Erik Malinowski;culture;181
Erik Malinowski;gear;10
Erik Malinowski;(vide);4
Total Erik Malinowski;;196
Erik Nilsson;(vide);1
Total Erik Nilsson;;1
Erik Seedhouse;gear;1
Total Erik Seedhouse;;1
Erik Silfversten;security;1
Total Erik Silfversten;;1
Erik Spiekermann;(vide);1
Total Erik Spiekermann;;1
Erik Stokstad;science;1
Total Erik Stokstad;;1
Erik T. Mueller;design;1
Total Erik T. Mueller;;1
Erik Vance;science;1
Total Erik Vance;;1
Erik Wecks;(vide);58
Total Erik Wecks;;58
Erika Check;(vide);1
Total Erika Check;;1
Erika Check Hayden;science;6
Total Erika Check Hayden;;6
Erika Hall;opinion;1
Total Erika Hall;;1
Erika Hayasaki;science;1
Erika Hayasaki;the big story;1
Total Erika Hayasaki;;2
Erika Milvy;culture;5
Erika Milvy;(vide);2
Total Erika Milvy;;7
Erika Spence;(vide);1
Total Erika Spence;;1
Erika Stalder;culture;2
Erika Stalder;science;1
Total Erika Stalder;;3
Erin Biba;culture;7
Erin Biba;gear;7
Erin Biba;science;14
Erin Biba;(vide);16
Total Erin Biba;;44
Erin Cullerton;(vide);1
Total Erin Cullerton;;1
Erin Griffith;business;70
Erin Griffith;culture;1
Erin Griffith;security;1
Erin Griffith;the big story;1
Total Erin Griffith;;73
Erle Ellis;opinion;1
Erle Ellis;science;1
Total Erle Ellis;;2
Eryn Brown;(vide);3
Total Eryn Brown;;3
Esat Dedezade;business;1
Esat Dedezade;culture;1
Esat Dedezade;gear;4
Total Esat Dedezade;;6
Ese Olumhense;security;1
Total Ese Olumhense;;1
Esha Chhabra;business;5
Esha Chhabra;science;1
Total Esha Chhabra;;6
Esme Bella Rice;culture;1
Esme Bella Rice;gear;1
Total Esme Bella Rice;;2
Estelle Erasmus;culture;2
Estelle Erasmus;gear;1
Total Estelle Erasmus;;3
Esther Dyson;science;1
Esther Dyson;the big story;1
Esther Dyson;(vide);2
Total Esther Dyson;;4
Esther Landhuis;science;1
Total Esther Landhuis;;1
Esther Mollica;culture;3
Total Esther Mollica;;3
Esther Nakkazi;science;1
Total Esther Nakkazi;;1
Esther Ngumbi;ideas;2
Total Esther Ngumbi;;2
Esther Wojcicki;the big story;1
Total Esther Wojcicki;;1
Eternaut;the big story;1
Total Eternaut;;1
Etgar Keret;culture;1
Total Etgar Keret;;1
Ethan Brown;(vide);6
Total Ethan Brown;;6
Ethan Davison;culture;2
Total Ethan Davison;;2
Ethan Gilsdorf;culture;5
Ethan Gilsdorf;(vide);79
Total Ethan Gilsdorf;;84
Ethan Porter;ideas;1
Total Ethan Porter;;1
Ethan Smith;(vide);3
Total Ethan Smith;;3
Ethan Watters;culture;1
Ethan Watters;(vide);2
Total Ethan Watters;;3
Ethan Zuckerman;business;1
Total Ethan Zuckerman;;1
Eugene Lim;culture;1
Total Eugene Lim;;1
Eugene Mosier;(vide);4
Total Eugene Mosier;;4
Eugene Pitts;(vide);1
Total Eugene Pitts;;1
Eva Holland;science;2
Eva Holland;the big story;1
Total Eva Holland;;3
Eva Kokopeli;culture;21
Eva Kokopeli;gear;1
Total Eva Kokopeli;;22
Evan D. Morris;science;1
Total Evan D. Morris;;1
Evan Greer;ideas;2
Total Evan Greer;;2
Evan Hansen;business;18
Evan Hansen;culture;2
Evan Hansen;gear;7
Evan Hansen;science;3
Evan Hansen;security;5
Evan Hansen;the big story;1
Evan Hansen;(vide);1
Total Evan Hansen;;37
Evan Hughes;culture;1
Total Evan Hughes;;1
Evan I. Schwartz;(vide);14
Total Evan I. Schwartz;;14
Evan L. Marcus;(vide);2
Total Evan L. Marcus;;2
Evan Lubofsky;science;1
Evan Lubofsky;the big story;1
Total Evan Lubofsky;;2
Evan Predavec;(vide);18
Total Evan Predavec;;18
Evan Ratliff;business;2
Evan Ratliff;science;1
Evan Ratliff;security;2
Evan Ratliff;the big story;2
Evan Ratliff;(vide);61
Total Evan Ratliff;;68
"Evan Ratliff; Icons by Jez Burrows";business;1
"Total Evan Ratliff; Icons by Jez Burrows";;1
Evan Selinger;opinion;9
Total Evan Selinger;;9
Evan Shamoon;gear;1
Total Evan Shamoon;;1
Evantheia Schibsted;culture;1
Evantheia Schibsted;(vide);2
Total Evantheia Schibsted;;3
Evany Thomas;culture;1
Evany Thomas;science;2
Total Evany Thomas;;3
Eve Andrews;science;1
Total Eve Andrews;;1
Eve Fairbanks;the big story;1
Total Eve Fairbanks;;1
Eve Sneider;business;1
Eve Sneider;science;41
Total Eve Sneider;;42
evelyn douek;ideas;2
Total evelyn douek;;2
Evelyn Lamb;science;1
Total Evelyn Lamb;;1
Evelyn Nussenbaum;(vide);1
Total Evelyn Nussenbaum;;1
Evgeny Morozov;(vide);1
Total Evgeny Morozov;;1
Eviana Hartman;gear;1
Total Eviana Hartman;;1
Evolver.fm;culture;12
Total Evolver.fm;;12
Ewan Wilson;culture;2
Total Ewan Wilson;;2
Ewen Hosie;culture;1
Total Ewen Hosie;;1
F. Randall Farmer;(vide);1
Total F. Randall Farmer;;1
F.R.;(vide);1
Total F.R.;;1
Fábio Zuker;the big story;1
Total Fábio Zuker;;1
Fadeke Adegbuyi;ideas;1
Total Fadeke Adegbuyi;;1
Faima Bakar;ideas;1
Total Faima Bakar;;1
Fanny Moizant;culture;1
Total Fanny Moizant;;1
Farhad Manjoo;business;62
Farhad Manjoo;culture;31
Farhad Manjoo;gear;5
Farhad Manjoo;science;60
Farhad Manjoo;security;42
Total Farhad Manjoo;;200
Farmer Person;(vide);1
Total Farmer Person;;1
Farouk El-Baz;(vide);1
Total Farouk El-Baz;;1
Feargus O'Sullivan;science;3
Total Feargus O'Sullivan;;3
Federica Carugati;ideas;1
Total Federica Carugati;;1
Federico Marchetti;gear;1
Total Federico Marchetti;;1
Federico Pistono;business;1
Total Federico Pistono;;1
Felipe Korzenny;culture;1
Total Felipe Korzenny;;1
Felix Franz;business;1
Felix Franz;gear;1
Total Felix Franz;;2
Felix Martin;business;1
Total Felix Martin;;1
Felix Salmon;business;18
Felix Salmon;ideas;16
Felix Salmon;(vide);1
Total Felix Salmon;;35
Felix Scholz;gear;2
Total Felix Scholz;;2
Ferris Jabr;ideas;2
Ferris Jabr;science;1
Ferris Jabr;the big story;1
Total Ferris Jabr;;4
Fiachra Gibbons;business;2
Total Fiachra Gibbons;;2
Fil Yeskel;(vide);1
Total Fil Yeskel;;1
Finbarr Livesey;business;1
Total Finbarr Livesey;;1
Fiona Harvey;science;1
Total Fiona Harvey;;1
Fiona Lowenstein;ideas;1
Total Fiona Lowenstein;;1
Firuzeh Mahmoudi;security;1
Total Firuzeh Mahmoudi;;1
Flavia Cappellini;business;1
Total Flavia Cappellini;;1
Flavie Halais;cities and infrastructure;1
Flavie Halais;science;1
Flavie Halais;transportation;10
Total Flavie Halais;;12
Flavio Bustos;culture;1
Flavio Bustos;security;1
Total Flavio Bustos;;2
Fleur Macdonald;culture;1
Total Fleur Macdonald;;1
Flora Tsapovsky;culture;1
Flora Tsapovsky;gear;4
Total Flora Tsapovsky;;5
flore vasseur;the big story;1
Total flore vasseur;;1
Florence Williams;ideas;1
Florence Williams;(vide);1
Total Florence Williams;;2
Florian Singhoff;business;3
Total Florian Singhoff;;3
Foggy Brume;culture;1
Total Foggy Brume;;1
Forrest Jehlik;gear;1
Total Forrest Jehlik;;1
Fran Ilich;culture;1
Total Fran Ilich;;1
Frances Coppola;business;1
Total Frances Coppola;;1
Frances Katz;business;1
Frances Katz;security;1
Total Frances Katz;;2
Francesca Bria;business;1
Total Francesca Bria;;1
Francesca DeRosa;ideas;1
Total Francesca DeRosa;;1
Francesca Perry;business;2
Francesca Perry;gear;1
Francesca Perry;science;1
Total Francesca Perry;;4
Francesca Tripodi;business;1
Francesca Tripodi;ideas;1
Total Francesca Tripodi;;2
Francis Churchill;security;1
Total Francis Churchill;;1
Francis Heaney;(vide);1
Total Francis Heaney;;1
Francis Hwang;(vide);1
Total Francis Hwang;;1
Francisco Garcia;business;1
Francisco Garcia;security;1
Total Francisco Garcia;;2
Frank Borman;(vide);2
Total Frank Borman;;2
Frank Bures;science;1
Total Frank Bures;;1
Frank Drake;(vide);1
Total Frank Drake;;1
Frank Frey;(vide);1
Total Frank Frey;;1
Frank Jossi;business;3
Frank Jossi;culture;6
Frank Jossi;science;2
Frank Jossi;(vide);13
Total Frank Jossi;;24
Frank Marquardt;(vide);3
Total Frank Marquardt;;3
Frank Rose;business;11
Frank Rose;culture;6
Frank Rose;(vide);40
Total Frank Rose;;57
Frank Swain;business;3
Frank Swain;culture;2
Frank Swain;science;3
Frank Swain;security;1
Total Frank Swain;;9
Frank Wilczek;science;2
Total Frank Wilczek;;2
Frankfurt Opens;culture;2
Total Frankfurt Opens;;2
Franki Cookney;culture;1
Franki Cookney;gear;1
Total Franki Cookney;;2
Frankie Adkins;culture;1
Total Frankie Adkins;;1
Franklyn G. Prendergast;opinion;2
Total Franklyn G. Prendergast;;2
Fraser Cain;science;22
Total Fraser Cain;;22
Fred Benenson;(vide);2
Total Fred Benenson;;2
Fred Branfman;science;1
Total Fred Branfman;;1
Fred Davis;(vide);3
Total Fred Davis;;3
Fred Hapgood;security;1
Fred Hapgood;(vide);16
Total Fred Hapgood;;17
Fred Pearce;science;4
Total Fred Pearce;;4
Fred Schruers;culture;1
Total Fred Schruers;;1
Fred Vogelstein;business;50
Fred Vogelstein;gear;1
Fred Vogelstein;opinion;3
Fred Vogelstein;science;4
Fred Vogelstein;(vide);2
Total Fred Vogelstein;;60
Freddie Mason;culture;1
Total Freddie Mason;;1
Frederic E. Davis;(vide);3
Total Frederic E. Davis;;3
Frédéric Madre;culture;12
Total Frédéric Madre;;12
Frederick Bernas;security;1
Total Frederick Bernas;;1
Frederick Kaufman;(vide);2
Total Frederick Kaufman;;2
Frederik Joelving;business;1
Frederik Joelving;culture;2
Frederik Joelving;science;1
Total Frederik Joelving;;4
Frederik Pohl;(vide);1
Total Frederik Pohl;;1
Frith Breitzer;(vide);1
Total Frith Breitzer;;1
frog;design;1
Total frog;;1
Future Crimes;the big story;1
Total Future Crimes;;1
FXGUIDE FOR WIRED VIDEO;culture;1
Total FXGUIDE FOR WIRED VIDEO;;1
G. Beato;(vide);2
Total G. Beato;;2
G. Pascal Zachary;(vide);2
Total G. Pascal Zachary;;2
G. Ryan Faith;the big story;1
Total G. Ryan Faith;;1
G.W. Schulz, Center for Investigative Reporting;security;3
Total G.W. Schulz, Center for Investigative Reporting;;3
Gabby Deutch;ideas;1
Total Gabby Deutch;;1
Gabe Friedman;business;1
Gabe Friedman;culture;1
Gabe Friedman;security;1
Total Gabe Friedman;;3
Gabriel Aikins;culture;2
Total Gabriel Aikins;;2
Gabriel Geiger;security;1
Total Gabriel Geiger;;1
Gabriel Grill;ideas;1
Total Gabriel Grill;;1
Gabriel Leão;culture;2
Total Gabriel Leão;;2
Gabriel Nicholas;ideas;1
Gabriel Nicholas;the big story;1
Total Gabriel Nicholas;;2
Gabriel Popkin;science;4
Total Gabriel Popkin;;4
Gabriel Ratcliffe;(vide);1
Total Gabriel Ratcliffe;;1
Gabriel Solis;culture;2
Total Gabriel Solis;;2
Gabriela Galindo;business;1
Total Gabriela Galindo;;1
Gabriella Coleman;opinion;1
Gabriella Coleman;the big story;1
Total Gabriella Coleman;;2
Gabrielle Canon;science;1
Total Gabrielle Canon;;1
Gabrielle Caplan;gear;1
Total Gabrielle Caplan;;1
Gaby Weidling;(vide);1
Total Gaby Weidling;;1
Gad Saad;business;1
Total Gad Saad;;1
Gadget Lab;business;1
Gadget Lab;gear;8
Total Gadget Lab;;9
Gadget Lab Staff;gear;6
Total Gadget Lab Staff;;6
Gadi Amit;business;1
Gadi Amit;design;1
Total Gadi Amit;;2
Gaetano Prisciantelli;science;1
Total Gaetano Prisciantelli;;1
Gaia Bernstein;ideas;1
Total Gaia Bernstein;;1
Gail Nakada;(vide);13
Total Gail Nakada;;13
Gail Saltz;opinion;1
Total Gail Saltz;;1
Ganesh Sitaraman;ideas;1
Total Ganesh Sitaraman;;1
Gareth Adams;culture;1
Total Gareth Adams;;1
Gareth Branwyn;culture;18
Gareth Branwyn;science;4
Gareth Branwyn;(vide);79
Total Gareth Branwyn;;101
Gareth Branwyn jargon@wiredmag.com;(vide);1
Total Gareth Branwyn jargon@wiredmag.com;;1
Gareth Morinan;ideas;1
Total Gareth Morinan;;1
Garin Pirnia;culture;1
Total Garin Pirnia;;1
Garnet Henderson;science;3
Total Garnet Henderson;;3
Garphil Julien;ideas;1
Total Garphil Julien;;1
Garrett Culhane;(vide);1
Total Garrett Culhane;;1
Garrett Fisher;gear;1
Total Garrett Fisher;;1
Garrett M. Graff;business;5
Garrett M. Graff;ideas;6
Garrett M. Graff;opinion;1
Garrett M. Graff;science;1
Garrett M. Graff;security;89
Garrett M. Graff;the big story;19
Garrett M. Graff;(vide);1
Total Garrett M. Graff;;122
Garrett Neiman;business;1
Total Garrett Neiman;;1
Garth Sundem;science;1
Garth Sundem;(vide);50
Total Garth Sundem;;51
Gary Andrew Poole;(vide);4
Total Gary Andrew Poole;;4
Gary C. Hudson;(vide);1
Total Gary C. Hudson;;1
Gary Cansell;science;2
Total Gary Cansell;;2
Gary Fuller;science;1
Total Gary Fuller;;1
Gary Greenberg;the big story;1
Gary Greenberg;(vide);1
Total Gary Greenberg;;2
Gary Johnson;culture;1
Total Gary Johnson;;1
Gary Kasparov;business;1
Total Gary Kasparov;;1
Gary Klein;business;1
Total Gary Klein;;1
Gary M. Stern;(vide);1
Total Gary M. Stern;;1
Gary Marcus;business;2
Gary Marcus;culture;1
Gary Marcus;ideas;1
Gary Marcus;the big story;1
Total Gary Marcus;;5
Gary Myer;business;1
Gary Myer;opinion;2
Total Gary Myer;;3
Gary Rivlin;the big story;1
Gary Rivlin;(vide);6
Total Gary Rivlin;;7
Gary Slutkin;business;1
Total Gary Slutkin;;1
Gary Smith;science;1
Total Gary Smith;;1
Gary Wolf;business;2
Gary Wolf;culture;2
Gary Wolf;science;2
Gary Wolf;(vide);31
Total Gary Wolf;;37
Gary Wolfe;(vide);1
Total Gary Wolfe;;1
Gaurav Jain;business;1
Total Gaurav Jain;;1
Gavia Baker-Whitelaw;culture;1
Total Gavia Baker-Whitelaw;;1
Gavin Edwards;culture;2
Gavin Edwards;(vide);6
Total Gavin Edwards;;8
Gavin Kelly;business;1
Total Gavin Kelly;;1
Gavin Newsom;opinion;1
Total Gavin Newsom;;1
Gavin Wood;ideas;1
Total Gavin Wood;;1
Gayathri Vaidyanathan;science;1
Total Gayathri Vaidyanathan;;1
Gear Team;culture guides;1
Gear Team;deals;1
Gear Team;gear;54
Total Gear Team;;56
Geek's Guide to the Galaxy;books;1
Geek's Guide to the Galaxy;culture;443
Total Geek's Guide to the Galaxy;;444
GeekDad Anton;(vide);1
Total GeekDad Anton;;1
GeekDad Community;(vide);9
Total GeekDad Community;;9
GeekDad Guest Writer;(vide);18
Total GeekDad Guest Writer;;18
GeekDad Rewind;(vide);135
Total GeekDad Rewind;;135
GeekMom Blog;culture;1
GeekMom Blog;(vide);251
Total GeekMom Blog;;252
Geeta Dayal;culture;40
Geeta Dayal;design;1
Geeta Dayal;security;2
Total Geeta Dayal;;43
Geeta Nargund;science;1
Total Geeta Nargund;;1
Gemma Milne;business;1
Total Gemma Milne;;1
Gemma Tarlach;science;3
Total Gemma Tarlach;;3
Gene Alloway;(vide);1
Total Gene Alloway;;1
Gene J. Koprowski;business;8
Gene J. Koprowski;culture;3
Gene J. Koprowski;science;88
Gene J. Koprowski;security;23
Total Gene J. Koprowski;;122
Gene Kaprowski;security;3
Total Gene Kaprowski;;3
Gene Kropowski;business;1
Total Gene Kropowski;;1
Gene Pitts;(vide);2
Total Gene Pitts;;2
Genevieve Bookwalter;science;1
Total Genevieve Bookwalter;;1
Genevieve Guenther;science;
Total Genevieve Guenther;;
Genevieve Rajewski;gear;2
Total Genevieve Rajewski;;2
Genevieve Valentine;culture;1
Total Genevieve Valentine;;1
Genevieve von Petzinger;science;1
Total Genevieve von Petzinger;;1
Gentry Lane;culture;1
Total Gentry Lane;;1
Geoff Brumfiel;science;2
Total Geoff Brumfiel;;2
Geoff Manaugh;business;1
Geoff Manaugh;science;3
Geoff Manaugh;the big story;2
Total Geoff Manaugh;;6
Geoff Mulgan;business;1
Total Geoff Mulgan;;1
Geoff Shandler;(vide);2
Total Geoff Shandler;;2
Geoff White;the big story;1
Total Geoff White;;1
Geoffrey A. Manne;business;1
Total Geoffrey A. Manne;;1
Geoffrey Baxter;(vide);2
Total Geoffrey Baxter;;2
Geoffrey Bunting;culture;4
Geoffrey Bunting;gear;1
Geoffrey Bunting;ideas;1
Total Geoffrey Bunting;;6
Geoffrey Cain;the big story;1
Total Geoffrey Cain;;1
Geoffrey Gagnon;science;2
Total Geoffrey Gagnon;;2
Geoffrey James;(vide);1
Total Geoffrey James;;1
Geoffrey Manne;business;2
Total Geoffrey Manne;;2
Geoffrey Miller;science;1
Total Geoffrey Miller;;1
Geoffrey Moore;opinion;1
Total Geoffrey Moore;;1
George Bass;culture;1
Total George Bass;;1
George Berkowski;business;1
Total George Berkowski;;1
George Dyson;(vide);2
Total George Dyson;;2
George Estreich;culture;1
Total George Estreich;;1
George Everett;(vide);1
Total George Everett;;1
George Gilder;science;1
George Gilder;(vide);3
Total George Gilder;;4
George Kafka;culture;1
Total George Kafka;;1
George Lawton;(vide);1
Total George Lawton;;1
George Lewis;(vide);1
Total George Lewis;;1
George Lucas;(vide);1
Total George Lucas;;1
George Musser;science;4
Total George Musser;;4
George P. Shultz;business;1
Total George P. Shultz;;1
George Pavlik;(vide);1
Total George Pavlik;;1
George T. Hawley;(vide);1
Total George T. Hawley;;1
George Yang;culture;6
Total George Yang;;6
George Zaidan;the big story;1
Total George Zaidan;;1
George Zarkadakis;business;1
Total George Zarkadakis;;1
Georgia Gee;security;1
Total Georgia Gee;;1
Gerald Marzorati;science;1
Total Gerald Marzorati;;1
Gerald Posner;the big story;1
Total Gerald Posner;;1
Gerald Sauer;opinion;1
Total Gerald Sauer;;1
Geraldine Castro;science;3
Total Geraldine Castro;;3
Gerard O'Neill;the big story;1
Total Gerard O'Neill;;1
Gerard Van Der Leun;(vide);1
Total Gerard Van Der Leun;;1
Gerard Ward;culture;1
Total Gerard Ward;;1
Gerben de Graaf;(vide);1
Total Gerben de Graaf;;1
Gerd Leonhard;business;1
Total Gerd Leonhard;;1
Geremie R. Barme;(vide);1
Total Geremie R. Barme;;1
Gerry Kearns;business;1
Total Gerry Kearns;;1
Gershon Portnoi;gear;1
Total Gershon Portnoi;;1
Gever Tulley;(vide);1
Total Gever Tulley;;1
Gian M. Volpicelli;blockchain and cryptocurrency;1
Gian M. Volpicelli;business;144
Gian M. Volpicelli;culture;25
Gian M. Volpicelli;gear;9
Gian M. Volpicelli;ideas;6
Gian M. Volpicelli;photo;1
Gian M. Volpicelli;science;33
Gian M. Volpicelli;security;17
Gian M. Volpicelli;the big story;10
Total Gian M. Volpicelli;;246
Gianluca DeMartino;business;1
Total Gianluca DeMartino;;1
Gianmarco Raddi;security;1
Total Gianmarco Raddi;;1
Gideon Lewis-Kraus;business;4
Gideon Lewis-Kraus;culture;2
Gideon Lewis-Kraus;gear;1
Gideon Lewis-Kraus;the big story;4
Total Gideon Lewis-Kraus;;11
Gideon Lichfield;business;11
Gideon Lichfield;culture;
Gideon Lichfield;gear;1
Gideon Lichfield;ideas;3
Gideon Lichfield;science;1
Gideon Lichfield;security;1
Gideon Lichfield;the big story;
Total Gideon Lichfield;;17
Gigi Sohn;business;3
Gigi Sohn;ideas;2
Total Gigi Sohn;;5
Gilad Edelman;business;81
Gilad Edelman;gear;1
Gilad Edelman;ideas;21
Gilad Edelman;science;6
Gilad Edelman;security;23
Gilad Edelman;the big story;2
Total Gilad Edelman;;134
Giles Bowkett;(vide);2
Total Giles Bowkett;;2
Gill Oliver;culture;1
Total Gill Oliver;;1
Gillian Okimoto;science;1
Total Gillian Okimoto;;1
Gina Clifford;(vide);16
Total Gina Clifford;;16
Gina Neff;ideas;2
Gina Neff;science;1
Total Gina Neff;;3
Gina Rich;culture;1
Total Gina Rich;;1
Gina Smith;(vide);1
Total Gina Smith;;1
Giorgia Scaturro;science;1
Total Giorgia Scaturro;;1
Giorgio Terruzzi;business;1
Total Giorgio Terruzzi;;1
Giovanni Garcia-Fenech;culture;2
Total Giovanni Garcia-Fenech;;2
Giovanni McClellan;science;2
Total Giovanni McClellan;;2
Gizmodo;business;13
Gizmodo;culture;1
Gizmodo;gear;7
Total Gizmodo;;21
Glen David Gold;culture;1
Total Glen David Gold;;1
Glen Helfand;culture;2
Glen Helfand;(vide);22
Total Glen Helfand;;24
Glen Martin;(vide);1
Total Glen Martin;;1
Glenn Derene from Forbes.com;gear;1
Total Glenn Derene from Forbes.com;;1
Glenn Fleishman;the big story;2
Total Glenn Fleishman;;2
Glenn Gamboa;culture;2
Total Glenn Gamboa;;2
Glenn Rubenstein;(vide);5
Total Glenn Rubenstein;;5
Gloria Dawson;gear;1
Total Gloria Dawson;;1
Gloria Dickie;science;2
Total Gloria Dickie;;2
Glyn Moody;(vide);1
Total Glyn Moody;;1
Gordon Bass;science;1
Gordon Bass;(vide);2
Total Gordon Bass;;3
Gordon Corera;security;2
Total Gordon Corera;;2
Gordon Gottsegen;gear;47
Gordon Gottsegen;photo;1
Gordon Gottsegen;security;2
Total Gordon Gottsegen;;50
Gordon Kelly;business;4
Gordon Kelly;gear;1
Gordon Kelly;science;1
Total Gordon Kelly;;6
Gordon Mohr;(vide);1
Total Gordon Mohr;;1
Gordy Megroz;culture;1
Total Gordy Megroz;;1
Gordy Slack;(vide);2
Total Gordy Slack;;2
Governor Bill Richardson;business;1
Total Governor Bill Richardson;;1
GQ Staff;gear;1
Total GQ Staff;;1
Grace Aquino;business;1
Total Grace Aquino;;1
Grace Browne;business;2
Grace Browne;health;1
Grace Browne;science;76
Total Grace Browne;;79
Grace Dobush;culture;1
Grace Dobush;opinion;1
Grace Dobush;science;2
Grace Dobush;(vide);1
Total Grace Dobush;;5
Grace Huckins;culture;1
Grace Huckins;science;24
Total Grace Huckins;;25
Grace Lichtenstein;business;2
Grace Lichtenstein;culture;2
Total Grace Lichtenstein;;4
Graeme J. Devine;(vide);1
Total Graeme J. Devine;;1
Graeme McMillan;culture;827
Graeme McMillan;design;1
Graeme McMillan;opinion;1
Total Graeme McMillan;;829
Graham Hacia;business;4
Graham Hacia;culture;3
Graham Hacia;security;1
Total Graham Hacia;;8
Graham Jones;culture;1
Total Graham Jones;;1
Graham Keeley;business;1
Total Graham Keeley;;1
Graham Readfearn;science;2
Total Graham Readfearn;;2
Graham S. Hawkes;(vide);1
Total Graham S. Hawkes;;1
Grant Cardone;opinion;1
Total Grant Cardone;;1
Grant Currin;science;1
Total Grant Currin;;1
Grant McCracken;opinion;3
Total Grant McCracken;;3
Grant Petersen;gear;1
Total Grant Petersen;;1
Grant Stoner;culture;9
Grant Stoner;gear;1
Total Grant Stoner;;10
Grayson Schaffer;gear;2
Total Grayson Schaffer;;2
Graywolf Press;the big story;1
Total Graywolf Press;;1
Greentech Media;gear;1
Total Greentech Media;;1
Greg Allen;opinion;1
Greg Allen;security;1
Total Greg Allen;;2
Greg Bailey;(vide);2
Total Greg Bailey;;2
Greg Beato;business;1
Greg Beato;culture;2
Greg Beato;science;2
Total Greg Beato;;5
Greg Blonder;(vide);1
Total Greg Blonder;;1
Greg Chang;business;1
Greg Chang;culture;2
Greg Chang;security;5
Total Greg Chang;;8
Greg Estroff;culture;1
Total Greg Estroff;;1
Greg Huang;(vide);1
Total Greg Huang;;1
Greg Jackson;ideas;1
Total Greg Jackson;;1
Greg Keener;ideas;1
Total Greg Keener;;1
Greg Knauss;(vide);1
Total Greg Knauss;;1
Greg Lindsay;the big story;1
Greg Lindsay;(vide);1
Total Greg Lindsay;;2
Greg Miller;business;4
Greg Miller;culture;6
Greg Miller;design;2
Greg Miller;gear;1
Greg Miller;science;148
Greg Miller;(vide);1
Total Greg Miller;;162
Greg Nojeim;security;1
Total Greg Nojeim;;1
Greg Pratt;science;1
Total Greg Pratt;;1
Greg Reichow;the big story;1
Total Greg Reichow;;1
Greg Sterling;business;1
Greg Sterling;culture;1
Total Greg Sterling;;2
Greg Thomas;culture;1
Total Greg Thomas;;1
Greg Williams;business;32
Greg Williams;culture;10
Greg Williams;gear;1
Greg Williams;ideas;12
Greg Williams;science;3
Greg Williams;security;4
Greg Williams;the big story;5
Total Greg Williams;;67
Gregg Easterbrook;(vide);2
Total Gregg Easterbrook;;2
Gregor Bobowick;(vide);3
Total Gregor Bobowick;;3
Gregor Pryor;business;1
Gregor Pryor;culture;1
Gregor Pryor;ideas;1
Total Gregor Pryor;;3
Gregory Angelo;(vide);6
Total Gregory Angelo;;6
Gregory Barber;business;88
Gregory Barber;culture;3
Gregory Barber;environment;1
Gregory Barber;gear;1
Gregory Barber;health;1
Gregory Barber;science;77
Gregory Barber;security;3
Gregory Barber;the big story;3
Total Gregory Barber;;177
Gregory Daurer;(vide);2
Total Gregory Daurer;;2
Gregory Dicum;security;1
Total Gregory Dicum;;1
Gregory J. Pleshaw;(vide);1
Total Gregory J. Pleshaw;;1
Gregory Mone;science;2
Total Gregory Mone;;2
Gregory Noddin Poulin;gear;1
Total Gregory Noddin Poulin;;1
Gregory Pleshaw;(vide);1
Total Gregory Pleshaw;;1
Gregory Stock;(vide);1
Total Gregory Stock;;1
Gregory Taylor;(vide);2
Total Gregory Taylor;;2
Gregory Wakeman;culture;1
Gregory Wakeman;gear;1
Total Gregory Wakeman;;2
Greig Chisholm;(vide);1
Total Greig Chisholm;;1
Greta Jochem;science;1
Total Greta Jochem;;1
Greta Lorge;culture;3
Greta Lorge;science;4
Total Greta Lorge;;7
Gretchen Cuda;science;1
Total Gretchen Cuda;;1
Gretchen McCulloch;ideas;9
Total Gretchen McCulloch;;9
Griffin Wright;gear;1
Total Griffin Wright;;1
Guest;(vide);8
Total Guest;;8
Guest Author;business;8
Guest Author;culture;2
Total Guest Author;;10
Guest Blogger;(vide);1
Total Guest Blogger;;1
Gulliver Ink Spots;security;1
Total Gulliver Ink Spots;;1
Gunjan Sinha;science;1
Total Gunjan Sinha;;1
Guru Madhavan;business;1
Total Guru Madhavan;;1
Gus Hahn;(vide);2
Total Gus Hahn;;2
Gus Mastrapa;culture;384
Total Gus Mastrapa;;384
Guthrie Scrimgeour;business;2
Total Guthrie Scrimgeour;;2
Guy Cocker;business;1
Guy Cocker;culture;1
Guy Cocker;gear;1
Total Guy Cocker;;3
Guy Gugliotta;science;1
Total Guy Gugliotta;;1
Guy Marsden;gear;1
Total Guy Marsden;;1
Guy McClenahan;business;1
Total Guy McClenahan;;1
Guy Standing;business;1
Total Guy Standing;;1
Guy Woodward;business;1
Total Guy Woodward;;1
Gwen Pearson;science;113
Gwen Pearson;(vide);21
Total Gwen Pearson;;134
Gwyneth Cravens;science;1
Total Gwyneth Cravens;;1
Gwyneth Dickey;science;1
Total Gwyneth Dickey;;1
H. Claire Brown;science;1
Total H. Claire Brown;;1
H. Eric Bender;culture;1
Total H. Eric Bender;;1
Hadley Leggett;science;65
Hadley Leggett;(vide);2
Total Hadley Leggett;;67
Hahna Yoon;culture;1
Hahna Yoon;gear;2
Total Hahna Yoon;;3
Haider Warraich;ideas;1
Total Haider Warraich;;1
Hal Gregersen;business;1
Total Hal Gregersen;;1
Hal Herzog;opinion;1
Total Hal Herzog;;1
Hal Singer;ideas;2
Total Hal Singer;;2
Hal Stucker;business;1
Hal Stucker;science;3
Hal Stucker;(vide);9
Total Hal Stucker;;13
Haley Sprankle;gear;15
Total Haley Sprankle;;15
Halie Chavez;photo;1
Total Halie Chavez;;1
Hallie Lieberman;ideas;1
Hallie Lieberman;the big story;1
Total Hallie Lieberman;;2
Hamadoun I. Touré;opinion;1
Total Hamadoun I. Touré;;1
Hamid Biglari;(vide);1
Total Hamid Biglari;;1
Hanna Hett;science;1
Total Hanna Hett;;1
Hanna Trudo;design;1
Total Hanna Trudo;;1
Hannah H. Kim;ideas;1
Total Hannah H. Kim;;1
Hannah Hoag;science;1
Total Hannah Hoag;;1
Hannah Lucinda Smith;the big story;1
Total Hannah Lucinda Smith;;1
Hannah McNeish;science;1
Total Hannah McNeish;;1
Hannah Osborne;science;1
Total Hannah Osborne;;1
Hannah Partos;science;1
Total Hannah Partos;;1
Hannah Richter;science;1
Total Hannah Richter;;1
Hannah Ritchie;ideas;2
Hannah Ritchie;science;1
Total Hannah Ritchie;;3
Hannah Seo;gear;1
Total Hannah Seo;;1
Hannah Singleton;science;2
Total Hannah Singleton;;2
Hannah Steinkopf-Frank;culture;2
Total Hannah Steinkopf-Frank;;2
Hannah Thomasy;science;1
Total Hannah Thomasy;;1
Hannah W. Duane;culture;1
Total Hannah W. Duane;;1
Hannah Zeavin;ideas;1
Total Hannah Zeavin;;1
Hanni Fakhoury;opinion;3
Total Hanni Fakhoury;;3
Hans Eisenbeis;(vide);5
Total Hans Eisenbeis;;5
Hans Johnson;culture;2
Hans Johnson;security;2
Total Hans Johnson;;4
Hans Peter Brondmo;the big story;3
Total Hans Peter Brondmo;;3
Hans-Ulrich Obrist;business;2
Hans-Ulrich Obrist;culture;1
Hans-Ulrich Obrist;(vide);2
Total Hans-Ulrich Obrist;;5
Hany Farid;business;1
Hany Farid;ideas;2
Total Hany Farid;;3
Harald Preissler;(vide);1
Total Harald Preissler;;1
Hari Kunzru;culture;1
Hari Kunzru;the big story;1
Hari Kunzru;(vide);12
Total Hari Kunzru;;14
Harmon Leon;culture;2
Total Harmon Leon;;2
Harney Blume;science;2
Total Harney Blume;;2
Harold Goldberg;culture;1
Harold Goldberg;science;1
Harold Goldberg;(vide);5
Total Harold Goldberg;;7
Harold McGee;the big story;1
Total Harold McGee;;1
Harper;the big story;2
Total Harper;;2
Harris Quinn;business;2
Total Harris Quinn;;2
Harry Campbell;business;1
Total Harry Campbell;;1
Harry Guinness;gear;4
Total Harry Guinness;;4
Harry Lambert;business;3
Harry Lambert;science;5
Total Harry Lambert;;8
Harry Pearce;business;1
Total Harry Pearce;;1
Harvey Blume;(vide);5
Total Harvey Blume;;5
Harvey James;culture;1
Total Harvey James;;1
Hasan Ali;culture;1
Total Hasan Ali;;1
Hayden Field;business;1
Total Hayden Field;;1
Hayden Wood;science;1
Total Hayden Wood;;1
Hayley Campbell;science;1
Hayley Campbell;the big story;1
Total Hayley Campbell;;2
Hayley Nelson;business;1
Hayley Nelson;culture;1
Hayley Nelson;(vide);1
Total Hayley Nelson;;3
Hazel Moore;business;1
Total Hazel Moore;;1
Hazel Sheffield;business;1
Hazel Sheffield;culture;2
Hazel Sheffield;the big story;2
Total Hazel Sheffield;;5
Heather Bourbeau;(vide);6
Total Heather Bourbeau;;6
Heather Brossard;(vide);4
Total Heather Brossard;;4
Heather Cabot;business;1
Total Heather Cabot;;1
Heather Emerson;business;1
Total Heather Emerson;;1
Heather Higinbotham Davies;science;2
Total Heather Higinbotham Davies;;2
Heather Knight;business;1
Total Heather Knight;;1
Heather M. Roff;opinion;1
Total Heather M. Roff;;1
Heather McCabe;business;43
Heather McCabe;culture;16
Heather McCabe;science;2
Heather McCabe;security;11
Heather McCabe;(vide);2
Total Heather McCabe;;74
Heather Millar;the big story;1
Heather Millar;(vide);1
Total Heather Millar;;2
Heather Sparks;culture;1
Heather Sparks;(vide);5
Total Heather Sparks;;6
Heather Whaling;science;1
Total Heather Whaling;;1
Hector Mackenzie;culture;3
Hector Mackenzie;gear;1
Hector Mackenzie;science;1
Hector Mackenzie;security;1
Total Hector Mackenzie;;6
Heidi Kemps;culture;4
Total Heidi Kemps;;4
Heidi Kriz;business;16
Heidi Kriz;culture;27
Heidi Kriz;science;22
Heidi Kriz;security;58
Heidi Kriz;(vide);2
Total Heidi Kriz;;125
Heidi Schmidt;(vide);1
Total Heidi Schmidt;;1
Heidi Tworek;opinion;1
Total Heidi Tworek;;1
Helen Gordon;science;2
Total Helen Gordon;;2
Helen Greiner;the big story;1
Total Helen Greiner;;1
Helen Lewis;business;1
Total Helen Lewis;;1
Helen Li;business;2
Total Helen Li;;2
Helen Lock;business;4
Total Helen Lock;;4
Helen Nianias;business;1
Total Helen Nianias;;1
Helen Pearson;business;1
Total Helen Pearson;;1
Helen Santoro;business;1
Total Helen Santoro;;1
Helen Shen;science;2
Total Helen Shen;;2
Helen Shortal;(vide);2
Total Helen Shortal;;2
Helen Thomson;science;1
Total Helen Thomson;;1
Helen Tupper;business;1
Total Helen Tupper;;1
Helena Fitzgerald;ideas;1
Total Helena Fitzgerald;;1
Helena Pozniak;security;1
Total Helena Pozniak;;1
Helena Williams;business;3
Helena Williams;culture;1
Helena Williams;gear;3
Helena Williams;science;3
Total Helena Williams;;10
Hélène Bauer;transportation;1
Total Hélène Bauer;;1
Helene McLaughlin;science;1
Helene McLaughlin;(vide);48
Total Helene McLaughlin;;49
Hemal Jhaveri;the big story;
Total Hemal Jhaveri;;
Henk Rogers;culture;1
Total Henk Rogers;;1
Henri Gendreau;business;4
Henri Gendreau;culture;2
Henri Gendreau;gear;1
Henri Gendreau;science;1
Henri Gendreau;transportation;3
Total Henri Gendreau;;11
Henri Robbins;gear;1
Total Henri Robbins;;1
Henrik Karlsson;ideas;1
Total Henrik Karlsson;;1
Henrik Schoeneberg;science;1
Total Henrik Schoeneberg;;1
Henry Ajder;business;1
Total Henry Ajder;;1
Henry Dyer;security;1
Total Henry Dyer;;1
Henry Farrar-Hockley;business;16
Henry Farrar-Hockley;culture;1
Henry Farrar-Hockley;gear;15
Total Henry Farrar-Hockley;;32
Henry Farrar-Hockley & Kaamil Ahmed;business;2
Total Henry Farrar-Hockley & Kaamil Ahmed;;2
Henry Farrell;science;1
Total Henry Farrell;;1
Henry James;(vide);2
Total Henry James;;2
Henry Maurer;security;1
Total Henry Maurer;;1
Henry Spencer;science;1
Total Henry Spencer;;1
Herbert Wright;business;1
Herbert Wright;culture;1
Herbert Wright;science;2
Total Herbert Wright;;4
Herman Narula;culture;2
Total Herman Narula;;2
Hideo Kojima;culture;1
Total Hideo Kojima;;1
Hilary Rosen;(vide);1
Total Hilary Rosen;;1
Hilary Rosner;science;1
Total Hilary Rosner;;1
Hilda Bastian;ideas;9
Total Hilda Bastian;;9
Hillary Rettig;(vide);1
Total Hillary Rettig;;1
Hillary Rosner;business;1
Hillary Rosner;science;3
Hillary Rosner;(vide);3
Total Hillary Rosner;;7
Hilmar Schmund;(vide);1
Total Hilmar Schmund;;1
Holden Frith;gear;3
Total Holden Frith;;3
Hollie Wong;culture;1
Total Hollie Wong;;1
Holly J. Wagner;business;2
Holly J. Wagner;culture;2
Holly J. Wagner;gear;1
Holly J. Wagner;science;1
Holly J. Wagner;security;2
Total Holly J. Wagner;;8
Hong Quan;business;1
Total Hong Quan;;1
Hope Cristol;(vide);1
Total Hope Cristol;;1
Hopper;(vide);1
Total Hopper;;1
Hossein Derakhshan;business;1
Hossein Derakhshan;ideas;1
Total Hossein Derakhshan;;2
Howard;(vide);1
Total Howard;;1
Howard Altman;security;1
Total Howard Altman;;1
Howard Bloom;(vide);1
Total Howard Bloom;;1
Howard Bornstein;(vide);1
Total Howard Bornstein;;1
Howard Lee;science;2
Total Howard Lee;;2
Howard Lovy;science;2
Total Howard Lovy;;2
Howard Markel;ideas;1
Total Howard Markel;;1
Howard Rheingold;(vide);10
Total Howard Rheingold;;10
Howard Savage;(vide);1
Total Howard Savage;;1
Howard Swains;culture;1
Total Howard Swains;;1
Howard Wen;(vide);13
Total Howard Wen;;13
Howard Wolinsky;science;1
Total Howard Wolinsky;;1
Howell Raines;business;1
Total Howell Raines;;1
Hsi-Pei Liao;gear;1
Total Hsi-Pei Liao;;1
Hugh Gallagher;(vide);1
Total Hugh Gallagher;;1
Hugh Garvey;(vide);4
Total Hugh Garvey;;4
Hugh Hart;business;5
Hugh Hart;culture;833
Hugh Hart;design;5
Hugh Hart;security;1
Hugh Hart;(vide);10
Total Hugh Hart;;854
Hugh Hart Sonia Zjawinski;culture;1
Total Hugh Hart Sonia Zjawinski;;1
Hugh Howey;the big story;1
Total Hugh Howey;;1
Hugh Langley;gear;3
Total Hugh Langley;;3
Hugo Jamson;ideas;1
Total Hugo Jamson;;1
Hugo Lindgren;(vide);1
Total Hugo Lindgren;;1
Huizhong Wu;business;1
Total Huizhong Wu;;1
Hunter Madsen;(vide);1
Total Hunter Madsen;;1
Hussein Kesvani;culture;1
Total Hussein Kesvani;;1
I-Wei Huang;gear;1
Total I-Wei Huang;;1
Ian Betteridge;gear;1
Total Ian Betteridge;;1
Ian Bogost;business;1
Total Ian Bogost;;1
Ian Christe;business;5
Ian Christe;culture;23
Ian Christe;(vide);13
Total Ian Christe;;41
Ian Dale;(vide);1
Total Ian Dale;;1
Ian Daly;business;2
Ian Daly;culture;1
Total Ian Daly;;3
Ian Frisch;culture;1
Ian Frisch;science;1
Total Ian Frisch;;2
Ian Gordon;(vide);1
Total Ian Gordon;;1
Ian Leslie;business;1
Ian Leslie;the big story;1
Total Ian Leslie;;2
Ian McHale;gear;1
Total Ian McHale;;1
Ian McMahan;gear;1
Ian McMahan;science;1
Total Ian McMahan;;2
Ian Nathan;culture;1
Total Ian Nathan;;1
Ian Rose;science;1
Total Ian Rose;;1
Ian Sample;science;1
Total Ian Sample;;1
Ian Steadman;business;32
Ian Steadman;culture;15
Ian Steadman;design;1
Ian Steadman;science;31
Ian Steadman;security;5
Total Ian Steadman;;84
Ian Steadman - Wired UK;design;6
Total Ian Steadman - Wired UK;;6
Ian Stewart;business;1
Ian Stewart;science;3
Ian Stewart;the big story;1
Total Ian Stewart;;5
IceBreaker brenden295@southland.relay.ucm.org;(vide);1
Total IceBreaker brenden295@southland.relay.ucm.org;;1
Ido Kilovaty;opinion;1
Total Ido Kilovaty;;1
Idrissa Simmonds;gear;1
Total Idrissa Simmonds;;1
Ifeoma Ajunwa;ideas;1
Total Ifeoma Ajunwa;;1
Igor Faletski;(vide);1
Total Igor Faletski;;1
Ilan Greenberg;business;2
Ilan Greenberg;culture;2
Ilan Greenberg;science;25
Ilan Greenberg;(vide);2
Total Ilan Greenberg;;31
Ilica Mahajan;security;1
Total Ilica Mahajan;;1
Imran Amed;culture;1
Total Imran Amed;;1
India Leval;(vide);8
Total India Leval;;8
Ingrid Barrentine;science;1
Total Ingrid Barrentine;;1
Ingrid Daubechies;science;2
Total Ingrid Daubechies;;2
Ingrid Wickelgren;science;1
Total Ingrid Wickelgren;;1
Inkoo Kang;culture;1
Total Inkoo Kang;;1
Intel;the big story;1
Total Intel;;1
io9.com;culture;4
io9.com;science;3
io9.com;security;1
Total io9.com;;8
Ipsita Agarwal;the big story;1
Total Ipsita Agarwal;;1
Ira Dick;(vide);1
Total Ira Dick;;1
Irene Ng;business;1
Irene Ng;security;1
Total Irene Ng;;2
Irene Solaiman;ideas;1
Total Irene Solaiman;;1
Irina V. Wang;ideas;1
Total Irina V. Wang;;1
Iris Bohnet;science;1
Total Iris Bohnet;;1
Irwin Chen;culture;1
Irwin Chen;science;2
Total Irwin Chen;;3
Isabel Fraser;culture;
Isabel Fraser;politics;2
Isabel Fraser;science;2
Total Isabel Fraser;;4
Isabel Sadurni;(vide);2
Total Isabel Sadurni;;2
Isabella Kaminski;science;1
Total Isabella Kaminski;;1
Isabelle Davis;culture;1
Total Isabelle Davis;;1
Isidra Mencos;security;1
Total Isidra Mencos;;1
Isobel Cockerell;the big story;2
Total Isobel Cockerell;;2
Isobel Miller;science;1
Total Isobel Miller;;1
Issie Lapowsky;business;786
Issie Lapowsky;culture;55
Issie Lapowsky;gear;1
Issie Lapowsky;national affairs;1
Issie Lapowsky;science;8
Issie Lapowsky;security;121
Issie Lapowsky;the big story;5
Issie Lapowsky;transportation;1
Total Issie Lapowsky;;978
Iulia Georgescu;ideas;1
Total Iulia Georgescu;;1
Ivan Amato;(vide);1
Total Ivan Amato;;1
Ivan Berger;(vide);28
Total Ivan Berger;;28
Ivan Carvalho;(vide);2
Total Ivan Carvalho;;2
Izumi Aizu;(vide);1
Total Izumi Aizu;;1
J. B. MacKinnon;science;1
Total J. B. MacKinnon;;1
J. Baldwin;(vide);1
Total J. Baldwin;;1
J. Bradford DeLong;(vide);10
Total J. Bradford DeLong;;10
J. C. Herz;business;1
J. C. Herz;design;1
J. C. Herz;gear;2
J. C. Herz;(vide);6
Total J. C. Herz;;10
J. Caleb Donaldson;(vide);1
Total J. Caleb Donaldson;;1
J. Carl Ganter;(vide);1
Total J. Carl Ganter;;1
J. Hunter Johnson;(vide);2
Total J. Hunter Johnson;;2
J. Madeleine Nash;science;1
Total J. Madeleine Nash;;1
J. Mark Lytle;(vide);6
Total J. Mark Lytle;;6
J. Nathan Matias;ideas;1
Total J. Nathan Matias;;1
j. poet;(vide);13
Total j. poet;;13
J. Schultz;(vide);2
Total J. Schultz;;2
J. Schulz;(vide);18
Total J. Schulz;;18
J. Scott Babwah Brennen;ideas;2
Total J. Scott Babwah Brennen;;2
J. Trevor Hughes;opinion;1
Total J. Trevor Hughes;;1
J.J. Abrams;business;1
Total J.J. Abrams;;1
J.M. Ledgard;ideas;1
J.M. Ledgard;opinion;1
Total J.M. Ledgard;;2
J.M.O.;(vide);1
Total J.M.O.;;1
Jack Baruth;gear;2
Total Jack Baruth;;2
Jack Boulware;(vide);3
Total Jack Boulware;;3
Jack Dorsey;culture;1
Total Jack Dorsey;;1
Jack Dyson;gear;1
Total Jack Dyson;;1
Jack Epstein;business;2
Total Jack Epstein;;2
Jack Ewing;transportation;1
Total Jack Ewing;;1
Jack Flack;business;2
Total Jack Flack;;2
Jack Hitt;business;1
Jack Hitt;(vide);2
Total Jack Hitt;;3
Jack McGovan;science;1
Total Jack McGovan;;1
Jack Needham;business;7
Jack Needham;culture;15
Jack Needham;gear;2
Jack Needham;science;8
Total Jack Needham;;32
Jack Rickard;(vide);1
Total Jack Rickard;;1
Jack Skelley;(vide);2
Total Jack Skelley;;2
Jack Stewart;business;3
Jack Stewart;culture;1
Jack Stewart;design;4
Jack Stewart;gear;3
Jack Stewart;science;2
Jack Stewart;transportation;400
Total Jack Stewart;;413
Jack Szwergold;(vide);2
Total Jack Szwergold;;2
Jack Tamisiea;science;1
Total Jack Tamisiea;;1
Jack Valenti President and CEO;(vide);1
Total Jack Valenti President and CEO;;1
Jackie Bennion;business;1
Jackie Bennion;science;1
Jackie Bennion;security;4
Jackie Bennion;(vide);9
Total Jackie Bennion;;15
Jackie Cohen;culture;1
Jackie Cohen;science;1
Total Jackie Cohen;;2
Jackie Flynn Mogensen;science;2
Total Jackie Flynn Mogensen;;2
Jackie Snow;culture;1
Total Jackie Snow;;1
Jacklin Kwan;science;2
Jacklin Kwan;security;2
Total Jacklin Kwan;;4
Jackson Lynch;gear;1
Total Jackson Lynch;;1
Jacky Wright;business;2
Total Jacky Wright;;2
Jaclyn Greenberg;culture;1
Jaclyn Greenberg;gear;4
Total Jaclyn Greenberg;;5
Jacob Adelman;(vide);1
Total Jacob Adelman;;1
Jacob Levi;science;1
Total Jacob Levi;;1
Jacob Ogles;business;2
Jacob Ogles;culture;8
Jacob Ogles;gear;3
Jacob Ogles;science;2
Jacob Ogles;security;2
Total Jacob Ogles;;17
Jacob Russell;business;1
Jacob Russell;(vide);27
Total Jacob Russell;;28
Jacob Ward;culture;3
Jacob Ward;security;1
Jacob Ward;(vide);5
Total Jacob Ward;;9
Jacopo Pasotti;science;1
Total Jacopo Pasotti;;1
Jacopo Prisco;business;4
Jacopo Prisco;culture;1
Jacopo Prisco;science;1
Total Jacopo Prisco;;6
Jacqueline Detwiler;(vide);1
Total Jacqueline Detwiler;;1
Jacqueline LeKachman;gear;1
Total Jacqueline LeKachman;;1
Jacqueline Wernimont;ideas;2
Total Jacqueline Wernimont;;2
Jacques Leslie;science;1
Jacques Leslie;(vide);14
Total Jacques Leslie;;15
Jacqui Cheng;business;27
Jacqui Cheng;gear;1
Jacqui Cheng;security;2
Total Jacqui Cheng;;30
Jade French;security;1
Total Jade French;;1
Jaeah Lee;science;1
Total Jaeah Lee;;1
Jaime Green;ideas;1
Total Jaime Green;;1
Jaime Lowe;photo;1
Total Jaime Lowe;;1
Jaime Stathis;business;2
Jaime Stathis;gear;8
Total Jaime Stathis;;10
Jaina Grey;business;1
Jaina Grey;culture;1
Jaina Grey;deals;2
Jaina Grey;gear;67
Total Jaina Grey;;71
Jake Barton;culture;1
Total Jake Barton;;1
Jake Bittle;science;2
Total Jake Bittle;;2
Jake Buehler;science;1
Total Jake Buehler;;1
Jake Bullinger;business;1
Jake Bullinger;science;1
Total Jake Bullinger;;2
Jake Galdo;business;1
Total Jake Galdo;;1
Jake Hanrahan;business;1
Jake Hanrahan;security;4
Total Jake Hanrahan;;5
Jake Higgins;ideas;1
Total Jake Higgins;;1
Jake Hulyer;business;1
Total Jake Hulyer;;1
Jake Knapp;the big story;1
Total Jake Knapp;;1
Jake Lahut;politics;2
Total Jake Lahut;;2
Jake Laperruque;opinion;1
Jake Laperruque;security;2
Total Jake Laperruque;;3
Jake Malooley;science;3
Total Jake Malooley;;3
Jake Muncy;culture;4
Total Jake Muncy;;4
Jake Pearson;security;1
Total Jake Pearson;;1
Jake Rossen;culture;1
Total Jake Rossen;;1
Jake Spurlock;business;4
Jake Spurlock;gear;1
Total Jake Spurlock;;5
Jake Swearingen;culture;7
Total Jake Swearingen;;7
Jake Tapper;gear;1
Total Jake Tapper;;1
Jakob Schiller;business;1
Jakob Schiller;culture;7
Jakob Schiller;design;13
Jakob Schiller;gear;17
Jakob Schiller;photo;297
Jakob Schiller;(vide);1
Total Jakob Schiller;;336
Jakob Vicari;business;1
Total Jakob Vicari;;1
Jamais Cascio;(vide);1
Total Jamais Cascio;;1
Jamal Michel;culture;1
Total Jamal Michel;;1
James A W Dyson;culture;2
Total James A W Dyson;;2
James Ball;business;2
James Ball;ideas;1
James Ball;security;1
Total James Ball;;4
James Bamford;business;1
James Bamford;security;3
Total James Bamford;;4
James Bernard Frost;gear;1
James Bernard Frost;science;1
James Bernard Frost;transportation;1
Total James Bernard Frost;;3
James Bessen;opinion;1
Total James Bessen;;1
James Bigley II;culture;2
Total James Bigley II;;2
James Bridle;business;1
James Bridle;ideas;1
James Bridle;the big story;1
Total James Bridle;;3
James Cameron;(vide);2
Total James Cameron;;2
James Cappio;(vide);1
Total James Cappio;;1
James Chesters;science;1
Total James Chesters;;1
James Crabtree;business;4
James Crabtree;ideas;1
James Crabtree;the big story;2
Total James Crabtree;;7
James Daily;culture;2
Total James Daily;;2
James Daly;business;1
James Daly;opinion;1
James Daly;science;1
James Daly;(vide);7
Total James Daly;;10
James Day;gear;1
Total James Day;;1
James Denning;(vide);1
Total James Denning;;1
James Der Derian;(vide);6
Total James Der Derian;;6
James Drake;(vide);1
Total James Drake;;1
James Dyson;business;4
James Dyson;ideas;1
James Dyson;opinion;1
Total James Dyson;;6
James Eder;gear;1
Total James Eder;;1
James Ernest;culture;1
Total James Ernest;;1
James F. Stanek;(vide);1
Total James F. Stanek;;1
James Farrar;ideas;1
Total James Farrar;;1
James Flint;culture;1
James Flint;science;1
James Flint;(vide);7
Total James Flint;;9
James Floyd Kelly;culture;1
James Floyd Kelly;gear;1
James Floyd Kelly;(vide);113
Total James Floyd Kelly;;115
James Gaines;science;1
Total James Gaines;;1
James Gardner;(vide);1
Total James Gardner;;1
James Glave;business;53
James Glave;culture;35
James Glave;science;275
James Glave;security;101
James Glave;(vide);3
Total James Glave;;467
James Gleick;the big story;1
Total James Gleick;;1
James Grimmelman;business;1
Total James Grimmelman;;1
James Gurney;gear;3
Total James Gurney;;3
James J. DiCarlo;science;1
Total James J. DiCarlo;;1
James Jackson;business;1
Total James Jackson;;1
James Kakalios;culture;1
Total James Kakalios;;1
James Kilgore;security;3
Total James Kilgore;;3
James Langston;science;1
Total James Langston;;1
James Lee;culture;1
James Lee;(vide);2
Total James Lee;;3
James Livingston;(vide);1
Total James Livingston;;1
James Lovelock;(vide);1
Total James Lovelock;;1
James Magary;culture;1
Total James Magary;;1
James Maguire;culture;1
James Maguire;(vide);1
Total James Maguire;;2
James Martin;(vide);1
Total James Martin;;1
James McGirk;culture;1
James McGirk;design;1
Total James McGirk;;2
James McLauchlin;culture;2
Total James McLauchlin;;2
James Morris;business;1
James Morris;gear;3
Total James Morris;;4
James Nolan;business;1
Total James Nolan;;1
James O'Malley;business;3
James O'Malley;science;2
Total James O'Malley;;5
James O'Shaughnessy;science;1
Total James O'Shaughnessy;;1
James Oberg;science;1
Total James Oberg;;1
James Oliver Cury;culture;8
Total James Oliver Cury;;8
James Paul Gee;(vide);1
Total James Paul Gee;;1
James Pero;culture;1
Total James Pero;;1
James Randerson;gear;1
Total James Randerson;;1
James Rozzi;(vide);2
Total James Rozzi;;2
James S. A. Corey;culture;1
Total James S. A. Corey;;1
James Seddon;business;1
James Seddon;culture;1
Total James Seddon;;2
James Shreeve;(vide);1
Total James Shreeve;;1
James Silver;business;7
James Silver;culture;1
James Silver;science;2
James Silver;the big story;1
Total James Silver;;11
James Slezak;ideas;1
Total James Slezak;;1
James Somers;the big story;2
Total James Somers;;2
James Sullivan;(vide);1
Total James Sullivan;;1
James Surowiecki;(vide);7
Total James Surowiecki;;7
James Tabery;culture;1
Total James Tabery;;1
James Temperton;business;361
James Temperton;culture;97
James Temperton;gear;37
James Temperton;ideas;17
James Temperton;science;126
James Temperton;security;47
James Temperton;the big story;6
Total James Temperton;;691
James Turner;(vide);3
Total James Turner;;3
James Verini;the big story;1
James Verini;(vide);1
Total James Verini;;2
James Vlahos;business;3
Total James Vlahos;;3
James Walker;culture;1
Total James Walker;;1
James Wallace;(vide);2
Total James Wallace;;2
James Wallman;opinion;1
Total James Wallman;;1
James Ward jrwst8@unixd2.cis.pitt.edu;(vide);1
Total James Ward jrwst8@unixd2.cis.pitt.edu;;1
James Watson;business;2
Total James Watson;;2
James West;science;5
Total James West;;5
James White;culture;1
Total James White;;1
James Williams;ideas;1
Total James Williams;;1
Jameson Rich;ideas;1
Total Jameson Rich;;1
Jameson Spivack;ideas;1
Total Jameson Spivack;;1
Jamie Bartlett;business;3
Total Jamie Bartlett;;3
Jamie Burke;business;2
Total Jamie Burke;;2
Jamie Cason;culture;1
Jamie Cason;(vide);2
Total Jamie Cason;;3
Jamie Fewery;culture;1
Total Jamie Fewery;;1
Jamie Fullerton;business;1
Total Jamie Fullerton;;1
Jamie Heller;(vide);2
Total Jamie Heller;;2
Jamie Lauren Keiles;culture;1
Total Jamie Lauren Keiles;;1
Jamie Martines;business;1
Total Jamie Martines;;1
Jamie Millar;business;1
Jamie Millar;gear;1
Jamie Millar;science;1
Total Jamie Millar;;3
Jamie Murray Wells;business;1
Total Jamie Murray Wells;;1
Jamie Russell;culture;1
Total Jamie Russell;;1
Jamie Susskind;ideas;1
Jamie Susskind;security;1
Total Jamie Susskind;;2
Jamie Valentino;culture;1
Jamie Valentino;ideas;1
Total Jamie Valentino;;2
Jamil Zaki;opinion;1
Total Jamil Zaki;;1
Jamilah Lemieux;culture;1
Total Jamilah Lemieux;;1
Jan Dutkiewicz;ideas;3
Total Jan Dutkiewicz;;3
Jan English-Lueck;(vide);1
Total Jan English-Lueck;;1
Jan Halvarson;design;7
Total Jan Halvarson;;7
Jane Braxton Little;science;1
Total Jane Braxton Little;;1
Jane C. Hu;science;1
Jane C. Hu;the big story;1
Total Jane C. Hu;;2
Jane Dark;(vide);1
Total Jane Dark;;1
Jane Gayduk;the big story;1
Total Jane Gayduk;;1
Jane Harman;opinion;1
Total Jane Harman;;1
Jane Holl Lute and Bruce McConnell;security;1
Total Jane Holl Lute and Bruce McConnell;;1
Jane J. Lee;science;4
Total Jane J. Lee;;4
Jane McGonigal;science;1
Total Jane McGonigal;;1
Jane Metcalfe;ideas;1
Total Jane Metcalfe;;1
Jane Porter;the big story;2
Total Jane Porter;;2
Jane Szita;(vide);3
Total Jane Szita;;3
Janelle Ayres;science;1
Total Janelle Ayres;;1
Janelle Brown;business;16
Janelle Brown;culture;200
Janelle Brown;science;2
Janelle Brown;security;15
Janelle Brown;(vide);2
Total Janelle Brown;;235
Janelle Weaver;science;7
Total Janelle Weaver;;7
Janessa Goldbeck;ideas;1
Total Janessa Goldbeck;;1
Janet Gunter;science;1
Total Janet Gunter;;1
Janet Kornblum;(vide);2
Total Janet Kornblum;;2
Janet Manley;culture;1
Total Janet Manley;;1
Janet Marinelli;science;2
Total Janet Marinelli;;2
Janet Raloff, Science News;science;11
Total Janet Raloff, Science News;;11
Janet Saidi;(vide);1
Total Janet Saidi;;1
Janice Maloney;(vide);2
Total Janice Maloney;;2
Janine di Giovanni;business;1
Total Janine di Giovanni;;1
Janis Mara;science;1
Janis Mara;security;1
Total Janis Mara;;2
Janne I. Hukkinen;opinion;1
Total Janne I. Hukkinen;;1
Jared Keller;business;
Jared Keller;national security;1
Jared Keller;security;4
Total Jared Keller;;5
Jared Saylor;science;1
Total Jared Saylor;;1
Jared Whitlock;science;2
Total Jared Whitlock;;2
Jaron Lanier;business;1
Jaron Lanier;ideas;1
Jaron Lanier;opinion;3
Jaron Lanier;security;1
Jaron Lanier;the big story;
Jaron Lanier;(vide);5
Total Jaron Lanier;;11
Jarrett S. Cohen;(vide);1
Total Jarrett S. Cohen;;1
Jasmine Heyward;gear;1
Total Jasmine Heyward;;1
Jasmine Jaksic;culture;1
Total Jasmine Jaksic;;1
Jasmine Losasso;business;1
Total Jasmine Losasso;;1
Jason Anthony;the big story;1
Total Jason Anthony;;1
Jason B. Jones;(vide);78
Total Jason B. Jones;;78
Jason Barlow;gear;8
Jason Barlow;science;1
Total Jason Barlow;;9
Jason Bergman;(vide);1
Total Jason Bergman;;1
Jason Chervokasby Tom Claburnby Tom Portante;(vide);1
Total Jason Chervokasby Tom Claburnby Tom Portante;;1
Jason Chung;culture;1
Total Jason Chung;;1
Jason Cook;(vide);2
Total Jason Cook;;2
Jason CranfordTeague;(vide);90
Total Jason CranfordTeague;;90
Jason Edwards;(vide);3
Total Jason Edwards;;3
Jason Fagone;business;1
Jason Fagone;culture;1
Jason Fagone;gear;3
Jason Fagone;opinion;1
Jason Fagone;(vide);1
Total Jason Fagone;;7
Jason Heaton;gear;1
Total Jason Heaton;;1
Jason Kambitsis;design;5
Jason Kambitsis;gear;30
Total Jason Kambitsis;;35
Jason Kehe;business;6
Jason Kehe;culture;80
Jason Kehe;design;2
Jason Kehe;gear;2
Jason Kehe;science;13
Jason Kehe;security;1
Jason Kehe;the big story;2
Jason Kehe;(vide);1
Total Jason Kehe;;107
Jason Koebler;security;1
Total Jason Koebler;;1
Jason Kottke;(vide);1
Total Jason Kottke;;1
Jason Levitt;(vide);1
Total Jason Levitt;;1
Jason Madara;business;1
Total Jason Madara;;1
Jason McKee;business;2
Total Jason McKee;;2
Jason McKeown;science;1
Total Jason McKeown;;1
Jason Michelitch;culture;1
Total Jason Michelitch;;1
Jason Millar;opinion;1
Total Jason Millar;;1
Jason Parham;business;
Jason Parham;culture;213
Jason Parham;digital culture;1
Jason Parham;music;1
Jason Parham;security;1
Jason Parham;the big story;6
Total Jason Parham;;222
Jason Paur;business;4
Jason Paur;culture;8
Jason Paur;gear;428
Jason Paur;science;10
Jason Paur;security;5
Jason Paur;(vide);10
Total Jason Paur;;465
Jason Plautz;science;1
Total Jason Plautz;;1
Jason Pollack;gear;1
Jason Pollack;science;1
Total Jason Pollack;;2
Jason Pontin;ideas;16
Jason Pontin;science;1
Jason Pontin;the big story;2
Jason Pontin;(vide);1
Total Jason Pontin;;20
Jason Read;culture;1
Total Jason Read;;1
Jason Rosenthal;the big story;1
Total Jason Rosenthal;;1
Jason Ruffin;science;1
Total Jason Ruffin;;1
Jason Sattler;gear;8
Total Jason Sattler;;8
Jason Schreier;culture;215
Total Jason Schreier;;215
Jason Sigger;security;12
Total Jason Sigger;;12
Jason Silverman;culture;132
Jason Silverman;gear;1
Jason Silverman;science;18
Jason Silverman;security;4
Jason Silverman;(vide);8
Total Jason Silverman;;163
Jason Spingarn-Koff;culture;5
Jason Spingarn-Koff;science;1
Total Jason Spingarn-Koff;;6
Jason Strykowski;culture;2
Total Jason Strykowski;;2
Jason Tanz;business;36
Jason Tanz;culture;18
Jason Tanz;design;1
Jason Tanz;ideas;1
Jason Tanz;opinion;1
Jason Tanz;science;1
Jason Tanz;(vide);14
Total Jason Tanz;;72
Jason Tashea;opinion;1
Total Jason Tashea;;1
Jason Tselentis;the big story;2
Total Jason Tselentis;;2
Jason Turbow;culture;7
Total Jason Turbow;;7
Jason Walsh;business;1
Jason Walsh;culture;3
Jason Walsh;gear;1
Total Jason Walsh;;5
Jason Whiting;culture;1
Total Jason Whiting;;1
Jathan Sadowski;opinion;2
Total Jathan Sadowski;;2
Jay Bennett;science;1
Total Jay Bennett;;1
Jay Caspian Kang;(vide);1
Total Jay Caspian Kang;;1
Jay Coen Gilbert;ideas;1
Total Jay Coen Gilbert;;1
Jay David Bolter;culture;1
Jay David Bolter;(vide);1
Total Jay David Bolter;;2
Jay Dayrit;culture;1
Total Jay Dayrit;;1
Jay Deitcher;culture;1
Total Jay Deitcher;;1
Jay Dixit;(vide);1
Total Jay Dixit;;1
Jay Donde;transportation;1
Total Jay Donde;;1
Jay Kinney;(vide);3
Total Jay Kinney;;3
Jay Leno;gear;4
Total Jay Leno;;4
Jay Mallin;(vide);1
Total Jay Mallin;;1
Jay Ogilvy;(vide);4
Total Jay Ogilvy;;4
Jay Rosen;business;1
Total Jay Rosen;;1
Jay Ruben Dayrit;the big story;
Jay Ruben Dayrit;(vide);1
Total Jay Ruben Dayrit;;1
Jay Samit;business;1
Total Jay Samit;;1
Jay Walker;opinion;1
Total Jay Walker;;1
Jay Walljasper;transportation;1
Total Jay Walljasper;;1
Jayne Garrison;(vide);2
Total Jayne Garrison;;2
Jean Field;business;2
Jean Field;security;7
Total Jean Field;;9
Jean Guerrero;the big story;1
Total Jean Guerrero;;1
Jean Snow;culture;298
Total Jean Snow;;298
Jean Trinh;gear;1
Total Jean Trinh;;1
Jean-Hugues Roy;(vide);1
Total Jean-Hugues Roy;;1
Jeanette;(vide);3
Total Jeanette;;3
Jeanne Thornton;culture;1
Total Jeanne Thornton;;1
Jef Raskin;culture;1
Jef Raskin;science;1
Jef Raskin;(vide);34
Total Jef Raskin;;36
Jeff Abramowitz;business;1
Total Jeff Abramowitz;;1
Jeff Baskin;(vide);3
Total Jeff Baskin;;3
Jeff Beckham;culture;24
Jeff Beckham;design;1
Jeff Beckham;gear;6
Jeff Beckham;science;3
Total Jeff Beckham;;34
Jeff Bercovici;business;1
Total Jeff Bercovici;;1
Jeff Burchell;science;1
Total Jeff Burchell;;1
Jeff Carbeck;business;1
Total Jeff Carbeck;;1
Jeff Dingler;gear;1
Total Jeff Dingler;;1
Jeff Foss;opinion;1
Total Jeff Foss;;1
Jeff Gibbard;business;1
Total Jeff Gibbard;;1
Jeff Goodell;(vide);1
Total Jeff Goodell;;1
Jeff Greenwald;culture;1
Jeff Greenwald;opinion;2
Jeff Greenwald;(vide);14
Total Jeff Greenwald;;17
Jeff Howe;business;11
Jeff Howe;culture;1
Jeff Howe;gear;1
Jeff Howe;(vide);21
Total Jeff Howe;;34
Jeff Kosseff;ideas;3
Total Jeff Kosseff;;3
Jeff Koyen;business;1
Total Jeff Koyen;;1
Jeff Link;business;2
Total Jeff Link;;2
Jeff Ma;opinion;1
Total Jeff Ma;;1
Jeff MacIntyre;science;4
Total Jeff MacIntyre;;4
Jeff Mann;(vide);1
Total Jeff Mann;;1
Jeff Nesbit;opinion;1
Total Jeff Nesbit;;1
Jeff Rice;science;3
Total Jeff Rice;;3
Jeff Sidell;science;1
Jeff Sidell;(vide);1
Total Jeff Sidell;;2
Jeff Stein;security;2
Total Jeff Stein;;2
Jeff Stibel;business;1
Jeff Stibel;opinion;2
Total Jeff Stibel;;3
Jeff Swimmer;(vide);1
Total Jeff Swimmer;;1
Jeff Ubois;(vide);1
Total Jeff Ubois;;1
Jeffery A. Bechdol;(vide);1
Total Jeffery A. Bechdol;;1
Jeffery Mays;(vide);1
Total Jeffery Mays;;1
Jeffery Wardell;(vide);12
Total Jeffery Wardell;;12
Jeffrey Ball;the big story;1
Total Jeffrey Ball;;1
Jeffrey Benner;business;24
Jeffrey Benner;culture;11
Jeffrey Benner;gear;1
Jeffrey Benner;science;13
Jeffrey Benner;security;39
Total Jeffrey Benner;;88
Jeffrey Fisher;(vide);1
Total Jeffrey Fisher;;1
Jeffrey Goldsmith;(vide);6
Total Jeffrey Goldsmith;;6
Jeffrey Lewis;gear;1
Jeffrey Lewis;security;4
Total Jeffrey Lewis;;5
Jeffrey M. O'Brien;(vide);24
Total Jeffrey M. O'Brien;;24
Jeffrey Mann;culture;1
Jeffrey Mann;(vide);5
Total Jeffrey Mann;;6
Jeffrey Marlow;culture;1
Jeffrey Marlow;gear;4
Jeffrey Marlow;science;177
Jeffrey Marlow;(vide);1
Total Jeffrey Marlow;;183
Jeffrey McManus;(vide);1
Total Jeffrey McManus;;1
Jeffrey Obser;culture;1
Jeffrey Obser;security;1
Total Jeffrey Obser;;2
Jeffrey Pomerantz;business;1
Total Jeffrey Pomerantz;;1
Jeffrey Rodman;the big story;1
Total Jeffrey Rodman;;1
Jeffrey Rosen;(vide);1
Total Jeffrey Rosen;;1
Jeffrey S. Young;(vide);2
Total Jeffrey S. Young;;2
Jeffrey Terraciano;business;2
Jeffrey Terraciano;science;7
Jeffrey Terraciano;security;3
Total Jeffrey Terraciano;;12
Jeffrey Van Camp;gear;50
Total Jeffrey Van Camp;;50
Jeffrey Veen;business;1
Jeffrey Veen;science;52
Jeffrey Veen;(vide);1
Total Jeffrey Veen;;54
Jehan Azad;ideas;1
Total Jehan Azad;;1
Jehanne Henry;(vide);1
Total Jehanne Henry;;1
Jen Golbeck;ideas;1
Total Jen Golbeck;;1
Jen Trolio;culture;1
Total Jen Trolio;;1
Jenavieve Hatch;science;1
Total Jenavieve Hatch;;1
Jenn Director Knudsen;security;2
Total Jenn Director Knudsen;;2
Jenn Shreve;business;3
Jenn Shreve;culture;11
Jenn Shreve;gear;1
Jenn Shreve;science;5
Jenn Shreve;security;1
Jenn Shreve;(vide);13
Total Jenn Shreve;;34
Jenn Tylbon;(vide);29
Total Jenn Tylbon;;29
Jenna Garrett;business;1
Jenna Garrett;culture;3
Jenna Garrett;design;6
Jenna Garrett;gear;1
Jenna Garrett;photo;49
Jenna Garrett;(vide);1
Total Jenna Garrett;;61
Jenna Wortham;business;2
Jenna Wortham;culture;251
Jenna Wortham;gear;2
Total Jenna Wortham;;255
Jennie Rose;(vide);2
Total Jennie Rose;;2
Jennie Ruggles;(vide);1
Total Jennie Ruggles;;1
Jennifer Alsever;(vide);1
Total Jennifer Alsever;;1
Jennifer Barton;culture;2
Total Jennifer Barton;;2
Jennifer Barton Packer;business;1
Total Jennifer Barton Packer;;1
Jennifer Berney;gear;1
Total Jennifer Berney;;1
Jennifer Billock;culture;1
Jennifer Billock;science;1
Total Jennifer Billock;;2
Jennifer Chaussee;business;5
Jennifer Chaussee;culture;3
Jennifer Chaussee;science;23
Jennifer Chaussee;transportation;2
Jennifer Chaussee;(vide);2
Total Jennifer Chaussee;;35
Jennifer Clare Ball;science;6
Total Jennifer Clare Ball;;6
Jennifer Cobb Kreisberg;(vide);1
Total Jennifer Cobb Kreisberg;;1
Jennifer Conrad;business;13
Jennifer Conrad;ideas;2
Jennifer Conrad;security;1
Total Jennifer Conrad;;16
Jennifer Couzin-Frankel;science;1
Total Jennifer Couzin-Frankel;;1
Jennifer Cowan;culture;1
Jennifer Cowan;(vide);3
Total Jennifer Cowan;;4
Jennifer D.;(vide);60
Total Jennifer D.;;60
Jennifer Ditchburn;security;4
Total Jennifer Ditchburn;;4
Jennifer Doudna;science;1
Total Jennifer Doudna;;1
Jennifer Drobac;culture;1
Total Jennifer Drobac;;1
Jennifer Eno;business;4
Jennifer Eno;culture;2
Jennifer Eno;science;1
Jennifer Eno;security;3
Total Jennifer Eno;;10
Jennifer Frazier;(vide);2
Total Jennifer Frazier;;2
Jennifer Friedlin;culture;2
Total Jennifer Friedlin;;2
Jennifer Garrison;ideas;1
Total Jennifer Garrison;;1
Jennifer Granick;business;7
Jennifer Granick;culture;1
Jennifer Granick;opinion;1
Jennifer Granick;science;2
Jennifer Granick;security;15
Jennifer Granick;(vide);3
Total Jennifer Granick;;29
Jennifer Hansen;(vide);13
Total Jennifer Hansen;;13
Jennifer Hattam;culture;6
Jennifer Hattam;security;4
Total Jennifer Hattam;;10
Jennifer Hillner;business;2
Jennifer Hillner;culture;5
Jennifer Hillner;gear;4
Jennifer Hillner;science;2
Jennifer Hillner;(vide);90
Total Jennifer Hillner;;103
Jennifer Jacquet;business;2
Jennifer Jacquet;ideas;1
Total Jennifer Jacquet;;3
Jennifer Kabat;(vide);6
Total Jennifer Kabat;;6
Jennifer Kahn;science;2
Jennifer Kahn;the big story;1
Jennifer Kahn;transportation;1
Jennifer Kahn;(vide);15
Total Jennifer Kahn;;19
Jennifer Laloup;science;1
Total Jennifer Laloup;;1
Jennifer Lucy Allan;business;1
Jennifer Lucy Allan;culture;1
Jennifer Lucy Allan;gear;6
Jennifer Lucy Allan;science;1
Total Jennifer Lucy Allan;;9
Jennifer M. Wood;culture;75
Total Jennifer M. Wood;;75
Jennifer Maerz;(vide);1
Total Jennifer Maerz;;1
Jennifer O'Mahony;science;3
Total Jennifer O'Mahony;;3
Jennifer Ouellette;science;6
Total Jennifer Ouellette;;6
Jennifer Ouellette, Ars Technica;business;2
Jennifer Ouellette, Ars Technica;culture;4
Jennifer Ouellette, Ars Technica;science;28
Jennifer Ouellette, Ars Technica;transportation;1
Total Jennifer Ouellette, Ars Technica;;35
Jennifer Oulette;science;1
Total Jennifer Oulette;;1
Jennifer Pirtle;(vide);1
Total Jennifer Pirtle;;1
Jennifer Prior;(vide);1
Total Jennifer Prior;;1
Jennifer Stavros;culture;1
Total Jennifer Stavros;;1
Jennifer Stisa Granick;security;1
Total Jennifer Stisa Granick;;1
Jennifer Sullivan;business;296
Jennifer Sullivan;culture;55
Jennifer Sullivan;science;30
Jennifer Sullivan;security;15
Jennifer Sullivan;(vide);1
Total Jennifer Sullivan;;397
Jennifer Swann;gear;1
Total Jennifer Swann;;1
Jennifer Urban;opinion;1
Total Jennifer Urban;;1
Jennifer Welsh;science;5
Total Jennifer Welsh;;5
Jenny Cutraro;science;1
Total Jenny Cutraro;;1
Jenny Everett;(vide);1
Total Jenny Everett;;1
Jenny Lay-Flurrie;business;1
Total Jenny Lay-Flurrie;;1
Jenny Morber;ideas;2
Jenny Morber;science;1
Total Jenny Morber;;3
Jenny Southan;security;1
Total Jenny Southan;;1
Jenny Townsend;business;1
Total Jenny Townsend;;1
Jenny Williams;culture;3
Jenny Williams;(vide);261
Total Jenny Williams;;264
Jenny Zheng;culture;1
Total Jenny Zheng;;1
Jens Stoltenberg;security;1
Total Jens Stoltenberg;;1
Jer Thorp;the big story;1
Total Jer Thorp;;1
Jeremi Suri;security;1
Total Jeremi Suri;;1
Jeremiah McNichols;(vide);9
Total Jeremiah McNichols;;9
Jeremiah Steele;(vide);2
Total Jeremiah Steele;;2
Jeremy Bailenson;ideas;1
Jeremy Bailenson;the big story;1
Total Jeremy Bailenson;;2
Jeremy Barna;business;1
Jeremy Barna;culture;3
Jeremy Barna;science;2
Jeremy Barna;security;1
Total Jeremy Barna;;7
Jeremy Blachman;the big story;1
Total Jeremy Blachman;;1
Jeremy Cook;business;27
Jeremy Cook;culture;3
Jeremy Cook;gear;14
Jeremy Cook;science;1
Total Jeremy Cook;;45
Jeremy Farrar;science;1
Total Jeremy Farrar;;1
Jeremy Hart;culture;5
Jeremy Hart;gear;17
Total Jeremy Hart;;22
Jeremy Hay;(vide);4
Total Jeremy Hay;;4
Jeremy Hsu;science;1
Jeremy Hsu;security;6
Jeremy Hsu;the big story;10
Total Jeremy Hsu;;17
Jeremy K. Spencer;gear;1
Total Jeremy K. Spencer;;1
Jeremy Kingsley;business;11
Jeremy Kingsley;gear;2
Jeremy Kingsley;science;17
Total Jeremy Kingsley;;30
Jeremy Littau;opinion;1
Total Jeremy Littau;;1
Jeremy Miller;science;1
Total Jeremy Miller;;1
Jeremy Repanich;culture;6
Total Jeremy Repanich;;6
Jeremy Samuel Faust;ideas;1
Total Jeremy Samuel Faust;;1
Jeremy Schulman;science;2
Total Jeremy Schulman;;2
Jeremy White;business;170
Jeremy White;culture;27
Jeremy White;gear;186
Jeremy White;ideas;9
Jeremy White;science;13
Total Jeremy White;;405
Jeremy White & Kieran Alger;gear;1
Total Jeremy White & Kieran Alger;;1
Jerod Pore;(vide);1
Total Jerod Pore;;1
Jeroen van Bergeijk;culture;6
Jeroen van Bergeijk;science;1
Total Jeroen van Bergeijk;;7
Jerold M. Lowenstein;(vide);2
Total Jerold M. Lowenstein;;2
Jerome Clark;(vide);4
Total Jerome Clark;;4
Jerome Kuptz;(vide);1
Total Jerome Kuptz;;1
Jerome Samson;science;1
Total Jerome Samson;;1
Jerome Thorel;security;1
Total Jerome Thorel;;1
Jerrine Tan;ideas;4
Total Jerrine Tan;;4
Jerry Adler;business;2
Jerry Adler;gear;1
Total Jerry Adler;;3
Jerry Bonner;culture;1
Total Jerry Bonner;;1
Jerry Brito;business;1
Jerry Brito;opinion;1
Total Jerry Brito;;2
Jerry Brito and Tate Watkins;security;1
Total Jerry Brito and Tate Watkins;;1
Jerry Colonna;(vide);2
Total Jerry Colonna;;2
Jerry Shine;(vide);2
Total Jerry Shine;;2
Jerry Useem;(vide);1
Total Jerry Useem;;1
Jess Barron;culture;1
Total Jess Barron;;1
Jess Craig;business;1
Total Jess Craig;;1
Jess McNally;science;32
Jess McNally;(vide);1
Total Jess McNally;;33
Jess Purkiss;business;1
Total Jess Purkiss;;1
Jessamyn;(vide);15
Total Jessamyn;;15
Jesse Damiani;culture;1
Total Jesse Damiani;;1
Jesse Freund;business;16
Jesse Freund;culture;8
Jesse Freund;science;5
Jesse Freund;(vide);67
Total Jesse Freund;;96
Jesse Freund with a shoutout to Steve G. Steinberg;(vide);2
Total Jesse Freund with a shoutout to Steve G. Steinberg;;2
Jesse Jarnow;culture;2
Jesse Jarnow;gear;3
Jesse Jarnow;the big story;4
Total Jesse Jarnow;;9
Jesse Klein;ideas;1
Jesse Klein;science;3
Total Jesse Klein;;4
Jesse Lichenstein;(vide);1
Total Jesse Lichenstein;;1
Jesse Lichtenstein;(vide);1
Total Jesse Lichtenstein;;1
Jesse Nichols;science;1
Total Jesse Nichols;;1
Jesse Oxfeld;(vide);1
Total Jesse Oxfeld;;1
Jesse Scanlon;(vide);1
Total Jesse Scanlon;;1
Jesse Sunenblick;science;1
Total Jesse Sunenblick;;1
Jesse Sutton;business;1
Total Jesse Sutton;;1
Jessi Hempel;business;122
Jessi Hempel;culture;1
Jessi Hempel;design;5
Jessi Hempel;gear;2
Jessi Hempel;security;1
Jessi Hempel;the big story;68
Total Jessi Hempel;;199
Jessica Alter;business;1
Jessica Alter;opinion;1
Total Jessica Alter;;2
Jessica Bateman;business;2
Total Jessica Bateman;;2
Jessica Benko;science;1
Total Jessica Benko;;1
Jessica Brown;culture;3
Jessica Brown;science;1
Total Jessica Brown;;4
Jessica Bruder;business;1
Jessica Bruder;the big story;1
Total Jessica Bruder;;2
Jessica Camille Aguirre;the big story;1
Total Jessica Camille Aguirre;;1
Jessica Carter;business;3
Total Jessica Carter;;3
Jessica Cruel, Allure;gear;1
Total Jessica Cruel, Allure;;1
Jessica Hagy;opinion;1
Total Jessica Hagy;;1
Jessica Halgren;(vide);2
Total Jessica Halgren;;2
Jessica Hilberman;(vide);4
Total Jessica Hilberman;;4
Jessica J. González;ideas;1
Total Jessica J. González;;1
Jessica Klein;business;1
Total Jessica Klein;;1
Jessica Leigh Hester;science;9
Total Jessica Leigh Hester;;9
Jessica Livingston;the big story;1
Total Jessica Livingston;;1
Jessica Maddox;ideas;1
Total Jessica Maddox;;1
Jessica Pishko;the big story;3
Total Jessica Pishko;;3
Jessica Powell;the big story;1
Total Jessica Powell;;1
Jessica Rich;business;1
Total Jessica Rich;;1
Jessica Rizzo;ideas;5
Total Jessica Rizzo;;5
Jessica Rosenworcel;business;2
Total Jessica Rosenworcel;;2
Jessica Shattuck;(vide);4
Total Jessica Shattuck;;4
Jessica Wade;ideas;2
Total Jessica Wade;;2
Jessica Wapner;science;2
Total Jessica Wapner;;2
Jessica Williams;the big story;1
Total Jessica Williams;;1
Jessica Zitter;opinion;1
Total Jessica Zitter;;1
Jessie Lau;science;1
Total Jessie Lau;;1
Jessie Scanion;(vide);1
Total Jessie Scanion;;1
Jessie Scanlon;science;2
Jessie Scanlon;(vide);119
Total Jessie Scanlon;;121
Jessie Seyfer;culture;1
Jessie Seyfer;science;1
Total Jessie Seyfer;;2
Jesus Diaz, Gizmodo.com;security;3
Total Jesus Diaz, Gizmodo.com;;3
jglasner;(vide);1
Total jglasner;;1
Jihad Abdullah;business;1
Jihad Abdullah;science;6
Jihad Abdullah;security;1
Total Jihad Abdullah;;8
Jill Gutowitz;culture;1
Total Jill Gutowitz;;1
Jill Neimark;science;1
Total Jill Neimark;;1
Jill Priluck;business;4
Jill Priluck;culture;4
Jill Priluck;science;8
Jill Priluck;security;10
Total Jill Priluck;;26
Jill Stewart;(vide);1
Total Jill Stewart;;1
Jill Tarter;science;1
Total Jill Tarter;;1
Jillian C. York;ideas;1
Total Jillian C. York;;1
Jillian Keenan;the big story;1
Total Jillian Keenan;;1
Jillian York;culture;1
Total Jillian York;;1
Jim Bumgardner;(vide);4
Total Jim Bumgardner;;4
Jim Carlton;(vide);1
Total Jim Carlton;;1
Jim Clarage;(vide);2
Total Jim Clarage;;2
Jim Crabtree;science;1
Total Jim Crabtree;;1
Jim Dwyer;the big story;1
Total Jim Dwyer;;1
Jim Felici 0005646865@mcimail.com;(vide);1
Total Jim Felici 0005646865@mcimail.com;;1
Jim Gaffigan;culture;1
Total Jim Gaffigan;;1
Jim Gasperini;(vide);15
Total Jim Gasperini;;15
Jim Hill;business;24
Jim Hill;culture;2
Jim Hill;gear;11
Jim Hill;science;3
Total Jim Hill;;40
Jim Hill & Dalia Nassimi;culture;1
Total Jim Hill & Dalia Nassimi;;1
Jim Hopkinson;business;6
Total Jim Hopkinson;;6
Jim Jones;(vide);4
Total Jim Jones;;4
Jim Kakalios;culture;1
Jim Kakalios;science;1
Total Jim Kakalios;;2
Jim Kozubek;opinion;1
Total Jim Kozubek;;1
Jim Leftwich;science;2
Jim Leftwich;(vide);1
Total Jim Leftwich;;3
Jim Lewis;(vide);2
Total Jim Lewis;;2
Jim Louderback;business;1
Total Jim Louderback;;1
Jim MacQuarrie;(vide);40
Total Jim MacQuarrie;;40
Jim Martz;culture;1
Total Jim Martz;;1
Jim McLauchlin;culture;6
Total Jim McLauchlin;;6
Jim Merithew;business;1
Jim Merithew;culture;13
Jim Merithew;gear;4
Jim Merithew;photo;7
Jim Merithew;science;1
Jim Merithew;(vide);2
Total Jim Merithew;;28
Jim Metzner;(vide);4
Total Jim Metzner;;4
Jim Morrison;science;5
Total Jim Morrison;;5
Jim Nash;(vide);2
Total Jim Nash;;2
Jim O'Neill;opinion;1
Total Jim O'Neill;;1
Jim Popkin;business;1
Jim Popkin;(vide);1
Total Jim Popkin;;2
Jim Redner;business;1
Total Jim Redner;;1
Jim Rendon;culture;1
Jim Rendon;(vide);2
Total Jim Rendon;;3
Jim Resnick;transportation;3
Total Jim Resnick;;3
Jim Robbins;science;5
Total Jim Robbins;;5
Jim Rossignol;culture;1
Total Jim Rossignol;;1
Jim Salter, Ars Technica;gear;1
Jim Salter, Ars Technica;security;2
Total Jim Salter, Ars Technica;;3
Jim Taylor;(vide);1
Total Jim Taylor;;1
Jim Urquhart;science;1
Total Jim Urquhart;;1
Jim Vandewalker;(vide);1
Total Jim Vandewalker;;1
Jim Weeks;business;1
Jim Weeks;culture;1
Jim Weeks;gear;1
Total Jim Weeks;;3
Jim Zemlin;opinion;1
Total Jim Zemlin;;1
Jimi Famurewa;the big story;3
Total Jimi Famurewa;;3
Jimmy Guterman;(vide);1
Total Jimmy Guterman;;1
Jimmy Jellinek;(vide);1
Total Jimmy Jellinek;;1
Jimmy McLoughlin;ideas;1
Total Jimmy McLoughlin;;1
Jimmy Stamp;business;1
Total Jimmy Stamp;;1
Jimmy Wales;business;2
Total Jimmy Wales;;2
Jing Niu;gear;1
Total Jing Niu;;1
jmckeel;opinion;1
jmckeel;(vide);1
Total jmckeel;;2
Jo Marchant;the big story;1
Total Jo Marchant;;1
Joan Donovan;ideas;1
Total Joan Donovan;;1
Joan O'C. Hamilton;(vide);2
Total Joan O'C. Hamilton;;2
Joan Van Tassel;(vide);4
Total Joan Van Tassel;;4
Joan Voight;(vide);1
Total Joan Voight;;1
Joan Westenberg;business;1
Total Joan Westenberg;;1
Joanna Glasner;business;793
Joanna Glasner;culture;44
Joanna Glasner;gear;10
Joanna Glasner;science;39
Joanna Glasner;security;50
Joanna Glasner;(vide);1
Total Joanna Glasner;;937
Joanna Haeger;business;1
Total Joanna Haeger;;1
Joanna J. Bryson;ideas;3
Total Joanna J. Bryson;;3
Joanna Pachner;(vide);1
Total Joanna Pachner;;1
Joanna Pearlstein;business;8
Joanna Pearlstein;culture;4
Joanna Pearlstein;design;2
Joanna Pearlstein;science;9
Joanna Pearlstein;security;3
Joanna Pearlstein;the big story;1
Joanna Pearlstein;(vide);2
Total Joanna Pearlstein;;29
Joanna Steinhardt;ideas;1
Total Joanna Steinhardt;;1
Joanna Thompson;science;2
Total Joanna Thompson;;2
Joanne Klynn;(vide);1
Total Joanne Klynn;;1
Joanne Silberner;ideas;1
Joanne Silberner;science;1
Total Joanne Silberner;;2
Joao de Sa Coutinho;security;2
Total Joao de Sa Coutinho;;2
João Medeiros;business;69
João Medeiros;culture;9
João Medeiros;gear;9
João Medeiros;science;64
João Medeiros;security;3
João Medeiros;startups;1
João Medeiros;the big story;9
Total João Medeiros;;164
Jocelyn Jane Cox;gear;1
Total Jocelyn Jane Cox;;1
Jocelyn Timperley;business;1
Jocelyn Timperley;science;14
Total Jocelyn Timperley;;15
Jocelyn Williams;(vide);1
Total Jocelyn Williams;;1
Jock Fistick;gear;2
Total Jock Fistick;;2
Jodi Helmer;science;1
Total Jodi Helmer;;1
Jody Medich;culture;1
Total Jody Medich;;1
Joe Ashbrook Nickell;business;111
Joe Ashbrook Nickell;culture;124
Joe Ashbrook Nickell;science;12
Joe Ashbrook Nickell;security;15
Total Joe Ashbrook Nickell;;262
Joe Bak-Coleman;opinion;1
Total Joe Bak-Coleman;;1
Joe Brancatelli;transportation;1
Total Joe Brancatelli;;1
Joe Brown;business;2
Joe Brown;culture;6
Joe Brown;gear;66
Joe Brown;opinion;4
Joe Brown;security;1
Joe Brown;(vide);1
Total Joe Brown;;80
Joe Brown | Michael Calore;design;1
Total Joe Brown | Michael Calore;;1
Joe Carnahan;(vide);1
Total Joe Carnahan;;1
Joe Eaton;science;1
Total Joe Eaton;;1
Joe Flower;gear;1
Joe Flower;(vide);5
Total Joe Flower;;6
Joe Gamp;culture;1
Total Joe Gamp;;1
Joe Gosen;photo;4
Total Joe Gosen;;4
Joe Hanson;science;15
Total Joe Hanson;;15
Joe Hutsko;(vide);11
Total Joe Hutsko;;11
Joe Jacobi;culture;1
Total Joe Jacobi;;1
Joe Karaganis;opinion;1
Total Joe Karaganis;;1
Joe Keohane;business;1
Total Joe Keohane;;1
Joe Kissell;gear;1
Total Joe Kissell;;1
Joe Kloc;business;1
Total Joe Kloc;;1
Joe Lindsey;culture;7
Joe Lindsey;gear;6
Joe Lindsey;transportation;2
Total Joe Lindsey;;15
Joe Lonsdale;business;1
Joe Lonsdale;science;1
Total Joe Lonsdale;;2
Joe Lynch;culture;1
Total Joe Lynch;;1
Joe MacInnis;(vide);1
Total Joe MacInnis;;1
Joe Minihane;gear;5
Total Joe Minihane;;5
Joe Molander;culture;1
Total Joe Molander;;1
Joe Mullin;business;3
Joe Mullin;culture;1
Joe Mullin;security;1
Total Joe Mullin;;5
Joe Nickel;(vide);2
Total Joe Nickel;;2
Joe Nickell;(vide);2
Total Joe Nickell;;2
Joe Parkinson;the big story;1
Total Joe Parkinson;;1
Joe Pugliese;gear;1
Total Joe Pugliese;;1
Joe Ray;business;1
Joe Ray;culture;1
Joe Ray;gear;58
Joe Ray;photo;1
Joe Ray;science;1
Joe Ray;the big story;1
Total Joe Ray;;63
Joe Silver;business;1
Joe Silver;science;1
Total Joe Silver;;2
Joe Talbot joe@mojave.ati.com;(vide);1
Total Joe Talbot joe@mojave.ati.com;;1
Joe Trippi;(vide);1
Total Joe Trippi;;1
Joe Veix;culture;1
Total Joe Veix;;1
Joe Verrengia;(vide);1
Total Joe Verrengia;;1
Joe Wallen;gear;1
Total Joe Wallen;;1
Joe Weisenfelder;(vide);1
Total Joe Weisenfelder;;1
Joe Wiesenfelder;science;1
Joe Wiesenfelder;(vide);12
Total Joe Wiesenfelder;;13
Joel Beckerman;gear;1
Total Joel Beckerman;;1
Joel Carter;ideas;1
Total Joel Carter;;1
Joel Enos;(vide);3
Total Joel Enos;;3
Joel Garreau;(vide);2
Total Joel Garreau;;2
Joel Harrison;gear;2
Total Joel Harrison;;2
Joel Johnson;business;1
Joel Johnson;culture;4
Joel Johnson;gear;6
Joel Johnson;science;3
Joel Johnson;(vide);1
Total Joel Johnson;;15
Joel Khalili;blockchain and cryptocurrency;1
Joel Khalili;business;61
Joel Khalili;health;1
Joel Khalili;science;1
Total Joel Khalili;;64
Joel Meares;(vide);11
Total Joel Meares;;11
Joel Simon;(vide);1
Total Joel Simon;;1
Joel Snyder;(vide);2
Total Joel Snyder;;2
Joel Stein;culture;2
Total Joel Stein;;2
Joel Warner;business;2
Joel Warner;culture;5
Joel Warner;science;1
Joel Warner;(vide);2
Total Joel Warner;;10
Joel Warner and Peter McGraw;culture;10
Total Joel Warner and Peter McGraw;;10
Joelle Gamble;business;1
Total Joelle Gamble;;1
Joelle Renstrom;ideas;1
Total Joelle Renstrom;;1
Joey Anuff;business;2
Joey Anuff;culture;48
Joey Anuff;(vide);4
Total Joey Anuff;;54
Joey Camire;business;1
Total Joey Camire;;1
Joey D'Urso;business;1
Total Joey D'Urso;;1
Johannes Kuhn;business;1
Total Johannes Kuhn;;1
John A. Stoner;(vide);1
Total John A. Stoner;;1
John Aboud;(vide);6
Total John Aboud;;6
John Adamian;culture;1
Total John Adamian;;1
John Alderman;business;4
John Alderman;culture;116
John Alderman;science;4
John Alderman;security;2
John Alderman;(vide);6
Total John Alderman;;132
John Alexander;culture;1
Total John Alexander;;1
John Andrews;(vide);1
Total John Andrews;;1
John Anealio;(vide);12
Total John Anealio;;12
John Anthony Bailo;(vide);1
Total John Anthony Bailo;;1
John Archer;culture;1
John Archer;gear;1
Total John Archer;;2
John Arlidge;business;1
John Arlidge;the big story;1
Total John Arlidge;;2
John Arquilla;(vide);2
Total John Arquilla;;2
John Austin;culture;1
Total John Austin;;1
John Baichtal;(vide);198
Total John Baichtal;;198
John Barker;business;1
John Barker;gear;2
Total John Barker;;3
John Batelle;(vide);2
Total John Batelle;;2
John Battele;(vide);1
Total John Battele;;1
John Battelle;(vide);24
Total John Battelle;;24
John Battelle with Bob Johnstone;culture;1
Total John Battelle with Bob Johnstone;;1
John Beck;culture;1
John Beck;the big story;1
Total John Beck;;2
John Bennett;(vide);1
Total John Bennett;;1
John Bergmayer;ideas;1
Total John Bergmayer;;1
John Berry;(vide);2
Total John Berry;;2
John Biggs;security;1
Total John Biggs;;1
John Bohannon;business;1
John Bohannon;science;2
John Bohannon;(vide);2
Total John Bohannon;;5
John Booth;(vide);103
Total John Booth;;103
John Borland;business;2
John Borland;gear;1
John Borland;science;118
John Borland;security;24
Total John Borland;;145
John Borland Evan Hansen;culture;1
Total John Borland Evan Hansen;;1
John Borthwick;the big story;1
Total John Borthwick;;1
John Bowers;ideas;1
Total John Bowers;;1
John Bradley;culture;3
John Bradley;gear;6
Total John Bradley;;9
John Brandon;business;2
John Brandon;gear;1
John Brandon;ideas;1
Total John Brandon;;4
John Browning;business;2
John Browning;(vide);21
Total John Browning;;23
John Brownlee;culture;1
John Brownlee;gear;1
John Brownlee;(vide);600
Total John Brownlee;;602
John C Abell;business;305
John C Abell;gear;6
John C Abell;security;1
John C Abell;(vide);12
Total John C Abell;;324
John Carlin;(vide);1
Total John Carlin;;1
John Carreyrou;the big story;1
Total John Carreyrou;;1
John Cartan;(vide);3
Total John Cartan;;3
John Chambers;opinion;1
Total John Chambers;;1
John Crumpacker;science;1
Total John Crumpacker;;1
John Danaher;ideas;1
Total John Danaher;;1
John Denley;security;2
Total John Denley;;2
John Dewis;(vide);1
Total John Dewis;;1
John Doerr;business;1
Total John Doerr;;1
John Egan;business;1
Total John Egan;;1
John Fingleton;business;1
Total John Fingleton;;1
John Galvin;(vide);2
Total John Galvin;;2
John Gans;security;1
Total John Gans;;1
John Gartner;business;9
John Gartner;culture;15
John Gartner;gear;138
John Gartner;science;89
John Gartner;security;6
John Gartner;transportation;7
Total John Gartner;;264
John Gaudiosi;business;1
John Gaudiosi;culture;9
John Gaudiosi;gear;1
John Gaudiosi;(vide);4
Total John Gaudiosi;;15
John Geirland;(vide);13
Total John Geirland;;13
John Gerzema;business;1
Total John Gerzema;;1
John Gilles;business;6
John Gilles;science;30
John Gilles;security;1
Total John Gilles;;37
John Gilmore;(vide);1
Total John Gilmore;;1
John Glassie;(vide);4
Total John Glassie;;4
John Gorenfeld;(vide);1
Total John Gorenfeld;;1
John Gowlett;science;1
Total John Gowlett;;1
John Gravois;culture;1
Total John Gravois;;1
John Green;(vide);1
Total John Green;;1
John H. Richardson;business;1
John H. Richardson;the big story;
Total John H. Richardson;;1
John Hagel;opinion;1
Total John Hagel;;1
John Hegarty;culture;1
Total John Hegarty;;1
John Heileman;security;8
Total John Heileman;;8
John Heilemann;the big story;1
John Heilemann;(vide);12
Total John Heilemann;;13
John Hennessy;science;1
Total John Hennessy;;1
John Hockenberry;(vide);2
Total John Hockenberry;;2
John Hudson;gear;1
John Hudson;science;4
Total John Hudson;;5
John James;security;1
Total John James;;1
John Joseph Adams;culture;7
Total John Joseph Adams;;7
John K. Bates;(vide);2
Total John K. Bates;;2
John K. Delaney;business;1
Total John K. Delaney;;1
John Kehayias;culture;1
Total John Kehayias;;1
John Kennedy;(vide);1
Total John Kennedy;;1
John Kenneth Galbraith;(vide);2
Total John Kenneth Galbraith;;2
John Kiechel;design;1
Total John Kiechel;;1
John Kounios;science;1
Total John Kounios;;1
John Kovalic;(vide);107
Total John Kovalic;;107
John Kroger;(vide);1
Total John Kroger;;1
John Lantigua;(vide);1
Total John Lantigua;;1
John Lasker;business;3
John Lasker;culture;1
John Lasker;science;1
John Lasker;security;2
Total John Lasker;;7
John Learned;culture;1
Total John Learned;;1
John Lilly;the big story;1
Total John Lilly;;1
John Lutz;business;1
Total John Lutz;;1
John M. Marzluff;opinion;1
Total John M. Marzluff;;1
John Madden;(vide);12
Total John Madden;;12
John Maeda;culture;1
John Maeda;opinion;1
Total John Maeda;;2
John Markoff;(vide);1
Total John Markoff;;1
John May;(vide);1
Total John May;;1
John Maynard Keynes;(vide);2
Total John Maynard Keynes;;2
John McChesney;opinion;1
Total John McChesney;;1
John McDermott;culture;1
Total John McDermott;;1
John Metcalfe;science;1
Total John Metcalfe;;1
John Meyer;culture;47
Total John Meyer;;47
John Morkes;(vide);4
Total John Morkes;;4
John Mueller;opinion;1
Total John Mueller;;1
John Noonan;security;1
Total John Noonan;;1
John Ost;(vide);1
Total John Ost;;1
John Papageorge;business;1
Total John Papageorge;;1
John Patrick Pullen;(vide);1
Total John Patrick Pullen;;1
John Pavlus;culture;1
John Pavlus;design;3
John Pavlus;science;6
John Pavlus;the big story;1
John Pavlus;(vide);2
Total John Pavlus;;13
John Perry Barlow;business;2
John Perry Barlow;opinion;1
John Perry Barlow;the big story;1
John Perry Barlow;(vide);7
Total John Perry Barlow;;11
John Pike;science;1
Total John Pike;;1
John Plunkett;(vide);6
Total John Plunkett;;6
John Powers;security;1
Total John Powers;;1
John Preskill;science;1
Total John Preskill;;1
John Ratcliffe;business;1
Total John Ratcliffe;;1
John Rennie;science;5
Total John Rennie;;5
John Richey jrichey@gauss.stevens-tech.edu;(vide);1
Total John Richey jrichey@gauss.stevens-tech.edu;;1
John Robertson;culture;2
Total John Robertson;;2
John Rogers;culture;1
Total John Rogers;;1
John Rubino;(vide);4
Total John Rubino;;4
John S. Couch;culture;1
John S. Couch;(vide);3
Total John S. Couch;;4
John Sarvay;(vide);1
Total John Sarvay;;1
John Schwartz;(vide);3
Total John Schwartz;;3
John Scott Lewinski;culture;396
John Scott Lewinski;(vide);4
Total John Scott Lewinski;;400
John Semley;culture;5
John Semley;the big story;2
Total John Semley;;7
John Senior;opinion;1
Total John Senior;;1
John Shirley;(vide);1
Total John Shirley;;1
John Siracusa;business;1
Total John Siracusa;;1
John Spencer;opinion;1
John Spencer;security;1
Total John Spencer;;2
John Spong;culture;1
Total John Spong;;1
John Stoner;(vide);1
Total John Stoner;;1
John Sweeney bobcock@well.sf.ca.us;(vide);1
Total John Sweeney bobcock@well.sf.ca.us;;1
John Timmer;business;2
John Timmer;gear;2
Total John Timmer;;4
John Timmer, Ars Technica;business;1
John Timmer, Ars Technica;science;10
Total John Timmer, Ars Technica;;11
John Voelcker;gear;1
John Voelcker;transportation;1
Total John Voelcker;;2
John W Pilley;business;1
Total John W Pilley;;1
John Wendle;science;1
Total John Wendle;;1
John Wenz;culture;1
Total John Wenz;;1
John Whalen;(vide);4
Total John Whalen;;4
John Williamson;(vide);2
Total John Williamson;;2
John Zeratsky;design;1
Total John Zeratsky;;1
John-Paul Flintoff;(vide);1
Total John-Paul Flintoff;;1
Joi Ito;business;2
Joi Ito;ideas;17
Total Joi Ito;;19
Jon Bailes;culture;2
Total Jon Bailes;;2
Jon Brodkin, Ars Technica;business;25
Jon Brodkin, Ars Technica;culture;1
Jon Brodkin, Ars Technica;gear;3
Jon Brodkin, Ars Technica;science;1
Jon Brodkin, Ars Technica;security;14
Jon Brodkin, Ars Technica;(vide);5
Total Jon Brodkin, Ars Technica;;49
Jon Caramanica;(vide);9
Total Jon Caramanica;;9
Jon Carroll;culture;1
Jon Carroll;(vide);3
Total Jon Carroll;;4
Jon Christian;gear;1
Jon Christian;science;1
Total Jon Christian;;2
Jon Cohen;(vide);2
Total Jon Cohen;;2
Jon Crowcroft;security;1
Total Jon Crowcroft;;1
Jon Devo;gear;2
Total Jon Devo;;2
Jon Eilenberg;culture;1
Jon Eilenberg;gear;1
Jon Eilenberg;(vide);1
Total Jon Eilenberg;;3
Jon Gertner;science;1
Jon Gertner;transportation;1
Total Jon Gertner;;2
Jon Glaser;culture;2
Total Jon Glaser;;2
Jon Hurdle;science;2
Total Jon Hurdle;;2
Jon Kamen;culture;1
Total Jon Kamen;;1
Jon Katz;business;3
Jon Katz;culture;19
Jon Katz;opinion;13
Jon Katz;security;91
Jon Katz;(vide);17
Total Jon Katz;;143
Jon Kaufthal;(vide);12
Total Jon Kaufthal;;12
Jon Lackman;business;1
Jon Lackman;photo;1
Jon Lackman;science;1
Jon Lackman;(vide);1
Total Jon Lackman;;4
Jon Levy;culture;1
Total Jon Levy;;1
Jon Li;the big story;1
Total Jon Li;;1
Jon Lowell;(vide);1
Total Jon Lowell;;1
Jon M. Gibson;(vide);3
Total Jon M. Gibson;;3
Jon Madison;transportation;1
Total Jon Madison;;1
Jon Marcus;business;4
Total Jon Marcus;;4
Jon Mooallem;business;1
Jon Mooallem;culture;28
Jon Mooallem;opinion;15
Jon Mooallem;science;14
Jon Mooallem;(vide);1
Total Jon Mooallem;;59
Jon Peddie;(vide);1
Total Jon Peddie;;1
Jon Peterson;culture;1
Total Jon Peterson;;1
Jon Phillips;gear;28
Total Jon Phillips;;28
Jon Rochmis;business;1
Jon Rochmis;culture;5
Jon Rochmis;security;1
Total Jon Rochmis;;7
Jon Snyder;culture;3
Jon Snyder;gear;2
Jon Snyder;photo;8
Jon Snyder;science;1
Jon Snyder;(vide);2
Total Jon Snyder;;16
Jon Stokes;business;2
Jon Stokes;gear;1
Jon Stokes;ideas;1
Total Jon Stokes;;4
Jon Wurtzel;business;1
Jon Wurtzel;science;1
Total Jon Wurtzel;;2
Jonah Brucker-Cohen;(vide);8
Total Jonah Brucker-Cohen;;8
Jonah Freedman;(vide);2
Total Jonah Freedman;;2
Jonah Lehrer;business;2
Jonah Lehrer;culture;1
Jonah Lehrer;science;166
Jonah Lehrer;the big story;1
Jonah Lehrer;(vide);5
Total Jonah Lehrer;;175
Jonah Sachs;business;1
Total Jonah Sachs;;1
Jonah Seiger;science;1
Total Jonah Seiger;;1
Jonah Weiner;business;1
Total Jonah Weiner;;1
Jonathan Adiri;business;1
Total Jonathan Adiri;;1
Jonathan Albright;business;1
Total Jonathan Albright;;1
Jonathan Alter;opinion;1
Total Jonathan Alter;;1
Jonathan Bell;business;2
Jonathan Bell;culture;2
Jonathan Bell;the big story;1
Total Jonathan Bell;;5
Jonathan Bing;(vide);2
Total Jonathan Bing;;2
Jonathan Bratten;culture;1
Total Jonathan Bratten;;1
Jonathan Cohn;ideas;1
Total Jonathan Cohn;;1
Jonathan David Haidt;science;
Total Jonathan David Haidt;;
Jonathan Drori;business;2
Total Jonathan Drori;;2
Jonathan E.;(vide);1
Total Jonathan E.;;1
Jonathan Evans;security;2
Total Jonathan Evans;;2
Jonathan Franklin;science;1
Total Jonathan Franklin;;1
Jonathan H. Liu;culture;1
Jonathan H. Liu;(vide);514
Total Jonathan H. Liu;;515
Jonathan Haber;business;1
Total Jonathan Haber;;1
Jonathan Heusel;science;1
Total Jonathan Heusel;;1
Jonathan Holmes;business;1
Jonathan Holmes;culture;5
Total Jonathan Holmes;;6
Jonathan Kandell;(vide);1
Total Jonathan Kandell;;1
Jonathan Knudsen;(vide);3
Total Jonathan Knudsen;;3
Jonathan Lambert;science;1
Total Jonathan Lambert;;1
Jonathan Lee;culture;1
Total Jonathan Lee;;1
Jonathan Liu;(vide);1
Total Jonathan Liu;;1
Jonathan Luff;business;1
Jonathan Luff;security;1
Total Jonathan Luff;;2
Jonathan M. Gitlin, Ars Technica;business;3
Jonathan M. Gitlin, Ars Technica;gear;2
Jonathan M. Gitlin, Ars Technica;transportation;4
Total Jonathan M. Gitlin, Ars Technica;;9
Jonathan Mingle;science;1
Total Jonathan Mingle;;1
Jonathan Moens;science;1
Total Jonathan Moens;;1
Jonathan Napack;(vide);5
Total Jonathan Napack;;5
Jonathan Newhouse;culture;1
Total Jonathan Newhouse;;1
Jonathan O’Callaghan;culture;1
Jonathan O’Callaghan;science;25
Total Jonathan O’Callaghan;;26
Jonathan Pan;the big story;1
Total Jonathan Pan;;1
Jonathan Peltz;culture;3
Total Jonathan Peltz;;3
Jonathan RosenoerBy Steven Alan EdwardsBy Richard ThiemeBy David WeinbergerBy William Stephen Cross By Robert Spinrad;(vide);1
Total Jonathan RosenoerBy Steven Alan EdwardsBy Richard ThiemeBy David WeinbergerBy William Stephen Cross By Robert Spinrad;;1
Jonathan Snyder;gear;1
Total Jonathan Snyder;;1
Jonathan Steuer;(vide);2
Total Jonathan Steuer;;2
Jonathan Stevenson;culture;1
Total Jonathan Stevenson;;1
Jonathan Stray;ideas;1
Total Jonathan Stray;;1
Jonathan Vankin;(vide);1
Total Jonathan Vankin;;1
Jonathan W. Peters;security;1
Total Jonathan W. Peters;;1
Jonathan Waldman;science;1
Total Jonathan Waldman;;1
Jonathan Wallace;security;2
Jonathan Wallace;(vide);1
Total Jonathan Wallace;;3
Jonathan Watts;science;3
Total Jonathan Watts;;3
Jonathan Watts and Niko Kommenda;science;1
Total Jonathan Watts and Niko Kommenda;;1
Jonathan Weber;(vide);1
Total Jonathan Weber;;1
Jonathan Wells;gear;1
Total Jonathan Wells;;1
Jonathan Welsh;transportation;2
Total Jonathan Welsh;;2
Jonathan Wilner;gear;1
Total Jonathan Wilner;;1
Jonathan Zittrain;business;1
Total Jonathan Zittrain;;1
Jonathon Keats;business;5
Jonathon Keats;culture;14
Jonathon Keats;design;1
Jonathon Keats;gear;21
Jonathon Keats;opinion;1
Jonathon Keats;science;13
Jonathon Keats;security;4
Jonathon Keats;transportation;1
Jonathon Keats;(vide);27
Total Jonathon Keats;;87
Jonn Elledge;business;2
Total Jonn Elledge;;2
Jonna Dagliden Hunt;business;1
Total Jonna Dagliden Hunt;;1
Jonny Evans;business;1
Jonny Evans;culture;4
Total Jonny Evans;;5
Jordan Crucchiola;culture;313
Jordan Crucchiola;design;2
Jordan Crucchiola;gear;15
Jordan Crucchiola;the big story;1
Jordan Crucchiola;transportation;9
Jordan Crucchiola;(vide);1
Total Jordan Crucchiola;;341
Jordan Crucchiola And Jason Kehe;culture;1
Total Jordan Crucchiola And Jason Kehe;;1
Jordan Ellenburg;science;1
Total Jordan Ellenburg;;1
Jordan Golson;business;6
Jordan Golson;gear;225
Jordan Golson;opinion;2
Jordan Golson;science;3
Jordan Golson;security;1
Jordan Golson;transportation;5
Total Jordan Golson;;242
Jordan Gruber;(vide);4
Total Jordan Gruber;;4
Jordan Lite;culture;2
Jordan Lite;science;7
Jordan Lite;security;2
Total Jordan Lite;;11
Jordan McMahon;business;1
Jordan McMahon;gear;28
Total Jordan McMahon;;29
Jordan Michelman;gear;1
Total Jordan Michelman;;1
Jordan Novet;business;1
Total Jordan Novet;;1
Jordan Pearson;business;1
Jordan Pearson;security;2
Total Jordan Pearson;;3
Jordan Pollack;(vide);1
Total Jordan Pollack;;1
Jordan S. Gruber;(vide);3
Total Jordan S. Gruber;;3
Jordan Teicher;culture;2
Jordan Teicher;design;2
Jordan Teicher;gear;3
Jordan Teicher;photo;13
Total Jordan Teicher;;20
Jordana Cepelewicz;science;25
Total Jordana Cepelewicz;;25
Jorge Cham;science;1
Total Jorge Cham;;1
Jorge Garay;science;3
Total Jorge Garay;;3
Jorge L. Ortiz;business;1
Jorge L. Ortiz;culture;1
Jorge L. Ortiz;security;1
Total Jorge L. Ortiz;;3
Jose Fermoso;culture;1
Jose Fermoso;gear;333
Jose Fermoso;science;1
Total Jose Fermoso;;335
Jose Manuel Tesoro;(vide);2
Total Jose Manuel Tesoro;;2
Jose Pinera;security;1
Total Jose Pinera;;1
Joseph Bennington-Castro;gear;1
Total Joseph Bennington-Castro;;1
Joseph Bien-Kahn;business;2
Joseph Bien-Kahn;culture;32
Joseph Bien-Kahn;design;7
Joseph Bien-Kahn;gear;2
Joseph Bien-Kahn;science;3
Joseph Bien-Kahn;the big story;
Joseph Bien-Kahn;transportation;1
Total Joseph Bien-Kahn;;47
Joseph Cox;opinion;2
Joseph Cox;security;9
Joseph Cox;the big story;1
Total Joseph Cox;;12
Joseph D'Agnese;(vide);1
Total Joseph D'Agnese;;1
Joseph Flaherty;business;6
Joseph Flaherty;culture;10
Joseph Flaherty;design;396
Joseph Flaherty;gear;2
Joseph Flaherty;science;1
Total Joseph Flaherty;;415
Joseph Howlett;science;1
Total Joseph Howlett;;1
Joseph Jacobson;(vide);1
Total Joseph Jacobson;;1
Joseph Jerome;ideas;1
Total Joseph Jerome;;1
Joseph Lowery;(vide);5
Total Joseph Lowery;;5
Joseph M. Reagle;science;1
Total Joseph M. Reagle;;1
Joseph M. ReagleBy Ana Marie CoxBy Jaron LanierBy Donna L. Hoffman;(vide);1
Total Joseph M. ReagleBy Ana Marie CoxBy Jaron LanierBy Donna L. Hoffman;;1
Joseph Menn;culture;1
Total Joseph Menn;;1
Joseph Neighbor;photo;1
Total Joseph Neighbor;;1
Joseph Pomianowski;opinion;1
Total Joseph Pomianowski;;1
Joseph Portera;(vide);5
Total Joseph Portera;;5
Joseph Rose;culture;2
Joseph Rose;science;16
Joseph Rose;security;6
Total Joseph Rose;;24
Josephine Wolff;security;2
Total Josephine Wolff;;2
Josh Axelrod;politics;1
Total Josh Axelrod;;1
Josh Clark;science;1
Total Josh Clark;;1
Josh Dean;the big story;1
Total Josh Dean;;1
Josh Dell;science;1
Total Josh Dell;;1
Josh Elman;business;1
Total Josh Elman;;1
Josh Greenblatt;culture;
Total Josh Greenblatt;;
Josh Harkinson;science;1
Total Josh Harkinson;;1
Josh Jacobs;the big story;1
Total Josh Jacobs;;1
Josh Klein;business;1
Total Josh Klein;;1
Josh Levy;business;1
Josh Levy;opinion;1
Total Josh Levy;;2
Josh Lucas;(vide);6
Total Josh Lucas;;6
Josh McHugh;business;2
Josh McHugh;culture;6
Josh McHugh;(vide);23
Total Josh McHugh;;31
Josh Mellor;security;1
Total Josh Mellor;;1
Josh Payton;design;1
Total Josh Payton;;1
Josh Quittner;culture;1
Josh Quittner;(vide);2
Total Josh Quittner;;3
Josh Sims;gear;2
Total Josh Sims;;2
Josh Tabish;opinion;1
Total Josh Tabish;;1
Josh Valcarcel;culture;1
Josh Valcarcel;photo;2
Total Josh Valcarcel;;3
Josh Walker;culture;2
Total Josh Walker;;2
Josh Wilbur;culture;1
Josh Wilbur;ideas;1
Total Josh Wilbur;;2
Josh Wilson;(vide);2
Total Josh Wilson;;2
Joshua A. Fruhlinger;business;1
Total Joshua A. Fruhlinger;;1
Joshua A. Geltzer;business;1
Total Joshua A. Geltzer;;1
Joshua Adams;culture;1
Total Joshua Adams;;1
Joshua Bateman;transportation;1
Total Joshua Bateman;;1
Joshua Batson;culture;1
Joshua Batson;gear;1
Joshua Batson;science;7
Total Joshua Batson;;9
Joshua Bearman;business;1
Total Joshua Bearman;;1
Joshua Clover;(vide);1
Total Joshua Clover;;1
Joshua D. Bateman;gear;1
Total Joshua D. Bateman;;1
Joshua David Stein;culture;1
Total Joshua David Stein;;1
Joshua Davis;business;9
Joshua Davis;culture;3
Joshua Davis;gear;1
Joshua Davis;opinion;1
Joshua Davis;science;1
Joshua Davis;security;3
Joshua Davis;the big story;2
Joshua Davis;(vide);33
Total Joshua Davis;;53
JOSHUA HOFFMAN;science;1
Total JOSHUA HOFFMAN;;1
Joshua Hunt;the big story;1
Total Joshua Hunt;;1
Joshua Kairoff;(vide);1
Total Joshua Kairoff;;1
Joshua Kendall;opinion;1
Total Joshua Kendall;;1
Joshua Khan;culture;6
Total Joshua Khan;;6
Joshua Lucas;science;8
Total Joshua Lucas;;8
Joshua Pollack;security;1
Total Joshua Pollack;;1
Joshua Quittner;(vide);7
Total Joshua Quittner;;7
Joshua Rivera;culture;1
Total Joshua Rivera;;1
Joshua Robertson;science;1
Total Joshua Robertson;;1
Joshua Roebke;science;1
Total Joshua Roebke;;1
Joshua Shapiro;(vide);2
Total Joshua Shapiro;;2
Joshua Sokol;culture;1
Joshua Sokol;science;18
Total Joshua Sokol;;19
Joshua Zitser;business;1
Joshua Zitser;culture;1
Total Joshua Zitser;;2
Joshua Zukas;business;1
Total Joshua Zukas;;1
Joshuah Bearman;science;1
Joshuah Bearman;security;3
Total Joshuah Bearman;;4
Josie Colt;gear;17
Josie Colt;(vide);1
Total Josie Colt;;18
Josie Garthwaite;science;1
Total Josie Garthwaite;;1
Josie Glausiusz;culture;1
Total Josie Glausiusz;;1
Josie Thaddeus-Johns;culture;2
Total Josie Thaddeus-Johns;;2
Joyce Slaton;business;3
Joyce Slaton;culture;83
Joyce Slaton;science;2
Joyce Slaton;security;2
Total Joyce Slaton;;90
Joyce Slaton Debbi Gardiner;culture;2
Total Joyce Slaton Debbi Gardiner;;2
Juan Enriquez;business;1
Juan Enriquez;science;2
Total Juan Enriquez;;3
Judd Schorr;(vide);7
Total Judd Schorr;;7
Jude Stewart;ideas;1
Total Jude Stewart;;1
Jude Whiley;ideas;1
Total Jude Whiley;;1
Judith Lewis;(vide);1
Total Judith Lewis;;1
Judith S. Donath;opinion;1
Total Judith S. Donath;;1
Judy Berna;culture;1
Judy Berna;(vide);83
Total Judy Berna;;84
Judy Bryan;business;2
Judy Bryan;culture;19
Judy Bryan;(vide);2
Total Judy Bryan;;23
Judy DeMocker;business;2
Judy DeMocker;culture;52
Judy DeMocker;science;6
Total Judy DeMocker;;60
Judy Dutton;gear;1
Judy Dutton;science;3
Judy Dutton;(vide);1
Total Judy Dutton;;5
Judy Lessin;(vide);1
Total Judy Lessin;;1
Juha Saarinen;security;9
Total Juha Saarinen;;9
Jules;culture;1
Jules;(vide);40
Total Jules;;41
Jules Marshall;(vide);6
Total Jules Marshall;;6
Juli Fraga;culture;1
Total Juli Fraga;;1
Julia Angwin;security;1
Total Julia Angwin;;1
Julia Barton;security;1
Total Julia Barton;;1
Julia Greenberg;business;236
Julia Greenberg;culture;9
Julia Greenberg;design;1
Julia Greenberg;gear;1
Julia Greenberg;opinion;1
Julia Greenberg;science;7
Julia Greenberg;security;2
Julia Greenberg;(vide);3
Total Julia Greenberg;;260
Julia Halperin;design;1
Total Julia Halperin;;1
Julia Lurie;science;2
Total Julia Lurie;;2
Julia Powles;business;3
Julia Powles;culture;1
Total Julia Powles;;4
Julia Reda;ideas;1
Total Julia Reda;;1
Julia Sabin;(vide);1
Total Julia Sabin;;1
Julia Scheeres;business;84
Julia Scheeres;culture;42
Julia Scheeres;gear;1
Julia Scheeres;science;36
Julia Scheeres;security;53
Total Julia Scheeres;;216
Julia Shaw;business;1
Julia Shaw;security;1
Total Julia Shaw;;2
Julia Ticona;ideas;1
Total Julia Ticona;;1
Julia Whitty;science;1
Total Julia Whitty;;1
Julian Chokkattu;business;2
Julian Chokkattu;gear;135
Julian Chokkattu;trends;2
Total Julian Chokkattu;;139
Julian Dibbell;culture;3
Julian Dibbell;(vide);5
Total Julian Dibbell;;8
Julian Guthrie;the big story;1
Total Julian Guthrie;;1
Julian Prokaza;business;1
Total Julian Prokaza;;1
Julian Sanchez;ideas;1
Julian Sanchez;opinion;2
Julian Sanchez;security;2
Total Julian Sanchez;;5
Julian Sancton;business;1
Julian Sancton;culture;1
Total Julian Sancton;;2
Julian Simon;(vide);2
Total Julian Simon;;2
Julian Smith;science;2
Julian Smith;(vide);1
Total Julian Smith;;3
Juliana Reyes;the big story;1
Total Juliana Reyes;;1
Julianne Ross;business;1
Total Julianne Ross;;1
Julie Charnet;gear;2
Julie Charnet;science;1
Total Julie Charnet;;3
Julie Fukunaga;culture;2
Total Julie Fukunaga;;2
Julie Gallagher;gear;1
Total Julie Gallagher;;1
Julie Greenberg;(vide);6
Total Julie Greenberg;;6
Julie H. Case;business;1
Julie H. Case;science;1
Total Julie H. Case;;2
Julie Hanna;business;1
Total Julie Hanna;;1
Julie Meidinger;(vide);1
Total Julie Meidinger;;1
Julie Muncy;culture;432
Total Julie Muncy;;432
Julie Petersen;(vide);1
Total Julie Petersen;;1
Julie Rehmeyer;science;1
Julie Rehmeyer;(vide);11
Total Julie Rehmeyer;;12
Julie Samuels;opinion;1
Total Julie Samuels;;1
Julie Sloan;business;1
Total Julie Sloan;;1
Julie Sloane;business;22
Total Julie Sloane;;22
Julie Sullivan;business;1
Julie Sullivan;science;2
Julie Sullivan;(vide);38
Total Julie Sullivan;;41
Julienne Graebner;culture;1
Total Julienne Graebner;;1
Jumi Akinfenwa;business;1
Total Jumi Akinfenwa;;1
Junae Benne;culture;2
Total Junae Benne;;2
June Gruber;science;1
Total June Gruber;;1
Junho Kim;gear;1
Total Junho Kim;;1
Jürgen Schmidhuber;science;1
Total Jürgen Schmidhuber;;1
Jurvetson;(vide);3
Total Jurvetson;;3
Justice Namaste;culture;8
Justice Namaste;photo;1
Justice Namaste;science;2
Total Justice Namaste;;11
Justin Cox ????;the big story;1
Total Justin Cox ????;;1
Justin Fox;opinion;1
Total Justin Fox;;1
Justin Hall;(vide);1
Total Justin Hall;;1
Justin Heckert;culture;1
Total Justin Heckert;;1
Justin Jaffe;business;4
Justin Jaffe;culture;1
Justin Jaffe;science;2
Total Justin Jaffe;;7
Justin Krause;the big story;1
Total Justin Krause;;1
Justin Ling;business;2
Justin Ling;culture;1
Justin Ling;security;19
Total Justin Ling;;22
Justin McLachlan;business;1
Justin McLachlan;(vide);3
Total Justin McLachlan;;4
Justin Monroe;culture;1
Justin Monroe;(vide);1
Total Justin Monroe;;2
Justin Peters;the big story;2
Total Justin Peters;;2
Justin Pot;gear;40
Justin Pot;science;2
Justin Pot;security;2
Total Justin Pot;;44
Justin Rosenstein;opinion;1
Total Justin Rosenstein;;1
Justin Sherman;ideas;27
Justin Sherman;security;2
Total Justin Sherman;;29
Justin Silverman;(vide);2
Total Justin Silverman;;2
Justin Smith-Ruiu;culture;1
Justin Smith-Ruiu;the big story;1
Total Justin Smith-Ruiu;;2
Justin Talbot-Zorn;opinion;1
Total Justin Talbot-Zorn;;1
Justine Calma;science;1
Total Justine Calma;;1
Jyoti Madhusoodanan;ideas;1
Total Jyoti Madhusoodanan;;1
K McGowan;the big story;5
Total K McGowan;;5
K. Gretchen Greene;science;1
Total K. Gretchen Greene;;1
K. J. Yossman;the big story;1
Total K. J. Yossman;;1
K.E.D. Coan, Ars Technica;science;2
Total K.E.D. Coan, Ars Technica;;2
K.G. Orphanides;business;94
K.G. Orphanides;culture;15
K.G. Orphanides;gear;11
K.G. Orphanides;science;50
K.G. Orphanides;security;22
K.G. Orphanides;the big story;1
Total K.G. Orphanides;;193
Kaamil Ahmed;business;5
Kaamil Ahmed;culture;1
Kaamil Ahmed;gear;1
Total Kaamil Ahmed;;7
Kaamil Ahmed & Jeremy White;business;2
Total Kaamil Ahmed & Jeremy White;;2
Kabir Chibber;business;1
Total Kabir Chibber;;1
Kadhim Shubber - Wired UK;business;31
Kadhim Shubber - Wired UK;culture;8
Kadhim Shubber - Wired UK;design;1
Kadhim Shubber - Wired UK;gear;1
Kadhim Shubber - Wired UK;science;22
Kadhim Shubber - Wired UK;security;3
Total Kadhim Shubber - Wired UK;;66
Kai Keller;business;1
Total Kai Keller;;1
Kai Kupferschmidt;science;1
Total Kai Kupferschmidt;;1
Kai Schächtele;science;1
Total Kai Schächtele;;1
Kai Staats;science;1
Total Kai Staats;;1
Kai-Fu Lee;business;4
Kai-Fu Lee;ideas;1
Kai-Fu Lee;the big story;3
Total Kai-Fu Lee;;8
Kaila Hale-Stern;culture;1
Total Kaila Hale-Stern;;1
Kaiser Fung;ideas;2
Total Kaiser Fung;;2
Kaitlin Duffy;business;1
Total Kaitlin Duffy;;1
Kaitlin Quistgaard;business;103
Kaitlin Quistgaard;culture;2
Kaitlin Quistgaard;science;1
Kaitlin Quistgaard;security;6
Kaitlin Quistgaard;(vide);9
Total Kaitlin Quistgaard;;121
Kaitlyn Tiffany;ideas;1
Total Kaitlyn Tiffany;;1
Kaleigh Rogers;the big story;1
Total Kaleigh Rogers;;1
Kalen Goodluck;science;2
Total Kalen Goodluck;;2
Kalev Leetaru;opinion;1
Total Kalev Leetaru;;1
Kali Tal;(vide);1
Total Kali Tal;;1
Kalina Phillips;culture;1
Kalina Phillips;gear;1
Total Kalina Phillips;;2
Kalynn Brower;(vide);9
Total Kalynn Brower;;9
Kam Burns;culture;5
Kam Burns;photo;1
Total Kam Burns;;6
Kamala Thiagarajan;science;2
Total Kamala Thiagarajan;;2
Kambiz Foroohar;(vide);2
Total Kambiz Foroohar;;2
Kamiab Ghorbanpour;business;1
Total Kamiab Ghorbanpour;;1
Kareem Abdul-Jabbar;opinion;1
Total Kareem Abdul-Jabbar;;1
Karen Bartlett;science;1
Total Karen Bartlett;;1
Karen Bradley;business;1
Total Karen Bradley;;1
Karen Breslau;(vide);4
Total Karen Breslau;;4
Karen Donovan;(vide);1
Total Karen Donovan;;1
Karen Emslie;the big story;1
Total Karen Emslie;;1
Karen Eng;(vide);11
Total Karen Eng;;11
Karen Gregory;ideas;1
Total Karen Gregory;;1
Karen Harbaugh;(vide);1
Total Karen Harbaugh;;1
Karen Hugg;gear;2
Total Karen Hugg;;2
Karen Jaimes;the big story;1
Total Karen Jaimes;;1
Karen Krizanovich;culture;1
Total Karen Krizanovich;;1
Karen Leibowitz;science;1
Total Karen Leibowitz;;1
Karen Levy;ideas;1
Total Karen Levy;;1
Karen Lurie;science;1
Total Karen Lurie;;1
Karen McVeigh;science;1
Total Karen McVeigh;;1
Karen Naundorf;security;1
Total Karen Naundorf;;1
Karen Solomon;science;2
Karen Solomon;(vide);2
Total Karen Solomon;;4
Karen Southwick;(vide);2
Total Karen Southwick;;2
Karen Weingarten;ideas;1
Total Karen Weingarten;;1
Karen Wickre;the big story;18
Total Karen Wickre;;18
Kari Byron;(vide);3
Total Kari Byron;;3
Kari Lynn Dean;culture;5
Kari Lynn Dean;science;10
Kari Lynn Dean;security;1
Total Kari Lynn Dean;;16
Kari McMahon;business;1
Total Kari McMahon;;1
Kari Paul;science;1
Total Kari Paul;;1
Karissa Bell;culture;1
Karissa Bell;gear;14
Karissa Bell;science;1
Total Karissa Bell;;16
Karl Lokko;ideas;1
Total Karl Lokko;;1
Karl Taro Greenfeld;(vide);1
Total Karl Taro Greenfeld;;1
Karl Tomusk;business;1
Karl Tomusk;culture;1
Total Karl Tomusk;;2
Karlin Lillington;business;22
Karlin Lillington;culture;9
Karlin Lillington;gear;3
Karlin Lillington;science;13
Karlin Lillington;security;9
Total Karlin Lillington;;56
Karmela Padavic-Callaghan;science;5
Total Karmela Padavic-Callaghan;;5
Karn Bianco;culture;1
Total Karn Bianco;;1
Karsten Lemm;business;13
Karsten Lemm;culture;2
Total Karsten Lemm;;15
Kartik Hosanagar;business;1
Kartik Hosanagar;opinion;1
Kartik Hosanagar;the big story;1
Total Kartik Hosanagar;;3
Kashmir Hill;ideas;1
Total Kashmir Hill;;1
Kasra Zarei;science;3
Total Kasra Zarei;;3
Kassia St Clair;the big story;1
Total Kassia St Clair;;1
Kat Arney;business;1
Total Kat Arney;;1
Kat Friedrich, Ars Technica;science;1
Total Kat Friedrich, Ars Technica;;1
Kat Hannaford;business;1
Kat Hannaford;security;1
Total Kat Hannaford;;2
Kat Kane;business;2
Total Kat Kane;;2
Kat Mahoney;(vide);1
Total Kat Mahoney;;1
Kat McGowan;science;3
Total Kat McGowan;;3
Kat Wade;culture;3
Total Kat Wade;;3
Katarina Zimmer;science;1
Total Katarina Zimmer;;1
Kate Bevan;science;1
Total Kate Bevan;;1
Kate Buckholz;business;1
Total Kate Buckholz;;1
Kate Clancy;ideas;1
Total Kate Clancy;;1
Kate Connolloy;science;1
Total Kate Connolloy;;1
Kate Cox, Ars Technica;gear;1
Kate Cox, Ars Technica;science;1
Total Kate Cox, Ars Technica;;2
Kate Darling;the big story;1
Total Kate Darling;;1
Kate Farnady;business;33
Kate Farnady;culture;3
Kate Farnady;science;2
Total Kate Farnady;;38
Kate Greene;science;2
Total Kate Greene;;2
Kate Knibbs;artificial intelligence;
Kate Knibbs;business;20
Kate Knibbs;culture;96
Kate Knibbs;gear;1
Kate Knibbs;ideas;1
Kate Knibbs;movies;1
Kate Knibbs;politics;1
Kate Knibbs;science;8
Kate Knibbs;the big story;3
Total Kate Knibbs;;131
Kate Krauss;opinion;1
Total Kate Krauss;;1
Kate Lloyd;science;2
Total Kate Lloyd;;2
Kate Miller;(vide);18
Total Kate Miller;;18
Kate O'Flaherty;business;3
Kate O'Flaherty;science;1
Kate O'Flaherty;security;31
Total Kate O'Flaherty;;35
Kate O'Neill;security;1
Total Kate O'Neill;;1
Kate Raworth;business;1
Total Kate Raworth;;1
Kate S. Petersen;science;1
Total Kate S. Petersen;;1
Kate Sheppard;business;1
Total Kate Sheppard;;1
Kate Solomon;business;1
Kate Solomon;culture;2
Kate Solomon;science;1
Total Kate Solomon;;4
Kate Yandell;science;1
Total Kate Yandell;;1
Kate Yoder;science;12
Total Kate Yoder;;12
Katelyn Burns;science;1
Total Katelyn Burns;;1
Katerina Cizek;ideas;1
Total Katerina Cizek;;1
Katharina Kropshofer;business;1
Total Katharina Kropshofer;;1
Katharina Sophia Volz;science;1
Total Katharina Sophia Volz;;1
Katharine Gammon;business;1
Katharine Gammon;culture;4
Katharine Gammon;gear;2
Katharine Gammon;science;5
Katharine Gammon;(vide);7
Total Katharine Gammon;;19
Katharine Hayhoe;science;1
Total Katharine Hayhoe;;1
Katherine Alejandra Cross;culture;1
Katherine Alejandra Cross;ideas;18
Total Katherine Alejandra Cross;;19
Katherine Bailey;the big story;1
Total Katherine Bailey;;1
Katherine Brodsky;culture;1
Total Katherine Brodsky;;1
Katherine Eban;science;1
Total Katherine Eban;;1
Katherine Ellison;science;1
Total Katherine Ellison;;1
Katherine Harmon Courage;gear;1
Katherine Harmon Courage;science;2
Total Katherine Harmon Courage;;3
Katherine Isbister;culture;1
Total Katherine Isbister;;1
Katherine Kornei;gear;3
Katherine Kornei;science;1
Total Katherine Kornei;;4
Katherine Laidlaw;business;1
Katherine Laidlaw;the big story;1
Total Katherine Laidlaw;;2
Katherine Maher;ideas;1
Total Katherine Maher;;1
Katherine Sharpe;design;9
Total Katherine Sharpe;;9
Katherine Sierra;opinion;1
Total Katherine Sierra;;1
Katherine Tweed;business;2
Total Katherine Tweed;;2
Kathleen Craig;culture;5
Kathleen Craig;science;2
Kathleen Craig;security;1
Total Kathleen Craig;;8
Kathleen Creighton;(vide);3
Total Kathleen Creighton;;3
Kathleen Richardson;business;1
Total Kathleen Richardson;;1
Kathleen Vignos;business;2
Total Kathleen Vignos;;2
Kathleen Wiegner;(vide);1
Total Kathleen Wiegner;;1
Kathryn Hymes;ideas;1
Total Kathryn Hymes;;1
Kathryn Joyce;business;1
Total Kathryn Joyce;;1
Kathryn Mills;science;1
Total Kathryn Mills;;1
Kathryn Minshew;the big story;1
Total Kathryn Minshew;;1
Kathryn Nave;business;81
Kathryn Nave;culture;25
Kathryn Nave;gear;37
Kathryn Nave;science;25
Kathryn Nave;the big story;3
Total Kathryn Nave;;171
KATHRYN PETRALIA;business;1
Total KATHRYN PETRALIA;;1
Kathy Ceceri;business;1
Kathy Ceceri;culture;1
Kathy Ceceri;gear;2
Kathy Ceceri;science;1
Kathy Ceceri;(vide);231
Total Kathy Ceceri;;236
Kathy Kennedy;culture;2
Total Kathy Kennedy;;2
Kathy Sierra;opinion;1
Total Kathy Sierra;;1
Katia Moskvitch;business;62
Katia Moskvitch;culture;6
Katia Moskvitch;gear;9
Katia Moskvitch;ideas;1
Katia Moskvitch;science;26
Katia Moskvitch;security;1
Katia Moskvitch;the big story;1
Total Katia Moskvitch;;106
Katie Arnold-Ratliff;science;1
Total Katie Arnold-Ratliff;;1
Katie Baker;(vide);1
Total Katie Baker;;1
Katie Collins;business;353
Katie Collins;culture;61
Katie Collins;gear;42
Katie Collins;science;80
Katie Collins;security;19
Total Katie Collins;;555
Katie Day Good;culture;1
Katie Day Good;gear;1
Total Katie Day Good;;2
Katie Dean;business;38
Katie Dean;culture;287
Katie Dean;gear;15
Katie Dean;science;21
Katie Dean;security;34
Total Katie Dean;;395
Katie Drummond;politics;2
Katie Drummond;security;141
Total Katie Drummond;;143
Katie Drummond and Noah Shachtman;security;2
Total Katie Drummond and Noah Shachtman;;2
Katie Hafner;the big story;3
Katie Hafner;(vide);2
Total Katie Hafner;;5
Katie Jacobs Stanton;business;1
Total Katie Jacobs Stanton;;1
Katie Kitamura;business;1
Total Katie Kitamura;;1
Katie M Palmer;business;2
Katie M Palmer;culture;3
Katie M Palmer;design;2
Katie M Palmer;gear;3
Katie M Palmer;opinion;1
Katie M Palmer;photo;2
Katie M Palmer;science;99
Katie M Palmer;(vide);1
Total Katie M Palmer;;113
Katie Manning;security;1
Total Katie Manning;;1
Katie McCormick;science;3
Total Katie McCormick;;3
Katie Moussouris;opinion;1
Total Katie Moussouris;;1
Katie Orenstein;the big story;1
Total Katie Orenstein;;1
Katie Scott;business;14
Katie Scott;culture;7
Katie Scott;gear;2
Katie Scott;science;6
Katie Scott;security;2
Total Katie Scott;;31
Katie Worth;the big story;1
Total Katie Worth;;1
Katja Grubitzsch;(vide);2
Total Katja Grubitzsch;;2
Katrina Heron;(vide);3
Total Katrina Heron;;3
Katrina Holden;(vide);3
Total Katrina Holden;;3
Katrina Karkazis;science;1
Total Katrina Karkazis;;1
Katrina Miller;culture;1
Katrina Miller;science;18
Katrina Miller;the big story;1
Total Katrina Miller;;20
Katy Clough;science;1
Total Katy Clough;;1
Katy Ilonka Gero;ideas;1
Total Katy Ilonka Gero;;1
Katy Lee;science;1
Total Katy Lee;;1
Katy Milkman;ideas;1
Total Katy Milkman;;1
Katy Reckdahl;culture;1
Total Katy Reckdahl;;1
Kaveh Waddell;transportation;1
Total Kaveh Waddell;;1
Kavita Das;culture;1
Total Kavita Das;;1
Kay Moore;(vide);6
Total Kay Moore;;6
Kay T. Holt;culture;2
Kay T. Holt;(vide);38
Total Kay T. Holt;;40
Kayla LaCour;business;1
Kayla LaCour;culture;1
Kayla LaCour;gear;1
Kayla LaCour;science;1
Total Kayla LaCour;;4
Kaylee Williams;ideas;1
Total Kaylee Williams;;1
KC Cole;ideas;11
Total KC Cole;;11
Kea Krause;ideas;1
Total Kea Krause;;1
Keay Davidson;science;1
Total Keay Davidson;;1
Keith Axline;business;3
Keith Axline;culture;25
Keith Axline;gear;2
Keith Axline;photo;13
Keith Axline;science;2
Keith Axline;(vide);1
Total Keith Axline;;46
Keith Barry;culture;6
Keith Barry;gear;546
Keith Barry;security;1
Keith Barry;(vide);9
Total Keith Barry;;562
Keith Buglewicz;gear;1
Total Keith Buglewicz;;1
Keith Gillogly;science;4
Total Keith Gillogly;;4
Keith Kloor;ideas;2
Total Keith Kloor;;2
Keith Law;the big story;1
Total Keith Law;;1
Keith Porcaro;ideas;3
Total Keith Porcaro;;3
Keith Veronese;gear;2
Keith Veronese;science;1
Total Keith Veronese;;3
Keith W Strandberg;gear;4
Total Keith W Strandberg;;4
Kelley Zerga;culture;1
Kelley Zerga;gear;1
Kelley Zerga;(vide);1
Total Kelley Zerga;;3
Kelli Fox;culture;2
Total Kelli Fox;;2
Kelli Rubin;culture;1
Total Kelli Rubin;;1
Kelly Clancy;business;1
Kelly Clancy;science;1
Total Kelly Clancy;;2
Kelly Fiveash;business;3
Kelly Fiveash;security;1
Total Kelly Fiveash;;4
Kelly Grovier;opinion;1
Kelly Grovier;the big story;1
Total Kelly Grovier;;2
Kelly Kessler;ideas;1
Total Kelly Kessler;;1
Kelly Knox;books;1
Kelly Knox;(vide);57
Total Kelly Knox;;58
Kelly Lambert;science;1
Total Kelly Lambert;;1
Kelly Martinez;ideas;1
Total Kelly Martinez;;1
Kelly McEvers;culture;1
Kelly McEvers;the big story;1
Total Kelly McEvers;;2
Kelly Servick;science;4
Total Kelly Servick;;4
Kelly Sullivan Walden;science;1
Total Kelly Sullivan Walden;;1
Kelsey Hazlewood;business;1
Kelsey Hazlewood;(vide);1
Total Kelsey Hazlewood;;2
Kelsey Houston-Edwards;science;2
Total Kelsey Houston-Edwards;;2
Kelsey Lannin;photo;1
Total Kelsey Lannin;;1
Kelsey OCallaghan;design;1
Total Kelsey OCallaghan;;1
Kelsey Osgood;culture;1
Kelsey Osgood;ideas;2
Total Kelsey Osgood;;3
Kelsey Snyder;culture;1
Total Kelsey Snyder;;1
Ken Armstrong;security;1
Total Ken Armstrong;;1
Ken Coupland;(vide);13
Total Ken Coupland;;13
Ken Denmead;(vide);315
Total Ken Denmead;;315
Ken Doctor;opinion;1
Total Ken Doctor;;1
Ken Gordon;(vide);1
Total Ken Gordon;;1
Ken Gude;opinion;1
Total Ken Gude;;1
Ken Kessler;culture;1
Total Ken Kessler;;1
Ken Kocienda;gear;1
Total Ken Kocienda;;1
Ken Kurson;(vide);2
Total Ken Kurson;;2
Ken Liu;culture;1
Total Ken Liu;;1
Ken Montenegro;security;1
Total Ken Montenegro;;1
Ken Robinson;business;1
Total Ken Robinson;;1
Ken Segall;business;1
Total Ken Segall;;1
Ken Taylor;(vide);1
Total Ken Taylor;;1
Kendall Hoyt;opinion;1
Total Kendall Hoyt;;1
Kendra Mayfield;business;21
Kendra Mayfield;culture;81
Kendra Mayfield;gear;1
Kendra Mayfield;science;27
Kendra Mayfield;security;14
Total Kendra Mayfield;;144
Kendra Vaculin;the big story;1
Total Kendra Vaculin;;1
Kenji Morrow;science;1
Kenji Morrow;(vide);2
Total Kenji Morrow;;3
Kennedy Grey;business;1
Kennedy Grey;science;3
Kennedy Grey;(vide);1
Total Kennedy Grey;;5
Kenneth Jeyaretnam;opinion;1
Total Kenneth Jeyaretnam;;1
Kenneth Newby;culture;4
Total Kenneth Newby;;4
Kenneth Payne;security;1
Total Kenneth Payne;;1
Kenneth R. Rosen;gear;2
Kenneth R. Rosen;the big story;10
Total Kenneth R. Rosen;;12
Kent Walker;opinion;1
Total Kent Walker;;1
Keoni Littlemouse;(vide);1
Total Keoni Littlemouse;;1
Keren Elazari;business;3
Keren Elazari;security;1
Total Keren Elazari;;4
Keren Landman;science;1
Total Keren Landman;;1
Kerrie Mitchell;(vide);2
Total Kerrie Mitchell;;2
Kersti Kaljulaid;business;1
Total Kersti Kaljulaid;;1
Kerstin Sjoden;business;1
Kerstin Sjoden;security;1
Kerstin Sjoden;(vide);1
Total Kerstin Sjoden;;3
Kes Thygesen;business;1
Total Kes Thygesen;;1
Kevin Ashton;business;1
Total Kevin Ashton;;1
Kevin Braddock;business;2
Kevin Braddock;gear;3
Total Kevin Braddock;;5
Kevin Burke;(vide);1
Total Kevin Burke;;1
Kevin Carey;science;1
Total Kevin Carey;;1
Kevin Cecil;(vide);2
Total Kevin Cecil;;2
Kevin Chou;opinion;1
Total Kevin Chou;;1
Kevin Driscoll;ideas;1
Total Kevin Driscoll;;1
Kevin Fong;opinion;1
Total Kevin Fong;;1
Kevin Fullerton;business;2
Total Kevin Fullerton;;2
Kevin Gray;business;2
Kevin Gray;science;2
Kevin Gray;the big story;1
Total Kevin Gray;;5
Kevin Guyan;ideas;1
Total Kevin Guyan;;1
Kevin Hartnett;science;35
Total Kevin Hartnett;;35
Kevin Hartz;opinion;1
Total Kevin Hartz;;1
Kevin Hogan;(vide);3
Total Kevin Hogan;;3
Kevin Holden;gear;1
Kevin Holden;science;1
Total Kevin Holden;;2
Kevin Holmes;business;2
Kevin Holmes;culture;1
Total Kevin Holmes;;3
Kevin J. Montgomery;gear;1
Total Kevin J. Montgomery;;1
Kevin Kelleher;business;9
Kevin Kelleher;security;1
Kevin Kelleher;(vide);9
Total Kevin Kelleher;;19
Kevin Kelly;business;10
Kevin Kelly;culture;1
Kevin Kelly;gear;2
Kevin Kelly;ideas;1
Kevin Kelly;opinion;1
Kevin Kelly;science;1
Kevin Kelly;the big story;4
Kevin Kelly;(vide);84
Total Kevin Kelly;;104
Kevin Kelly with Steven Levy;(vide);1
Total Kevin Kelly with Steven Levy;;1
Kevin Makice;(vide);47
Total Kevin Makice;;47
Kevin Maney;business;2
Kevin Maney;culture;1
Kevin Maney;the big story;1
Kevin Maney;(vide);1
Total Kevin Maney;;5
Kevin Marks;the big story;1
Total Kevin Marks;;1
Kevin McFarland;culture;396
Total Kevin McFarland;;396
Kevin Miller;(vide);1
Total Kevin Miller;;1
Kevin Mitnick;security;1
Total Kevin Mitnick;;1
Kevin Montgomery;culture;1
Kevin Montgomery;gear;2
Total Kevin Montgomery;;3
Kevin Morris;opinion;1
Total Kevin Morris;;1
Kevin Pelphrey;opinion;1
Total Kevin Pelphrey;;1
Kevin Pereira;(vide);1
Total Kevin Pereira;;1
Kevin Perlmutter;gear;1
Total Kevin Perlmutter;;1
Kevin Pocock;culture;1
Total Kevin Pocock;;1
Kevin Poulsen;business;17
Kevin Poulsen;culture;8
Kevin Poulsen;gear;3
Kevin Poulsen;science;11
Kevin Poulsen;security;296
Kevin Poulsen;the big story;2
Kevin Poulsen;(vide);3
Total Kevin Poulsen;;340
Kevin Purdy, Ars Technica;gear;1
Total Kevin Purdy, Ars Technica;;1
Kevin Randall;business;1
Total Kevin Randall;;1
Kevin Scott;ideas;2
Total Kevin Scott;;2
Kevin Seal;(vide);1
Total Kevin Seal;;1
Kevin Sites;business;1
Total Kevin Sites;;1
Kevin Werbach;business;1
Kevin Werbach;the big story;1
Kevin Werbach;(vide);1
Total Kevin Werbach;;3
Kevin Yoder;opinion;1
Total Kevin Yoder;;1
Khadija Sharife;business;1
Total Khadija Sharife;;1
Khaliya;science;1
Total Khaliya;;1
Khan Shoieb;the big story;1
Total Khan Shoieb;;1
Khari Johnson;business;66
Khari Johnson;culture;1
Khari Johnson;science;2
Total Khari Johnson;;69
Kiera Butler;science;1
Total Kiera Butler;;1
Kieran Alger;business;2
Kieran Alger;gear;12
Total Kieran Alger;;14
Kieran O'Neill;security;1
Total Kieran O'Neill;;1
Kieron Gillen;culture;2
Total Kieron Gillen;;2
Kieron O'Hara;business;1
Total Kieron O'Hara;;1
Kif Leswing;business;1
Kif Leswing;culture;7
Kif Leswing;gear;51
Total Kif Leswing;;59
Kiki Mordi;business;1
Kiki Mordi;security;1
Total Kiki Mordi;;2
Kiliii Yüyan;the big story;1
Total Kiliii Yüyan;;1
Kim Eastham;(vide);1
Total Kim Eastham;;1
Kim Griggs;business;2
Kim Griggs;culture;20
Kim Griggs;gear;3
Kim Griggs;science;15
Kim Griggs;security;21
Total Kim Griggs;;61
Kim Haggin Rossi;culture;1
Total Kim Haggin Rossi;;1
Kim Krieger;science;1
Total Kim Krieger;;1
Kim O'Connor;design;1
Total Kim O'Connor;;1
Kim Zetter;business;88
Kim Zetter;culture;10
Kim Zetter;photo;1
Kim Zetter;science;13
Kim Zetter;security;1149
Kim Zetter;the big story;1
Kim Zetter;(vide);4
Total Kim Zetter;;1266
Kim Zetter and Kevin Poulsen;security;11
Total Kim Zetter and Kevin Poulsen;;11
Kimbal Musk;the big story;1
Total Kimbal Musk;;1
Kimberley Bond;culture;1
Total Kimberley Bond;;1
Kimberly Hiss;culture;1
Total Kimberly Hiss;;1
Kimberly Rex;culture;1
Total Kimberly Rex;;1
Kimi Eastham;(vide);1
Total Kimi Eastham;;1
Kimiko Eastham;(vide);1
Total Kimiko Eastham;;1
Kiona N. Smith, Ars Technica;science;8
Total Kiona N. Smith, Ars Technica;;8
Kira Goldenberg;the big story;1
Total Kira Goldenberg;;1
Kiran Bhagotra;business;1
Total Kiran Bhagotra;;1
Kirk Deeter;culture;1
Total Kirk Deeter;;1
Kirsten Bell;ideas;1
Total Kirsten Bell;;1
Kirsten Grind;ideas;1
Total Kirsten Grind;;1
Kirsty Styles;business;1
Total Kirsty Styles;;1
Kitty Knowles;business;1
Total Kitty Knowles;;1
Klaus Thymann;science;1
Total Klaus Thymann;;1
Klint Finley;business;1098
Klint Finley;culture;1
Klint Finley;science;3
Klint Finley;security;6
Total Klint Finley;;1108
Kourosh Karimkhany;business;32
Kourosh Karimkhany;culture;3
Kourosh Karimkhany;gear;1
Kourosh Karimkhany;(vide);2
Total Kourosh Karimkhany;;38
Kresse Wesling;business;1
Total Kresse Wesling;;1
Kris Alexander;security;15
Kris Alexander;(vide);1
Total Kris Alexander;;16
Kris Bordessa;(vide);100
Total Kris Bordessa;;100
Kris King;(vide);1
Total Kris King;;1
Krissy Rushing;(vide);1
Total Krissy Rushing;;1
Kristen Bruno;culture;2
Total Kristen Bruno;;2
Kristen French;the big story;2
Total Kristen French;;2
Kristen Hall-Geisler;transportation;1
Total Kristen Hall-Geisler;;1
Kristen Philipkoski;business;22
Kristen Philipkoski;culture;29
Kristen Philipkoski;science;688
Kristen Philipkoski;security;19
Kristen Philipkoski;(vide);23
Total Kristen Philipkoski;;781
Kristen Philipkoski Kim Griggs;science;1
Total Kristen Philipkoski Kim Griggs;;1
Kristen Poli;security;1
Total Kristen Poli;;1
Kristen Rutherford;(vide);26
Total Kristen Rutherford;;26
Kristi Coale;business;5
Kristi Coale;culture;3
Kristi Coale;science;174
Kristi Coale;security;14
Kristi Coale;(vide);2
Total Kristi Coale;;198
Kristian Nairn;culture;1
Total Kristian Nairn;;1
Kristian von Bengtson;science;167
Total Kristian von Bengtson;;167
Kristie Lu Stout;culture;4
Kristie Lu Stout;security;1
Total Kristie Lu Stout;;5
Kristin Canning;gear;1
Total Kristin Canning;;1
Kristin Demos;(vide);2
Total Kristin Demos;;2
Kristin Lowe;(vide);1
Total Kristin Lowe;;1
Kristin Spence;(vide);23
Total Kristin Spence;;23
Kristin Wong;culture;1
Total Kristin Wong;;1
Kristina Bartlett Brody;science;1
Total Kristina Bartlett Brody;;1
Kristina Bjoran;(vide);3
Total Kristina Bjoran;;3
Kristine Kern;(vide);7
Total Kristine Kern;;7
Kristine Villarroel;culture;1
Total Kristine Villarroel;;1
Kristofer Goldsmith;security;1
Total Kristofer Goldsmith;;1
Kristoffer Tigue;science;1
Total Kristoffer Tigue;;1
Kristy Hamilton;environment;1
Total Kristy Hamilton;;1
Kristy O'Rell;(vide);1
Total Kristy O'Rell;;1
Krystal Grow;design;2
Krystal Grow;photo;1
Total Krystal Grow;;3
Krzysztof Pelc;ideas;1
Total Krzysztof Pelc;;1
Ksenya Samarskaya;gear;1
Total Ksenya Samarskaya;;1
kshosfy;business;1
kshosfy;culture;21
kshosfy;security;1
kshosfy;(vide);23
Total kshosfy;;46
Kulvinder Singh;science;1
Total Kulvinder Singh;;1
Kurt Amsler;science;1
Total Kurt Amsler;;1
Kurt Kohlstedt;business;1
Total Kurt Kohlstedt;;1
Kurt Opprecht;business;3
Kurt Opprecht;culture;2
Kurt Opprecht;science;7
Kurt Opprecht;security;1
Total Kurt Opprecht;;13
Kwame Kwei-Armah;culture;1
Total Kwame Kwei-Armah;;1
Kyle DeNuccio;business;1
Kyle DeNuccio;culture;1
Total Kyle DeNuccio;;2
Kyle Hill;culture;3
Total Kyle Hill;;3
Kyle Hoekstra;culture;1
Total Kyle Hoekstra;;1
Kyle L. Evanoff;opinion;1
Total Kyle L. Evanoff;;1
Kyle MacNeill;culture;1
Total Kyle MacNeill;;1
Kyle McDonald;security;1
Total Kyle McDonald;;1
Kyle Mullin;business;3
Total Kyle Mullin;;3
Kyle Orland, Ars Technica;business;2
Kyle Orland, Ars Technica;catch even more;1
Kyle Orland, Ars Technica;culture;13
Kyle Orland, Ars Technica;gear;2
Total Kyle Orland, Ars Technica;;18
Kyle Stack;culture;16
Kyle Stack;gear;2
Total Kyle Stack;;18
Kyle Torpey;culture;1
Total Kyle Torpey;;1
Kyle Vanhemert;business;9
Kyle Vanhemert;culture;8
Kyle Vanhemert;design;379
Kyle Vanhemert;gear;6
Kyle Vanhemert;science;1
Kyle Vanhemert;(vide);2
Total Kyle Vanhemert;;405
Kyle Wiens;business;3
Kyle Wiens;gear;8
Kyle Wiens;ideas;2
Kyle Wiens;opinion;14
Kyle Wiens;security;1
Total Kyle Wiens;;28
Kyle Wilson;culture;1
Total Kyle Wilson;;1
Kyle Younker;business;
Total Kyle Younker;;
Kylie Mohr;science;4
Total Kylie Mohr;;4
Kyra Maya Phillips;security;1
Total Kyra Maya Phillips;;1
L. S. Loving;(vide);1
Total L. S. Loving;;1
L.V. Anderson;science;1
Total L.V. Anderson;;1
Laine Yuhas;culture;1
Total Laine Yuhas;;1
Lainna Fader;culture;1
Lainna Fader;design;1
Lainna Fader;photo;2
Total Lainna Fader;;4
Lakshmi Chandrasekaran;science;1
Total Lakshmi Chandrasekaran;;1
Lakshmi Chaudhry;business;8
Lakshmi Chaudhry;culture;6
Lakshmi Chaudhry;security;6
Total Lakshmi Chaudhry;;20
Lakshmi Sandhana;culture;11
Lakshmi Sandhana;gear;1
Lakshmi Sandhana;science;16
Lakshmi Sandhana;security;1
Total Lakshmi Sandhana;;29
Lala Tanmoy Das;ideas;1
Total Lala Tanmoy Das;;1
Lance Fortnow;science;1
Total Lance Fortnow;;1
Lance Rose;(vide);10
Total Lance Rose;;10
Landis Wiedner;gear;1
Total Landis Wiedner;;1
Lane Hartwell;culture;4
Total Lane Hartwell;;4
Lara Kristin Lentini;culture;1
Total Lara Kristin Lentini;;1
Lara Putnam;ideas;1
Total Lara Putnam;;1
Lara Williams;culture;2
Total Lara Williams;;2
Larissa Zimberoff;business;2
Larissa Zimberoff;science;2
Total Larissa Zimberoff;;4
Larry Buhl;science;1
Total Larry Buhl;;1
Larry Downes;opinion;2
Total Larry Downes;;2
Larry Gallagher;(vide);1
Total Larry Gallagher;;1
Larry Husten;(vide);1
Total Larry Husten;;1
Larry Sanger;opinion;1
Total Larry Sanger;;1
Larry Smarr;(vide);1
Total Larry Smarr;;1
Larry Smith;(vide);1
Total Larry Smith;;1
Laszlo Bock;business;1
Total Laszlo Bock;;1
LaToya Allen;business;1
Total LaToya Allen;;1
Latoya Peterson;the big story;2
Total Latoya Peterson;;2
Laura Bliss;science;2
Laura Bliss;transportation;1
Total Laura Bliss;;3
Laura Bradford;(vide);2
Total Laura Bradford;;2
Laura Cameron;culture;2
Total Laura Cameron;;2
Laura Cole;business;1
Total Laura Cole;;1
Laura Conway;(vide);1
Total Laura Conway;;1
Laura Fraser;(vide);1
Total Laura Fraser;;1
Laura Galloway;business;1
Total Laura Galloway;;1
Laura Grace Weldon;(vide);130
Total Laura Grace Weldon;;130
Laura Hautala;science;1
Total Laura Hautala;;1
Laura Holliday;culture;1
Total Laura Holliday;;1
Laura Hudson;culture;266
Laura Hudson;gear;1
Laura Hudson;opinion;1
Laura Hudson;the big story;1
Laura Hudson;(vide);3
Total Laura Hudson;;272
Laura Kipnis;the big story;
Total Laura Kipnis;;
Laura Kirsop;culture;1
Total Laura Kirsop;;1
Laura Linden;(vide);3
Total Laura Linden;;3
Laura MacInnis;business;1
Total Laura MacInnis;;1
Laura Mallonee;business;1
Laura Mallonee;culture;4
Laura Mallonee;design;35
Laura Mallonee;gear;1
Laura Mallonee;photo;427
Laura Mallonee;science;8
Laura Mallonee;transportation;2
Laura Mallonee;(vide);4
Total Laura Mallonee;;482
Laura Martz;business;2
Laura Martz;culture;10
Total Laura Martz;;12
Laura McCreddie-Doak;business;1
Laura McCreddie-Doak;culture;1
Laura McCreddie-Doak;gear;10
Total Laura McCreddie-Doak;;12
Laura Miller;business;6
Laura Miller;security;1
Laura Miller;(vide);1
Total Laura Miller;;8
Laura Moorhead;culture;3
Laura Moorhead;(vide);2
Total Laura Moorhead;;5
Laura Nichol;culture;2
Laura Nichol;(vide);4
Total Laura Nichol;;6
Laura Paddison;science;2
Total Laura Paddison;;2
Laura Parker;culture;1
Laura Parker;gear;1
Laura Parker;science;1
Total Laura Parker;;3
Laura Poppick;science;9
Total Laura Poppick;;9
Laura Rich;business;1
Laura Rich;(vide);2
Total Laura Rich;;3
Laura Rozen;culture;1
Total Laura Rozen;;1
Laura Sanders, Science News;science;29
Total Laura Sanders, Science News;;29
Laura Santoso;science;1
Total Laura Santoso;;1
Laura Spinney;ideas;1
Total Laura Spinney;;1
Laura Yan;the big story;1
Total Laura Yan;;1
Laurel Braitman;business;1
Laurel Braitman;opinion;1
Total Laurel Braitman;;2
Lauren Aaronson;culture;1
Total Lauren Aaronson;;1
LAUREN BANS;gear;1
Total LAUREN BANS;;1
Lauren Barack;business;7
Lauren Barack;culture;3
Lauren Barack;science;2
Lauren Barack;(vide);1
Total Lauren Barack;;13
Lauren Bohn;the big story;1
Total Lauren Bohn;;1
Lauren Collee;ideas;1
Total Lauren Collee;;1
Lauren Crabbe;gear;3
Total Lauren Crabbe;;3
Lauren Dalban;science;1
Total Lauren Dalban;;1
Lauren Evans;science;1
Total Lauren Evans;;1
Lauren Fielder;culture;6
Total Lauren Fielder;;6
Lauren Goode;artificial intelligence;1
Lauren Goode;business;32
Lauren Goode;culture;7
Lauren Goode;gear;279
Lauren Goode;gear news and events;1
Lauren Goode;national affairs;1
Lauren Goode;science;4
Lauren Goode;the big story;2
Lauren Goode;trends;1
Total Lauren Goode;;328
Lauren Goodman;design;1
Lauren Goodman;gear;4
Total Lauren Goodman;;5
Lauren Joseph;business;1
Lauren Joseph;photo;1
Total Lauren Joseph;;2
Lauren Kirchner;(vide);1
Total Lauren Kirchner;;1
Lauren Larson;ideas;1
Total Lauren Larson;;1
Lauren Markham;science;1
Total Lauren Markham;;1
Lauren Michele Jackson;culture;1
Total Lauren Michele Jackson;;1
Lauren Murrow;business;5
Lauren Murrow;culture;12
Lauren Murrow;science;2
Total Lauren Murrow;;19
Lauren Razavi;the big story;1
Total Lauren Razavi;;1
Lauren Schwartzberg;culture;1
Lauren Schwartzberg;the big story;1
Total Lauren Schwartzberg;;2
Lauren Smiley;business;6
Lauren Smiley;culture;1
Lauren Smiley;gear;1
Lauren Smiley;science;1
Lauren Smiley;the big story;16
Total Lauren Smiley;;25
Lauren Weinstein;business;2
Lauren Weinstein;culture;4
Lauren Weinstein;opinion;2
Lauren Weinstein;security;15
Total Lauren Weinstein;;23
Laurence H. Tribe;business;1
Total Laurence H. Tribe;;1
Laurence Kemball-Cook;science;1
Total Laurence Kemball-Cook;;1
Laurence Russell;culture;6
Total Laurence Russell;;6
Laurence Scott;ideas;8
Laurence Scott;science;1
Total Laurence Scott;;9
Laurent Haug;business;1
Total Laurent Haug;;1
Laurie Becklund;security;1
Total Laurie Becklund;;1
Laurie Clarke;business;15
Laurie Clarke;culture;5
Laurie Clarke;science;13
Laurie Clarke;security;4
Total Laurie Clarke;;37
Laurie Clarke, WIRED UK;science;2
Total Laurie Clarke, WIRED UK;;2
Laurie Penny;business;1
Laurie Penny;culture;2
Laurie Penny;ideas;9
Total Laurie Penny;;12
Laurie Winkless;science;1
Total Laurie Winkless;;1
Lauryn Hill;culture;2
Lauryn Hill;photo;2
Lauryn Hill;science;2
Total Lauryn Hill;;6
Lavender Au;business;6
Lavender Au;security;1
Total Lavender Au;;7
Lawrence Forbes;gear;1
Total Lawrence Forbes;;1
Lawrence Goldstone;transportation;1
Total Lawrence Goldstone;;1
Lawrence Lessig;business;2
Lawrence Lessig;(vide);21
Total Lawrence Lessig;;23
Lawrence M. Krauss;(vide);1
Total Lawrence M. Krauss;;1
Lawrence Sanchez;science;1
Total Lawrence Sanchez;;1
Lawrence Weschler;(vide);1
Total Lawrence Weschler;;1
Lawrence Wilkinson;(vide);1
Total Lawrence Wilkinson;;1
Layli Foroudi;security;1
Total Layli Foroudi;;1
Leah A. Plunkett;opinion;1
Total Leah A. Plunkett;;1
Leah Feiger;politics;1
Total Leah Feiger;;1
Leah Shaffer;science;1
Total Leah Shaffer;;1
Leander Kahney;business;89
Leander Kahney;culture;91
Leander Kahney;gear;270
Leander Kahney;opinion;1
Leander Kahney;science;331
Leander Kahney;security;43
Leander Kahney;the big story;1
Leander Kahney;(vide);28
Total Leander Kahney;;854
Leander Kahney Daniel Terdiman;gear;1
Total Leander Kahney Daniel Terdiman;;1
Leander Kahney Farhad Manjoo;gear;1
Total Leander Kahney Farhad Manjoo;;1
Leanne Kemp;science;1
Total Leanne Kemp;;1
Lee Bell;business;27
Lee Bell;culture;4
Lee Bell;gear;3
Lee Bell;science;19
Lee Bell;security;2
Total Lee Bell;;55
Lee Billings;business;2
Total Lee Billings;;2
Lee Bruno;business;1
Total Lee Bruno;;1
Lee Cooper;opinion;1
Total Lee Cooper;;1
Lee Hutchinson, Ars Technica;culture;2
Lee Hutchinson, Ars Technica;science;1
Total Lee Hutchinson, Ars Technica;;3
Lee Marshall;(vide);2
Total Lee Marshall;;2
Lee Sherman;business;1
Total Lee Sherman;;1
Lee Sherry;science;1
Total Lee Sherry;;1
Lee Simmons;business;4
Lee Simmons;culture;2
Lee Simmons;gear;2
Lee Simmons;science;6
Lee Simmons;transportation;1
Total Lee Simmons;;15
Lee Smith;business;1
Total Lee Smith;;1
Lee Smolin;science;1
Total Lee Smolin;;1
Leena Pendharkar;security;1
Total Leena Pendharkar;;1
Leerom Segal;opinion;1
Total Leerom Segal;;1
Leeza Garber;security;1
Total Leeza Garber;;1
Leigh Alexander;culture;1
Total Leigh Alexander;;1
Leigh Cowart;ideas;1
Total Leigh Cowart;;1
Leigh Gallagher;the big story;1
Total Leigh Gallagher;;1
Leigh Shulman;gear;1
Total Leigh Shulman;;1
Leila Conners Petersen;(vide);2
Total Leila Conners Petersen;;2
Leila Haghighat;ideas;1
Total Leila Haghighat;;1
Leila Johnston;business;6
Leila Johnston;culture;1
Leila Johnston;gear;2
Leila Johnston;security;1
Total Leila Johnston;;10
Leila Madrone;science;1
Total Leila Madrone;;1
Leila Sloman;science;5
Total Leila Sloman;;5
Len Ochs;(vide);1
Total Len Ochs;;1
Lena Groeger;business;3
Lena Groeger;gear;1
Lena Groeger;security;14
Total Lena Groeger;;18
Leo Bear-McGuinness;culture;1
Leo Bear-McGuinness;science;4
Total Leo Bear-McGuinness;;5
Leo Hickman;business;1
Total Leo Hickman;;1
Leo Kim;ideas;6
Total Leo Kim;;6
Leon Poultney;business;16
Total Leon Poultney;;16
Leonard Sherman;business;1
Total Leonard Sherman;;1
Leonard Vishnevsky;business;2
Leonard Vishnevsky;science;2
Total Leonard Vishnevsky;;4
Leonardo M. D'Esposito;culture;1
Total Leonardo M. D'Esposito;;1
Leor Hackel Gregg Sparkman;science;1
Total Leor Hackel Gregg Sparkman;;1
Les Shu;(vide);3
Total Les Shu;;3
Leslie Berlin;business;1
Leslie Berlin;culture;1
Total Leslie Berlin;;2
Leslie K John;culture;1
Total Leslie K John;;1
Leslie Lamport;opinion;1
Total Leslie Lamport;;1
Leslie Nemo;science;3
Total Leslie Nemo;;3
Lessig;the big story;1
Total Lessig;;1
Lessley Anderson;business;1
Lessley Anderson;culture;1
Lessley Anderson;security;1
Total Lessley Anderson;;3
Lettie Prell;culture;1
Total Lettie Prell;;1
Lev Grossman;(vide);1
Total Lev Grossman;;1
Levi Rizetnikof;(vide);3
Total Levi Rizetnikof;;3
Levi Tillemann;ideas;2
Levi Tillemann;transportation;2
Total Levi Tillemann;;4
Lewis Gordon;culture;11
Total Lewis Gordon;;11
Lewis J. Perelman;(vide);2
Total Lewis J. Perelman;;2
Lewis Wallace;business;1
Lewis Wallace;culture;487
Lewis Wallace;gear;2
Lewis Wallace;photo;2
Lewis Wallace;science;1
Lewis Wallace;(vide);5
Total Lewis Wallace;;498
Lexi Pandell;business;5
Lexi Pandell;culture;21
Lexi Pandell;design;1
Lexi Pandell;gear;2
Lexi Pandell;science;12
Lexi Pandell;the big story;2
Total Lexi Pandell;;43
Li Zhou;science;1
Total Li Zhou;;1
Lia Picard;gear;1
Total Lia Picard;;1
Lia Steakley;culture;1
Lia Steakley;science;1
Lia Steakley;security;2
Total Lia Steakley;;4
Liam Boogar;business;1
Total Liam Boogar;;1
Liam Kelly;business;1
Total Liam Kelly;;1
Liana Bandziulis;gear;14
Total Liana Bandziulis;;14
Liat Clark;business;263
Liat Clark;culture;60
Liat Clark;design;4
Liat Clark;gear;24
Liat Clark;science;187
Liat Clark;security;26
Liat Clark;the big story;1
Total Liat Clark;;565
Liat Clark - Wired UK;design;2
Total Liat Clark - Wired UK;;2
Libby Plummer;business;49
Libby Plummer;culture;9
Libby Plummer;gear;5
Libby Plummer;science;24
Total Libby Plummer;;87
Liesl Schillinger;(vide);4
Total Liesl Schillinger;;4
Lil Miss Hot Mess;culture;1
Total Lil Miss Hot Mess;;1
Lila Hassan;business;1
Total Lila Hassan;;1
Lilit Marcus;culture;1
Total Lilit Marcus;;1
Lillian Ablon;opinion;1
Total Lillian Ablon;;1
Lily Hay Newman;business;3
Lily Hay Newman;cyberattacks and hacks;1
Lily Hay Newman;gear;3
Lily Hay Newman;national security;1
Lily Hay Newman;politics;1
Lily Hay Newman;security;929
Lily Hay Newman;security news;1
Total Lily Hay Newman;;939
Lina Hansen;business;1
Total Lina Hansen;;1
Lincoln Caplan;business;1
Total Lincoln Caplan;;1
Lincoln Chen;(vide);1
Total Lincoln Chen;;1
Linda Formichelli;business;2
Linda Formichelli;science;1
Total Linda Formichelli;;3
Linda Jacobson;(vide);7
Total Linda Jacobson;;7
Linda Katherine Cutting;culture;1
Total Linda Katherine Cutting;;1
Linda Kinstler;ideas;1
Linda Kinstler;the big story;1
Total Linda Kinstler;;2
Linda Poon;science;3
Total Linda Poon;;3
Lindsay Ems;ideas;1
Total Lindsay Ems;;1
Lindsay Gellman;ideas;1
Lindsay Gellman;the big story;1
Total Lindsay Gellman;;2
Lindsay Jones;the big story;1
Total Lindsay Jones;;1
Lindsey Arent;business;58
Lindsey Arent;culture;10
Lindsey Arent;science;132
Lindsey Arent;security;42
Total Lindsey Arent;;242
Lindsey Ellefson;security;1
Total Lindsey Ellefson;;1
Lindsey Ganahl;(vide);1
Total Lindsey Ganahl;;1
Ling Ma;culture;1
Total Ling Ma;;1
Lionel Beehner;security;1
Total Lionel Beehner;;1
Lior Frenkel;business;2
Total Lior Frenkel;;2
Lior Zalmanson;business;1
Total Lior Zalmanson;;1
Lisa A. Goldstein;gear;1
Lisa A. Goldstein;the big story;1
Total Lisa A. Goldstein;;2
Lisa Abend;business;1
Lisa Abend;culture;1
Lisa Abend;science;1
Total Lisa Abend;;3
Lisa B. Samalonis;culture;1
Total Lisa B. Samalonis;;1
Lisa Calhoun;opinion;1
Total Lisa Calhoun;;1
Lisa Cox;science;1
Total Lisa Cox;;1
Lisa Delgado;culture;12
Lisa Delgado;(vide);5
Total Lisa Delgado;;17
Lisa Freedman;business;1
Lisa Freedman;(vide);1
Total Lisa Freedman;;2
Lisa Grossman;culture;1
Lisa Grossman;gear;1
Lisa Grossman;science;200
Lisa Grossman;(vide);2
Total Lisa Grossman;;204
Lisa J. Wise;gear;1
Total Lisa J. Wise;;1
Lisa Kanarek;business;1
Lisa Kanarek;gear;3
Total Lisa Kanarek;;4
Lisa Katayama;business;2
Lisa Katayama;culture;17
Lisa Katayama;gear;1
Lisa Katayama;(vide);91
Total Lisa Katayama;;111
Lisa Kennedy;(vide);1
Total Lisa Kennedy;;1
Lisa Larrimore Ouellette;science;1
Total Lisa Larrimore Ouellette;;1
Lisa Levy;(vide);1
Total Lisa Levy;;1
Lisa Margonelli;science;4
Lisa Margonelli;(vide);4
Total Lisa Margonelli;;8
Lisa Messeri;ideas;1
Total Lisa Messeri;;1
Lisa Nadile;business;3
Lisa Nadile;culture;1
Lisa Nadile;science;3
Lisa Nadile;security;1
Total Lisa Nadile;;8
Lisa Niver;gear;2
Total Lisa Niver;;2
Lisa Rabasca Roepe;gear;1
Total Lisa Rabasca Roepe;;1
Lisa Rein;science;24
Total Lisa Rein;;24
Lisa Schmeiser;business;4
Total Lisa Schmeiser;;4
Lisa Sonne;science;2
Total Lisa Sonne;;2
Lisa Wood Shapiro;gear;3
Lisa Wood Shapiro;the big story;3
Total Lisa Wood Shapiro;;6
Liz Bacelar;business;2
Total Liz Bacelar;;2
Liz Bailey;(vide);1
Total Liz Bailey;;1
Liz Gunnison;business;1
Liz Gunnison;culture;1
Total Liz Gunnison;;2
Liz Hopp;business;1
Total Liz Hopp;;1
Liz Kruesi;science;4
Total Liz Kruesi;;4
Liz Longden;science;1
Total Liz Longden;;1
Liz Specht;ideas;2
Liz Specht;science;1
Total Liz Specht;;3
Liz Stinson;business;6
Liz Stinson;culture;10
Liz Stinson;design;888
Liz Stinson;gear;69
Liz Stinson;photo;1
Liz Stinson;science;3
Liz Stinson;security news;
Liz Stinson;(vide);1
Total Liz Stinson;;978
Liza Gross;science;1
Total Liza Gross;;1
Lizard;culture;2
Lizard;(vide);6
Total Lizard;;8
Lizzie Buchen;science;10
Lizzie Buchen;(vide);1
Total Lizzie Buchen;;11
Lizzie Grosso;(vide);1
Total Lizzie Grosso;;1
Lizzie Wade;culture;5
Lizzie Wade;design;2
Lizzie Wade;science;35
Total Lizzie Wade;;42
Lizzy Davies;science;1
Total Lizzy Davies;;1
Lo Bénichou;gear;1
Total Lo Bénichou;;1
Loes Witschge;business;1
Total Loes Witschge;;1
Logan Hill;culture;6
Logan Hill;science;1
Logan Hill;the big story;4
Logan Hill;(vide);1
Total Logan Hill;;12
Logan Koepke;the big story;1
Total Logan Koepke;;1
Lola Méndez;gear;1
Total Lola Méndez;;1
Lonnie Morgan;(vide);13
Total Lonnie Morgan;;13
Lora Shinn;business;1
Total Lora Shinn;;1
Lore Sjoberg;business;4
Lore Sjoberg;culture;75
Lore Sjoberg;gear;54
Lore Sjoberg;science;6
Lore Sjoberg;transportation;2
Lore Sjoberg;(vide);83
Total Lore Sjoberg;;224
Lorenzo Colantoni;science;1
Total Lorenzo Colantoni;;1
Lorenzo Franceschi-Bicchierai;security;13
Total Lorenzo Franceschi-Bicchierai;;13
Loretta Hidalgo Whitesides;science;117
Total Loretta Hidalgo Whitesides;;117
Lori Gruen;opinion;1
Total Lori Gruen;;1
Lori Patel;business;2
Lori Patel;security;2
Total Lori Patel;;4
Lori Youmshajekian;science;1
Total Lori Youmshajekian;;1
Lou Del Bello;business;1
Lou Del Bello;science;1
Total Lou Del Bello;;2
Lou Fancher;culture;2
Lou Fancher;gear;2
Total Lou Fancher;;4
Lou Kesten;(vide);2
Total Lou Kesten;;2
Louis Rossetto;business;2
Louis Rossetto;culture;1
Louis Rossetto;(vide);3
Total Louis Rossetto;;6
Louis Staples;business;1
Louis Staples;culture;3
Total Louis Staples;;4
Louise Bowser;science;2
Total Louise Bowser;;2
Louise Howells;culture;1
Total Louise Howells;;1
Louise Johns;science;1
Total Louise Johns;;1
Louise Knapp;business;15
Louise Knapp;culture;14
Louise Knapp;gear;17
Louise Knapp;science;73
Louise Knapp;security;5
Louise Knapp;(vide);1
Total Louise Knapp;;125
Louise Matsakis;business;129
Louise Matsakis;culture;17
Louise Matsakis;gear;23
Louise Matsakis;science;3
Louise Matsakis;security;101
Total Louise Matsakis;;273
Louise Witt;business;1
Louise Witt;security;3
Total Louise Witt;;4
Louryn Strampe;culture;2
Louryn Strampe;deals;1
Louryn Strampe;gear;130
Louryn Strampe;reviews;1
Total Louryn Strampe;;134
Lu-Hai Liang;culture;3
Total Lu-Hai Liang;;3
Luc Steels;(vide);1
Total Luc Steels;;1
Luca Zorloni;security;1
Total Luca Zorloni;;1
Lucas Graves;business;1
Lucas Graves;culture;6
Lucas Graves;science;1
Lucas Graves;(vide);12
Total Lucas Graves;;20
Lucia Moses;business;1
Total Lucia Moses;;1
Lucian Tarnowski;business;1
Total Lucian Tarnowski;;1
Lucie Green;science;1
Total Lucie Green;;1
Lucien Rhodes;(vide);1
Total Lucien Rhodes;;1
Lucrezia Bisignani;culture;1
Total Lucrezia Bisignani;;1
Lucy Caso;gear;1
Total Lucy Caso;;1
Lucy Cooke;ideas;1
Total Lucy Cooke;;1
Lucy Easthope;science;1
Total Lucy Easthope;;1
Lucy Harley-McKeown;science;2
Total Lucy Harley-McKeown;;2
Lucy Johnson;science;1
Total Lucy Johnson;;1
Lucy Johnston;culture;1
Lucy Johnston;science;2
Total Lucy Johnston;;3
Lucy Lang;ideas;1
Total Lucy Lang;;1
Lucy Liu;ideas;1
Total Lucy Liu;;1
Lucy Sherriff;science;1
Total Lucy Sherriff;;1
Lucy Smith;culture;1
Total Lucy Smith;;1
Lucy Sparrow;ideas;1
Total Lucy Sparrow;;1
Lucy Yu;business;1
Total Lucy Yu;;1
Ludmila Leiva;culture;1
Total Ludmila Leiva;;1
Luiz Romero;security;1
Total Luiz Romero;;1
Lukas Hauser;business;2
Lukas Hauser;gear;1
Total Lukas Hauser;;3
Lukasz Olejnik;ideas;3
Lukasz Olejnik;opinion;1
Lukasz Olejnik;security;1
Total Lukasz Olejnik;;5
Luke Bennett;(vide);8
Total Luke Bennett;;8
Luke Dormehl;business;9
Total Luke Dormehl;;9
Luke Edwards;gear;1
Total Luke Edwards;;1
Luke Elliott Sommer;ideas;1
Total Luke Elliott Sommer;;1
Luke Knowland;science;3
Luke Knowland;security;1
Total Luke Knowland;;4
Luke Larsen;gear;2
Total Luke Larsen;;2
Luke O'Brien;business;2
Luke O'Brien;security;73
Total Luke O'Brien;;75
Luke Whelan;culture;1
Luke Whelan;science;9
Total Luke Whelan;;10
Luke Winkie;culture;8
Total Luke Winkie;;8
Luke Wroblewski;opinion;1
Total Luke Wroblewski;;1
Lulu Chen;ideas;1
Total Lulu Chen;;1
Luna Shyr;science;1
Total Luna Shyr;;1
Lux Alptraum;culture;1
Lux Alptraum;gear;1
Lux Alptraum;ideas;3
Lux Alptraum;science;3
Total Lux Alptraum;;8
Lycos Computers;science;1
Total Lycos Computers;;1
Lydia Belanger;culture;4
Lydia Belanger;gear;1
Lydia Belanger;science;1
Total Lydia Belanger;;6
Lydia Horne;business;3
Lydia Horne;culture;5
Lydia Horne;gear;3
Lydia Horne;photo;12
Lydia Horne;security;1
Lydia Horne;transportation;1
Total Lydia Horne;;25
Lydia Millet;culture;1
Total Lydia Millet;;1
Lydia Morrish;business;6
Lydia Morrish;culture;1
Total Lydia Morrish;;7
Lylla Younes;science;1
Total Lylla Younes;;1
Lynda Gratton;business;1
Total Lynda Gratton;;1
Lyndie Chiou;science;2
Total Lyndie Chiou;;2
Lynelle Cameron;design;1
Total Lynelle Cameron;;1
Lynn Burke;science;1
Lynn Burke;security;2
Total Lynn Burke;;3
Lynn Ginsburg;science;2
Lynn Ginsburg;(vide);7
Total Lynn Ginsburg;;9
Lynsey Barber;business;1
Total Lynsey Barber;;1
Lyra Kilston;photo;6
Total Lyra Kilston;;6
M Eifler;ideas;1
Total M Eifler;;1
M. J. Lewis;culture;2
Total M. J. Lewis;;2
M.D. Rodrigues;culture;1
Total M.D. Rodrigues;;1
M.J. Rose;business;7
M.J. Rose;culture;103
Total M.J. Rose;;110
M.K.A.;(vide);1
Total M.K.A.;;1
Maanvi Singh;science;1
Total Maanvi Singh;;1
Mac Schwerin;culture;1
Total Mac Schwerin;;1
MACIEJ CEGŁOWSKI;gear;1
Total MACIEJ CEGŁOWSKI;;1
Maddie Bender;science;1
Total Maddie Bender;;1
Maddie Stone;science;3
Total Maddie Stone;;3
Madeleine Jeanrenaud;culture;1
Madeleine Jeanrenaud;(vide);1
Total Madeleine Jeanrenaud;;2
Madeleine Speed;culture;1
Total Madeleine Speed;;1
Madeline Ashby;culture;3
Total Madeline Ashby;;3
Madeline Ostrander;science;1
Total Madeline Ostrander;;1
Madeline Roache;security;1
Total Madeline Roache;;1
Madhumita Venkataramanan;business;84
Madhumita Venkataramanan;culture;30
Madhumita Venkataramanan;gear;12
Madhumita Venkataramanan;science;68
Madhumita Venkataramanan;security;5
Total Madhumita Venkataramanan;;199
Madison Goldberg;science;1
Total Madison Goldberg;;1
Madison Kotack;design;1
Madison Kotack;gear;1
Madison Kotack;photo;1
Madison Kotack;science;11
Madison Kotack;transportation;1
Total Madison Kotack;;15
Maelle Gavet;business;1
Total Maelle Gavet;;1
Maeve Keane;business;1
Total Maeve Keane;;1
Maggie Chen;science;14
Total Maggie Chen;;14
Maggie McKee;science;3
Total Maggie McKee;;3
Mahboud Zabetian;(vide);2
Total Mahboud Zabetian;;2
Mahima Jain;science;1
Total Mahima Jain;;1
Mai Nguyen;culture;1
Mai Nguyen;science;2
Total Mai Nguyen;;3
Mai Schotz;photo;1
Total Mai Schotz;;1
Maia Szalavitz;ideas;1
Total Maia Szalavitz;;1
Maimuna Majumder;science;2
Total Maimuna Majumder;;2
Maimuna S. Majumder;science;1
Total Maimuna S. Majumder;;1
Maj. Gen. Charles Bolden;opinion;1
Total Maj. Gen. Charles Bolden;;1
Makena Kelly;business;1
Makena Kelly;politics;25
Total Makena Kelly;;26
Malcolm Araos;science;1
Total Malcolm Araos;;1
Malcolm Gay;(vide);1
Total Malcolm Gay;;1
Malcolm Harris;the big story;1
Total Malcolm Harris;;1
Malcolm Maclachlan;business;2
Total Malcolm Maclachlan;;2
Malcom Howard;(vide);1
Total Malcom Howard;;1
Malka Older;culture;1
Total Malka Older;;1
Mallory Locklear;science;1
Total Mallory Locklear;;1
Mallory Pickett;business;2
Mallory Pickett;culture;1
Mallory Pickett;gear;1
Mallory Pickett;science;6
Total Mallory Pickett;;10
Mamie Rheingold;(vide);1
Total Mamie Rheingold;;1
Mandela Schumacher-Hodge;business;1
Total Mandela Schumacher-Hodge;;1
Mandy Erickson;(vide);3
Total Mandy Erickson;;3
Mandy Mazliah;science;1
Total Mandy Mazliah;;1
Manny Frishberg;business;12
Manny Frishberg;culture;3
Manny Frishberg;gear;3
Manny Frishberg;science;14
Manny Frishberg;security;3
Total Manny Frishberg;;35
Mansur Mirovalev;business;1
Mansur Mirovalev;culture;3
Mansur Mirovalev;science;1
Total Mansur Mirovalev;;5
Manu Joseph;business;9
Manu Joseph;culture;8
Manu Joseph;science;3
Manu Joseph;security;11
Total Manu Joseph;;31
Manuel Gonzales;culture;1
Total Manuel Gonzales;;1
Manvir Singh;ideas;2
Total Manvir Singh;;2
Mar Hicks;ideas;2
Total Mar Hicks;;2
Mara Hvistendahl;business;1
Mara Hvistendahl;the big story;3
Total Mara Hvistendahl;;4
Mara Johnson-Groh;science;1
Total Mara Johnson-Groh;;1
Mara Magistroni;science;1
Total Mara Magistroni;;1
Marah Eakin;culture;28
Marah Eakin;gear;1
Marah Eakin;music;1
Total Marah Eakin;;30
Marc Andreessen;business;1
Total Marc Andreessen;;1
Marc Barros;gear;1
Marc Barros;opinion;1
Total Marc Barros;;2
Marc Bernardin;culture;2
Marc Bernardin;gear;1
Marc Bernardin;(vide);1
Total Marc Bernardin;;4
Marc Fawcett-Atkinson;science;1
Total Marc Fawcett-Atkinson;;1
Marc Goodman;security;2
Marc Goodman;the big story;1
Total Marc Goodman;;3
Marc Gunther;(vide);1
Total Marc Gunther;;1
Marc J. Seifer;(vide);2
Total Marc J. Seifer;;2
Marc Laidlaw;culture;1
Marc Laidlaw;science;1
Marc Laidlaw;(vide);11
Total Marc Laidlaw;;13
Marc Rotenberg;(vide);1
Total Marc Rotenberg;;1
Marc Saltzman;culture;9
Total Marc Saltzman;;9
Marc Savlov;culture;16
Marc Savlov;security;6
Total Marc Savlov;;22
Marc Scribner;transportation;1
Total Marc Scribner;;1
Marc Spiegler;culture;2
Marc Spiegler;security;2
Marc Spiegler;(vide);13
Total Marc Spiegler;;17
Marcel Agüeros;the big story;1
Total Marcel Agüeros;;1
Marcela Valdes;business;1
Total Marcela Valdes;;1
Marcello Rossi;science;1
Total Marcello Rossi;;1
Marcelo Soares;security;1
Total Marcelo Soares;;1
Marcia Bjornerud;science;1
Total Marcia Bjornerud;;1
Marcia Hofmann;opinion;1
Total Marcia Hofmann;;1
Marcia Stepanek;security;4
Total Marcia Stepanek;;4
Marcin Wichary;the big story;1
Total Marcin Wichary;;1
Marco Calavita;culture;1
Total Marco Calavita;;1
Marcus du Sautoy;business;2
Marcus du Sautoy;science;1
Marcus du Sautoy;the big story;1
Total Marcus du Sautoy;;4
Marcus Janssen;gear;1
Total Marcus Janssen;;1
Marcus Wohlsen;business;513
Marcus Wohlsen;culture;6
Marcus Wohlsen;gear;1
Marcus Wohlsen;science;1
Marcus Wohlsen;security;1
Total Marcus Wohlsen;;522
Marcus Woo;business;1
Marcus Woo;gear;2
Marcus Woo;science;71
Total Marcus Woo;;74
Marcy Burstiner;business;13
Marcy Burstiner;security;3
Total Marcy Burstiner;;16
Mareesa Nicosia;business;1
Total Mareesa Nicosia;;1
Margaret Andersen;culture;2
Total Margaret Andersen;;2
Margaret Rhodes;business;2
Margaret Rhodes;culture;6
Margaret Rhodes;design;557
Margaret Rhodes;gear;1
Margaret Rhodes;science;1
Total Margaret Rhodes;;567
Margaret Robertson;security;1
Total Margaret Robertson;;1
Margaret Stewart;opinion;1
Total Margaret Stewart;;1
Margaret Taylor;business;28
Margaret Taylor;science;1
Total Margaret Taylor;;29
Margaret Thatcher;(vide);2
Total Margaret Thatcher;;2
Margaret Wertheim;(vide);2
Total Margaret Wertheim;;2
Marguerite Holloway;(vide);1
Total Marguerite Holloway;;1
Maria Alemany Ortiz;business;1
Total Maria Alemany Ortiz;;1
Maria Cristina Valsecchi;culture;12
Total Maria Cristina Valsecchi;;12
Maria Gallucci;science;5
Total Maria Gallucci;;5
Maria Goodavage;the big story;1
Total Maria Goodavage;;1
Maria Klawe;the big story;1
Total Maria Klawe;;1
Maria Konnikova;business;2
Maria Konnikova;the big story;1
Total Maria Konnikova;;3
Maria Mellor, WIRED UK;business;10
Maria Mellor, WIRED UK;culture;10
Maria Mellor, WIRED UK;gear;2
Maria Mellor, WIRED UK;science;19
Maria Mellor, WIRED UK;security;1
Total Maria Mellor, WIRED UK;;42
Maria Paula Escobar-Tello;science;1
Total Maria Paula Escobar-Tello;;1
Maria Perez Ortiz;science;2
Total Maria Perez Ortiz;;2
Maria Pope;business;3
Total Maria Pope;;3
Maria Popova;business;1
Maria Popova;culture;2
Maria Popova;science;1
Total Maria Popova;;4
Maria Sample;culture;2
Total Maria Sample;;2
Maria Streshinsky;business;2
Maria Streshinsky;culture;3
Maria Streshinsky;the big story;2
Total Maria Streshinsky;;7
Mariana Mazzucato;business;2
Total Mariana Mazzucato;;2
Marie de la Soudière;(vide);2
Total Marie de la Soudière;;2
Marie Le Conte;culture;1
Total Marie Le Conte;;1
Marie MacDonald;business;1
Total Marie MacDonald;;1
Marie Moe;opinion;1
Total Marie Moe;;1
Mariko Kato;culture;2
Mariko Kato;gear;1
Mariko Kato;science;1
Total Mariko Kato;;4
Marina Gorbis;business;1
Total Marina Gorbis;;1
Mario Aguilar;culture;1
Mario Aguilar;(vide);19
Total Mario Aguilar;;20
Mario Sarmento;culture;4
Total Mario Sarmento;;4
Marion Fourcade;ideas;1
Total Marion Fourcade;;1
Marion Maneker;business;1
Total Marion Maneker;;1
Marion Renault;science;2
Total Marion Renault;;2
Marisa Meltzer;business;1
Marisa Meltzer;design;1
Marisa Meltzer;(vide);1
Total Marisa Meltzer;;3
Marisa S. Olson;culture;4
Total Marisa S. Olson;;4
Marissa Cevallos, Science News;science;3
Total Marissa Cevallos, Science News;;3
Marissa Raderman;culture;3
Marissa Raderman;(vide);3
Total Marissa Raderman;;6
Marjorie Ingall;(vide);1
Total Marjorie Ingall;;1
Mark A. Lemley;opinion;1
Total Mark A. Lemley;;1
Mark Anderson;culture;12
Mark Anderson;science;10
Mark Anderson;security;1
Mark Anderson;(vide);2
Total Mark Anderson;;25
Mark Andrews;gear;2
Total Mark Andrews;;2
Mark Athitakis;(vide);4
Total Mark Athitakis;;4
Mark Baard;business;10
Mark Baard;culture;15
Mark Baard;gear;7
Mark Baard;science;28
Mark Baard;security;9
Mark Baard;transportation;1
Total Mark Baard;;70
Mark Boslett, greentechmedia;business;1
Total Mark Boslett, greentechmedia;;1
Mark Brown;business;33
Mark Brown;culture;22
Mark Brown;science;14
Mark Brown;security;3
Total Mark Brown;;72
Mark Changizi;culture;1
Total Mark Changizi;;1
Mark Christensen;(vide);1
Total Mark Christensen;;1
Mark Coeckelbergh;opinion;1
Total Mark Coeckelbergh;;1
Mark Cromer;business;4
Mark Cromer;culture;2
Total Mark Cromer;;6
Mark D. Pesce;(vide);2
Total Mark D. Pesce;;2
Mark D. Rasch;(vide);1
Total Mark D. Rasch;;1
Mark Dent;business;1
Total Mark Dent;;1
Mark Dery;(vide);4
Total Mark Dery;;4
Mark Dixon;culture;1
Total Mark Dixon;;1
Mark Durham;gear;104
Mark Durham;(vide);1
Total Mark Durham;;105
Mark Dye;(vide);4
Total Mark Dye;;4
Mark Earls;business;1
Total Mark Earls;;1
Mark Frauenfelder;business;7
Mark Frauenfelder;culture;70
Mark Frauenfelder;science;13
Mark Frauenfelder;the big story;1
Mark Frauenfelder;(vide);85
Total Mark Frauenfelder;;176
Mark Glaser;culture;5
Total Mark Glaser;;5
Mark Graham;ideas;2
Total Mark Graham;;2
Mark H. Kim;science;1
Total Mark H. Kim;;1
Mark Harris;business;4
Mark Harris;culture;1
Mark Harris;gear;1
Mark Harris;science;2
Mark Harris;security;4
Mark Harris;the big story;19
Mark Harris;transportation;1
Total Mark Harris;;32
Mark Hertsgaard;science;1
Total Mark Hertsgaard;;1
Mark Hill;culture;3
Mark Hill;ideas;1
Total Mark Hill;;4
Mark Hooper;science;2
Total Mark Hooper;;2
Mark Jason Williams;gear;1
Total Mark Jason Williams;;1
Mark Johnson;opinion;1
Total Mark Johnson;;1
Mark Joseph Edwards;science;1
Total Mark Joseph Edwards;;1
Mark K. Anderson;business;13
Mark K. Anderson;culture;4
Mark K. Anderson;gear;1
Mark K. Anderson;science;36
Mark K. Anderson;security;7
Mark K. Anderson;(vide);1
Total Mark K. Anderson;;62
Mark Kessler;culture;2
Mark Kessler;science;4
Total Mark Kessler;;6
Mark L. Gottlieb;culture;1
Mark L. Gottlieb;(vide);1
Total Mark L. Gottlieb;;2
Mark Latonero;business;1
Total Mark Latonero;;1
Mark Leabo;(vide);2
Total Mark Leabo;;2
Mark Leonard;(vide);1
Total Mark Leonard;;1
Mark Lewyn;security;2
Mark Lewyn;(vide);3
Total Mark Lewyn;;5
Mark Lukach;gear;2
Total Mark Lukach;;2
Mark McClusky;business;6
Mark McClusky;culture;55
Mark McClusky;gear;41
Mark McClusky;opinion;2
Mark McClusky;science;13
Mark McClusky;security;1
Mark McClusky;(vide);4
Total Mark McClusky;;122
Mark Miller;(vide);1
Total Mark Miller;;1
Mark Miodownik;gear;1
Total Mark Miodownik;;1
Mark Moyar;security;1
Total Mark Moyar;;1
Mark Nichol;(vide);4
Total Mark Nichol;;4
Mark Nollinger;(vide);3
Total Mark Nollinger;;3
Mark Pagel;science;1
Total Mark Pagel;;1
Mark Pauline;(vide);1
Total Mark Pauline;;1
Mark Payne;business;1
Total Mark Payne;;1
Mark Pesce;(vide);1
Total Mark Pesce;;1
Mark Piesing;business;12
Mark Piesing;culture;2
Mark Piesing;design;1
Mark Piesing;gear;4
Mark Piesing;science;2
Total Mark Piesing;;21
Mark Poster;(vide);1
Total Mark Poster;;1
Mark Rasch;(vide);1
Total Mark Rasch;;1
Mark Riffee;business;3
Mark Riffee;security;3
Total Mark Riffee;;6
Mark Robinson;business;1
Mark Robinson;culture;1
Mark Robinson;gear;1
Mark Robinson;security;1
Mark Robinson;the big story;5
Mark Robinson;(vide);6
Total Mark Robinson;;15
Mark Rolston;design;1
Total Mark Rolston;;1
Mark Rosewater;culture;1
Total Mark Rosewater;;1
Mark Russell;business;3
Mark Russell;gear;4
Mark Russell;science;2
Mark Russell;security;1
Total Mark Russell;;10
Mark Seiden;(vide);3
Total Mark Seiden;;3
Mark Seidenberg;science;1
Total Mark Seidenberg;;1
Mark Spoonauer;(vide);5
Total Mark Spoonauer;;5
Mark Stahlman;(vide);2
Total Mark Stahlman;;2
Mark Synnott;the big story;1
Total Mark Synnott;;1
Mark Teppo;culture;1
Total Mark Teppo;;1
Mark Tosczak;culture;2
Mark Tosczak;science;1
Total Mark Tosczak;;3
Mark van Rijmenam;business;1
Total Mark van Rijmenam;;1
Mark Vanhoenacker;the big story;1
Mark Vanhoenacker;(vide);1
Total Mark Vanhoenacker;;2
Mark Wallace;culture;1
Mark Wallace;opinion;2
Total Mark Wallace;;3
Mark Walport;business;4
Total Mark Walport;;4
Mark Walsh;(vide);1
Total Mark Walsh;;1
Mark Walton;business;11
Mark Walton;gear;5
Total Mark Walton;;16
Mark Warner;opinion;1
Total Mark Warner;;1
Mark Warren;science;1
Total Mark Warren;;1
Mark Wilding;culture;1
Mark Wilding;science;1
Total Mark Wilding;;2
Mark Wolverton;gear;1
Mark Wolverton;science;1
Total Mark Wolverton;;2
Mark Woodman;gear;1
Mark Woodman;(vide);2
Total Mark Woodman;;3
Mark Yarm;business;1
Mark Yarm;culture;24
Mark Yarm;gear;1
Mark Yarm;(vide);1
Total Mark Yarm;;27
Mark Zuckerberg;business;1
Total Mark Zuckerberg;;1
Marlene Blanshay;security;4
Total Marlene Blanshay;;4
Marley Walker;design;2
Marley Walker;science;14
Total Marley Walker;;16
Marlon Rigel;the big story;1
Total Marlon Rigel;;1
Marsha Ivins as told to Caitlin Roper;science;1
Total Marsha Ivins as told to Caitlin Roper;;1
Marshall Blonsky;(vide);1
Total Marshall Blonsky;;1
Marshall Burns;(vide);1
Total Marshall Burns;;1
Marshall T. Savage;(vide);1
Total Marshall T. Savage;;1
Marshall Wallace;(vide);1
Total Marshall Wallace;;1
Marta Musso;science;4
Total Marta Musso;;4
Martha Baer;business;1
Martha Baer;(vide);10
Total Martha Baer;;11
Martha Wells;culture;1
Total Martha Wells;;1
Martin Caraher;ideas;1
Total Martin Caraher;;1
Martin Cizmar;gear;9
Total Martin Cizmar;;9
Martin Ford;business;1
Total Martin Ford;;1
Martin Gardner;culture;1
Total Martin Gardner;;1
Martin Giles;(vide);1
Total Martin Giles;;1
Martin Heinrich;security;1
Total Martin Heinrich;;1
Martin J. Blaser;opinion;1
Total Martin J. Blaser;;1
Martin Mander;(vide);5
Total Martin Mander;;5
Martin McNulty;business;1
Total Martin McNulty;;1
Martin Mignot;business;1
Total Martin Mignot;;1
Martin Rees;business;1
Martin Rees;science;2
Total Martin Rees;;3
Martin Skladany;ideas;1
Total Martin Skladany;;1
Martin Sorrell;business;2
Total Martin Sorrell;;2
Marty Cortinas;culture;14
Total Marty Cortinas;;14
Marty Graham;culture;1
Marty Graham;science;6
Marty Graham;security;11
Marty Graham;the big story;1
Total Marty Graham;;19
Marty Jerome;gear;212
Total Marty Jerome;;212
Marty Katz;(vide);5
Total Marty Katz;;5
Marvin Ammori;business;2
Marvin Ammori;opinion;2
Total Marvin Ammori;;4
Marvin Minsky;(vide);1
Total Marvin Minsky;;1
"Mary ""Missy"" Cummings";business;1
"Total Mary ""Missy"" Cummings";;1
Mary Alice Miller;culture;2
Total Mary Alice Miller;;2
Mary Ann Mason;science;1
Total Mary Ann Mason;;1
Mary Ann Sieghart;business;1
Total Mary Ann Sieghart;;1
Mary Annaïse Heglar;science;1
Total Mary Annaïse Heglar;;1
Mary Bates;science;87
Total Mary Bates;;87
Mary Beth Griggs;science;1
Total Mary Beth Griggs;;1
Mary Catherine O'Connor;gear;1
Total Mary Catherine O'Connor;;1
Mary Eisenhart microx@well.sf.ca.us;(vide);1
Total Mary Eisenhart microx@well.sf.ca.us;;1
Mary Elizabeth Williams;security;2
Mary Elizabeth Williams;(vide);22
Total Mary Elizabeth Williams;;24
Mary Fillmore;ideas;1
Total Mary Fillmore;;1
Mary Grady;gear;7
Mary Grady;transportation;1
Total Mary Grady;;8
Mary H.K. Choi;culture;5
Mary H.K. Choi;opinion;1
Mary H.K. Choi;photo;1
Mary H.K. Choi;the big story;1
Mary H.K. Choi;(vide);1
Total Mary H.K. Choi;;9
Mary Jane Irwin;business;2
Mary Jane Irwin;culture;12
Mary Jane Irwin;science;1
Total Mary Jane Irwin;;15
Mary Lou Jepsen;science;1
Total Mary Lou Jepsen;;1
Mary Pilon;culture;1
Mary Pilon;the big story;5
Total Mary Pilon;;6
Mary Retta;the big story;1
Total Mary Retta;;1
Mary Roach;(vide);2
Total Mary Roach;;2
Mary Shannon Little;culture;1
Total Mary Shannon Little;;1
Maryn McKenna;ideas;34
Maryn McKenna;opinion;1
Maryn McKenna;science;454
Maryn McKenna;the big story;1
Total Maryn McKenna;;490
Marziah;(vide);31
Total Marziah;;31
Marziah Karch;gear;1
Total Marziah Karch;;1
Masha Borak;business;2
Masha Borak;security;4
Total Masha Borak;;6
Masha Gessen;(vide);4
Total Masha Gessen;;4
Mason Inman;science;1
Total Mason Inman;;1
Mason Marks;ideas;1
Mason Marks;opinion;1
Total Mason Marks;;2
Massimiliano Gioni;culture;1
Total Massimiliano Gioni;;1
Masuyama;(vide);1
Total Masuyama;;1
Mat Honan;business;25
Mat Honan;culture;13
Mat Honan;design;1
Mat Honan;gear;204
Mat Honan;photo;1
Mat Honan;science;2
Mat Honan;security;6
Mat Honan;the big story;3
Mat Honan;(vide);6
Total Mat Honan;;261
Mat Ombler;culture;3
Total Mat Ombler;;3
Mathana;ideas;1
Total Mathana;;1
Mathew Honan;business;6
Mathew Honan;culture;6
Mathew Honan;gear;9
Mathew Honan;science;2
Mathew Honan;the big story;1
Mathew Honan;(vide);7
Total Mathew Honan;;31
Mathew Honanjan;business;1
Total Mathew Honanjan;;1
Matisse Enzer;(vide);1
Total Matisse Enzer;;1
Mats A. Palmgren;business;1
Total Mats A. Palmgren;;1
Matt Allinson;culture;1
Total Matt Allinson;;1
Matt Alston;ideas;1
Total Matt Alston;;1
Matt Alt;(vide);1
Total Matt Alt;;1
Matt Anderson;(vide);1
Total Matt Anderson;;1
Matt Asay;business;1
Total Matt Asay;;1
Matt Bacon;(vide);1
Total Matt Bacon;;1
Matt Bai;(vide);1
Total Matt Bai;;1
Matt Barone;culture;1
Total Matt Barone;;1
Matt Barr;gear;1
Total Matt Barr;;1
Matt Beane;business;1
Matt Beane;ideas;2
Matt Beane;science;2
Total Matt Beane;;5
Matt Bencke;business;1
Total Matt Bencke;;1
Matt Blaze;opinion;4
Total Matt Blaze;;4
Matt Blum;culture;1
Matt Blum;(vide);486
Total Matt Blum;;487
Matt Bors;culture;1
Total Matt Bors;;1
Matt Brittin;ideas;1
Total Matt Brittin;;1
Matt Buchanan, Gizmodo.com;business;1
Total Matt Buchanan, Gizmodo.com;;1
Matt Burgess;business;688
Matt Burgess;culture;74
Matt Burgess;gear;91
Matt Burgess;ideas;4
Matt Burgess;science;220
Matt Burgess;security;402
Matt Burgess;security news;1
Matt Burgess;the big story;4
Total Matt Burgess;;1484
Matt Chessen;the big story;1
Total Matt Chessen;;1
Matt Clifford;ideas;3
Total Matt Clifford;;3
Matt Cowan;business;6
Matt Cowan;culture;4
Matt Cowan;the big story;1
Total Matt Cowan;;11
Matt Drudge;culture;115
Matt Drudge;security;1
Total Matt Drudge;;116
Matt Dunne;business;3
Matt Dunne;the big story;1
Total Matt Dunne;;4
Matt Fisher;culture;2
Total Matt Fisher;;2
Matt Forbeck;(vide);8
Total Matt Forbeck;;8
Matt Friedman;business;4
Matt Friedman;culture;2
Matt Friedman;security;26
Total Matt Friedman;;32
Matt Fuchs;business;1
Total Matt Fuchs;;1
Matt Gallagher;culture;2
Matt Gallagher;security;1
Total Matt Gallagher;;3
Matt Haber;business;1
Matt Haber;(vide);5
Total Matt Haber;;6
Matt Hardigee, Jalopnik.com;security;2
Total Matt Hardigee, Jalopnik.com;;2
Matt Hardigree;transportation;5
Total Matt Hardigree;;5
Matt Hilburn;business;3
Matt Hilburn;culture;2
Matt Hilburn;science;4
Total Matt Hilburn;;9
Matt Honan;business;2
Total Matt Honan;;2
Matt Hussey;business;2
Matt Hussey;culture;3
Matt Hussey;gear;6
Matt Hussey;science;4
Total Matt Hussey;;15
Matt Jancer;business;2
Matt Jancer;culture;1
Matt Jancer;gear;81
Matt Jancer;science;4
Matt Jancer;security;2
Matt Jancer;transportation;2
Total Matt Jancer;;92
Matt Jones;culture;1
Matt Jones;(vide);2
Total Matt Jones;;3
Matt Kamen;business;248
Matt Kamen;culture;965
Matt Kamen;gear;62
Matt Kamen;science;17
Matt Kamen;security;14
Total Matt Kamen;;1306
Matt Krantz;(vide);1
Total Matt Krantz;;1
Matt Laslo;business;11
Matt Laslo;science;1
Matt Laslo;security;20
Total Matt Laslo;;32
Matt Leone;security;1
Total Matt Leone;;1
Matt Maranian;(vide);2
Total Matt Maranian;;2
Matt Morgan;(vide);35
Total Matt Morgan;;35
Matt Parker;the big story;1
Total Matt Parker;;1
Matt Peckham;culture;66
Total Matt Peckham;;66
Matt Perault;ideas;3
Total Matt Perault;;3
Matt Reed;culture;1
Matt Reed;gear;1
Total Matt Reed;;2
Matt Reynolds;biotech;1
Matt Reynolds;business;172
Matt Reynolds;culture;52
Matt Reynolds;environment;1
Matt Reynolds;gear;30
Matt Reynolds;ideas;10
Matt Reynolds;science;203
Matt Reynolds;security;20
Matt Reynolds;the big story;6
Total Matt Reynolds;;495
Matt Reynolds and Sabrina Weiss;science;1
Total Matt Reynolds and Sabrina Weiss;;1
Matt Ribel;the big story;1
Total Matt Ribel;;1
Matt Richtel;business;4
Matt Richtel;culture;2
Matt Richtel;security;13
Matt Richtel;(vide);5
Total Matt Richtel;;24
Matt Ridley;science;2
Matt Ridley;the big story;
Total Matt Ridley;;2
Matt Ritchel;(vide);1
Total Matt Ritchel;;1
Matt Rothman;(vide);1
Total Matt Rothman;;1
Matt Schwartz;(vide);2
Total Matt Schwartz;;2
Matt Sheehan;culture;1
Total Matt Sheehan;;1
Matt Simon;business;6
Matt Simon;culture;7
Matt Simon;environment;1
Matt Simon;gear;7
Matt Simon;opinion;19
Matt Simon;photo;3
Matt Simon;robots;1
Matt Simon;science;959
Matt Simon;security;1
Matt Simon;the big story;4
Matt Simon;transportation;2
Matt Simon;(vide);6
Total Matt Simon;;1016
Matt Stevens;science;1
Total Matt Stevens;;1
Matt Stoller;business;1
Matt Stoller;ideas;2
Total Matt Stoller;;3
Matt Sundstrom;the big story;4
Total Matt Sundstrom;;4
Matt Tate;gear;1
Total Matt Tate;;1
Matt Timmons-Brown;gear;1
Total Matt Timmons-Brown;;1
Matt Watkinson;business;1
Total Matt Watkinson;;1
Matt Welch;culture;2
Total Matt Welch;;2
Mattathias Schwartz;(vide);1
Total Mattathias Schwartz;;1
Matteo Fagotto;business;2
Total Matteo Fagotto;;2
Matthai Chakko Kuruvila;(vide);2
Total Matthai Chakko Kuruvila;;2
Matthew Chapman;business;1
Matthew Chapman;culture;1
Matthew Chapman;science;1
Total Matthew Chapman;;3
Matthew Cockerill;ideas;1
Matthew Cockerill;(vide);1
Total Matthew Cockerill;;2
Matthew Cole;(vide);1
Total Matthew Cole;;1
Matthew DeBord;transportation;1
Total Matthew DeBord;;1
Matthew Gault;culture;6
Matthew Gault;security;1
Total Matthew Gault;;7
Matthew Green;business;1
Matthew Green;science;3
Total Matthew Green;;4
Matthew Hughes;business;1
Total Matthew Hughes;;1
Matthew Hutson;business;1
Matthew Hutson;culture;1
Matthew Hutson;opinion;1
Matthew Hutson;science;2
Matthew Hutson;(vide);1
Total Matthew Hutson;;6
Matthew J. Szulik;business;1
Total Matthew J. Szulik;;1
Matthew Jancer;gear;1
Total Matthew Jancer;;1
Matthew Jordan;design;1
Total Matthew Jordan;;1
Matthew Korfhage;gear;3
Total Matthew Korfhage;;3
Matthew Kronsberg;(vide);1
Total Matthew Kronsberg;;1
Matthew Lasar;business;17
Total Matthew Lasar;;17
Matthew Margolin;business;2
Matthew Margolin;science;2
Matthew Margolin;security;2
Total Matthew Margolin;;6
Matthew Morchower;gear;1
Total Matthew Morchower;;1
Matthew Phenix;gear;88
Total Matthew Phenix;;88
Matthew Ponsford;culture;3
Matthew Ponsford;science;2
Total Matthew Ponsford;;5
Matthew Power;science;1
Total Matthew Power;;1
Matthew R. Francis;science;1
Total Matthew R. Francis;;1
Matthew Redd;gear;8
Total Matthew Redd;;8
Matthew Sadler;business;1
Total Matthew Sadler;;1
Matthew Shaer;business;1
Matthew Shaer;gear;1
Total Matthew Shaer;;2
Matthew Shechmeister;culture;4
Matthew Shechmeister;gear;1
Matthew Shechmeister;photo;7
Total Matthew Shechmeister;;12
Matthew Smith;culture;5
Total Matthew Smith;;5
Matthew Spector;business;1
Total Matthew Spector;;1
Matthew Stibbe;science;1
Matthew Stibbe;(vide);4
Total Matthew Stibbe;;5
Matthew Syed;business;1
Total Matthew Syed;;1
Matthew Taylor;business;3
Matthew Taylor;ideas;1
Matthew Taylor;science;1
Total Matthew Taylor;;5
Matthew Yeomans;(vide);9
Total Matthew Yeomans;;9
Matthew Yglesias;(vide);1
Total Matthew Yglesias;;1
Matthieu Aikins;business;1
Matthieu Aikins;science;
Matthieu Aikins;security;1
Matthieu Aikins;(vide);1
Total Matthieu Aikins;;3
Mattias Ljungman;business;1
Total Mattias Ljungman;;1
Maude Morrison;business;1
Total Maude Morrison;;1
Maureen Callahan;culture;2
Total Maureen Callahan;;2
Maureen Foley;(vide);1
Total Maureen Foley;;1
Maureen McDonagh;business;1
Total Maureen McDonagh;;1
Maurice Berger;(vide);1
Total Maurice Berger;;1
Maurice E. Stucke;gear;1
Total Maurice E. Stucke;;1
Maurice Martin;(vide);8
Total Maurice Martin;;8
Maurizio Pesce;gear;27
Total Maurizio Pesce;;27
Max Bernhard;culture;1
Max Bernhard;gear;1
Total Max Bernhard;;2
Max Castera;(vide);13
Total Max Castera;;13
Max Evry;culture;1
Total Max Evry;;1
Max G. Levy;biotech;1
Max G. Levy;business;1
Max G. Levy;environment;1
Max G. Levy;science;58
Total Max G. Levy;;61
Max Graham;science;1
Total Max Graham;;1
Max Jeffery;business;1
Total Max Jeffery;;1
Max Kutner;the big story;1
Total Max Kutner;;1
Max Levchin;the big story;1
Total Max Levchin;;1
Max Little;science;1
Total Max Little;;1
Max More;(vide);1
Total Max More;;1
Max Rosenthal;security;1
Total Max Rosenthal;;1
Max Tatton-Brown;business;1
Max Tatton-Brown;gear;1
Total Max Tatton-Brown;;2
Max Ufberg;culture;5
Max Ufberg;gear;1
Max Ufberg;science;1
Total Max Ufberg;;7
Max Whitby;(vide);2
Total Max Whitby;;2
Max Willens;business;1
Total Max Willens;;1
Maxime Beaudoin;the big story;1
Total Maxime Beaudoin;;1
May Jeong;the big story;1
Total May Jeong;;1
Maya Averbuch;the big story;1
Total Maya Averbuch;;1
Maya Rockeymoore;opinion;1
Total Maya Rockeymoore;;1
Maytal Eyal;business;1
Total Maytal Eyal;;1
Meadow Loft;(vide);1
Total Meadow Loft;;1
Meaghen Brown;culture;2
Total Meaghen Brown;;2
Medea Giordano;buying guides;1
Medea Giordano;culture;1
Medea Giordano;gear;109
Total Medea Giordano;;111
Meeri Haataja;ideas;1
Total Meeri Haataja;;1
Meg Carter;business;2
Total Meg Carter;;2
Meg Jones Wall;ideas;1
Total Meg Jones Wall;;1
Megan Adams;opinion;1
Total Megan Adams;;1
Megan Barnett;business;1
Total Megan Barnett;;1
Megan Carnegie;business;31
Megan Carnegie;tech culture;1
Total Megan Carnegie;;32
Megan Clement;science;1
Total Megan Clement;;1
Megan Farokhmanesh;business;1
Megan Farokhmanesh;culture;64
Total Megan Farokhmanesh;;65
Megan Garcia;business;1
Total Megan Garcia;;1
Megan Geuss;business;3
Megan Geuss;culture;2
Megan Geuss;(vide);5
Total Megan Geuss;;10
Megan Greenwell;business;20
Megan Greenwell;culture;1
Megan Greenwell;the big story;1
Total Megan Greenwell;;22
Megan Lindow;science;2
Total Megan Lindow;;2
Megan Logan;culture;4
Megan Logan;gear;29
Total Megan Logan;;33
Megan McCarthy;business;26
Megan McCarthy;culture;1
Total Megan McCarthy;;27
Megan Meyer;opinion;1
Total Megan Meyer;;1
Megan Miller;gear;1
Total Megan Miller;;1
Megan Molteni;business;2
Megan Molteni;culture;2
Megan Molteni;design;6
Megan Molteni;gear;1
Megan Molteni;science;399
Megan Molteni;the big story;1
Total Megan Molteni;;411
megan quinn;the big story;1
Total megan quinn;;1
Megan Tatum;business;2
Megan Tatum;science;5
Total Megan Tatum;;7
Megan Ward;ideas;1
Total Megan Ward;;1
Megan Watzke;culture;4
Megan Watzke;science;2
Total Megan Watzke;;6
Megha Bahree;transportation;1
Total Megha Bahree;;1
Meghan D. Rosen;science;1
Total Meghan D. Rosen;;1
Meghan Herbst;culture;6
Meghan Herbst;science;8
Meghan Herbst;the big story;1
Total Meghan Herbst;;15
Meghan Keane;business;114
Meghan Keane;culture;1
Total Meghan Keane;;115
Meghan O'Gieblyn;business;1
Meghan O'Gieblyn;ideas;23
Total Meghan O'Gieblyn;;24
Meghann Myers;(vide);3
Total Meghann Myers;;3
Meighan O'Toole;design;2
Total Meighan O'Toole;;2
Mejs Hasan;science;16
Total Mejs Hasan;;16
Melanie Canales;business;1
Melanie Canales;science;1
Total Melanie Canales;;2
Melanie Mitchell;artificial intelligence;1
Total Melanie Mitchell;;1
Melanie Ruiz;culture;2
Total Melanie Ruiz;;2
Melba Newsome;business;1
Melba Newsome;science;1
Total Melba Newsome;;2
Melinda Gates;business;1
Total Melinda Gates;;1
Melissa Cronin;science;1
Total Melissa Cronin;;1
Melissa Goldstein;(vide);1
Total Melissa Goldstein;;1
Melissa Maerz;(vide);1
Total Melissa Maerz;;1
Melissa Schorr;(vide);2
Total Melissa Schorr;;2
Melissa Wiley;(vide);29
Total Melissa Wiley;;29
Melody Schreiber;science;1
Total Melody Schreiber;;1
MeMe Kelly;gear;1
Total MeMe Kelly;;1
Menaka Wilhelm;science;13
Menaka Wilhelm;(vide);1
Total Menaka Wilhelm;;14
Meredith Broussard;ideas;1
Total Meredith Broussard;;1
Meredith Fore;science;3
Total Meredith Fore;;3
Meredith Rutland Bauer;the big story;1
Meredith Rutland Bauer;transportation;1
Total Meredith Rutland Bauer;;2
Meredith Talusan;the big story;2
Total Meredith Talusan;;2
Meredith Whittaker;business;
Total Meredith Whittaker;;
Meri Brin;(vide);4
Total Meri Brin;;4
Meriem Mahdhi;politics;1
Total Meriem Mahdhi;;1
Merle Kessler;(vide);1
Total Merle Kessler;;1
Mic Wright;business;2
Mic Wright;security;1
Total Mic Wright;;3
Micah Abrams;(vide);5
Total Micah Abrams;;5
Micah Schaffer;opinion;1
Total Micah Schaffer;;1
Micah Sifry;business;1
Total Micah Sifry;;1
Michael Abrams;(vide);2
Total Michael Abrams;;2
Michael Agresta;culture;1
Total Michael Agresta;;1
Michael Andersen;(vide);66
Total Michael Andersen;;66
Michael Ansaldo;gear;2
Total Michael Ansaldo;;2
Michael Antonoff;the big story;1
Total Michael Antonoff;;1
Michael Arceneaux;culture;1
Total Michael Arceneaux;;1
Michael Backes;(vide);2
Total Michael Backes;;2
Michael Balter;science;3
Total Michael Balter;;3
Michael Behar;(vide);24
Total Michael Behar;;24
Michael Belfiore;science;8
Michael Belfiore;security;13
Total Michael Belfiore;;21
Michael Blanding;business;1
Total Michael Blanding;;1
Michael Bond;the big story;1
Total Michael Bond;;1
Michael Bradbury;science;1
Total Michael Bradbury;;1
Michael Calore;business;86
Michael Calore;buying guides;1
Michael Calore;culture;39
Michael Calore;design;2
Michael Calore;gear;323
Michael Calore;science;1
Michael Calore;transportation;3
Michael Calore;trends;1
Michael Calore;(vide);737
Total Michael Calore;;1193
Michael Chorost;science;1
Michael Chorost;(vide);2
Total Michael Chorost;;3
Michael Citrome;(vide);1
Total Michael Citrome;;1
Michael Connor;business;1
Total Michael Connor;;1
Michael Conroy;gear;2
Michael Conroy;science;2
Michael Conroy;security;1
Total Michael Conroy;;5
Michael Cooper;(vide);2
Total Michael Cooper;;2
Michael Crawford;culture;1
Total Michael Crawford;;1
Michael Crichton;opinion;1
Total Michael Crichton;;1
Michael D. O'Neill;culture;1
Michael D. O'Neill;science;1
Total Michael D. O'Neill;;2
Michael Dempsey;security;1
Total Michael Dempsey;;1
Michael DeVonish;(vide);2
Total Michael DeVonish;;2
Michael Dumiak;science;1
Total Michael Dumiak;;1
Michael Duran;culture;2
Michael Duran;gear;26
Total Michael Duran;;28
Michael E. Ross;(vide);6
Total Michael E. Ross;;6
Michael Eisen;opinion;1
Total Michael Eisen;;1
Michael Eisenstein;science;1
Total Michael Eisenstein;;1
Michael Epstein;culture;1
Total Michael Epstein;;1
Michael Erard;(vide);2
Total Michael Erard;;2
Michael Fisher;culture;1
Total Michael Fisher;;1
Michael Fitzgerald;business;2
Michael Fitzgerald;gear;2
Total Michael Fitzgerald;;4
Michael Goldberg;(vide);6
Total Michael Goldberg;;6
Michael Gowan;(vide);2
Total Michael Gowan;;2
Michael Graetz;business;1
Total Michael Graetz;;1
Michael Grebb;business;25
Michael Grebb;culture;11
Michael Grebb;gear;7
Michael Grebb;science;8
Michael Grebb;security;47
Michael Grebb;(vide);5
Total Michael Grebb;;103
Michael Gross;culture;2
Total Michael Gross;;2
Michael Gruber;(vide);4
Total Michael Gruber;;4
Michael H Tunick;science;1
Total Michael H Tunick;;1
Michael H. Goldhaber;the big story;1
Total Michael H. Goldhaber;;1
Michael Hainey;culture;2
Total Michael Hainey;;2
Michael Hardy;photo;126
Michael Hardy;(vide);1
Total Michael Hardy;;127
Michael Harris;opinion;1
Total Michael Harris;;1
Michael Harrison;(vide);92
Total Michael Harrison;;92
Michael Harvey;gear;1
Total Michael Harvey;;1
Michael Hingston;science;1
Total Michael Hingston;;1
Michael Hodges;business;4
Michael Hodges;gear;1
Michael Hodges;science;1
Michael Hodges;the big story;1
Total Michael Hodges;;7
Michael Horn;opinion;1
Total Michael Horn;;1
Michael Hsu;gear;4
Total Michael Hsu;;4
Michael Hurd;(vide);1
Total Michael Hurd;;1
Michael Hutchinson;ideas;1
Total Michael Hutchinson;;1
Michael Isaac Stein;science;3
Total Michael Isaac Stein;;3
Michael J. Benton;science;1
Total Michael J. Benton;;1
Michael J. Joyner;opinion;1
Total Michael J. Joyner;;1
Michael J. Seidlinger;culture;4
Total Michael J. Seidlinger;;4
Michael J. Wolf;(vide);2
Total Michael J. Wolf;;2
Michael Kanellos;business;14
Total Michael Kanellos;;14
Michael Kaplan;business;1
Michael Kaplan;gear;1
Michael Kaplan;(vide);5
Total Michael Kaplan;;7
Michael Krantz;(vide);1
Total Michael Krantz;;1
Michael Kratsios;opinion;1
Total Michael Kratsios;;1
Michael Learmonth;(vide);3
Total Michael Learmonth;;3
Michael Lennon;culture;1
Michael Lennon;gear;3
Total Michael Lennon;;4
Michael Macrone;(vide);1
Total Michael Macrone;;1
Michael Mainelli;business;1
Total Michael Mainelli;;1
Michael McCole;gear;22
Total Michael McCole;;22
Michael Mechanic;(vide);3
Total Michael Mechanic;;3
Michael Meloan;(vide);2
Total Michael Meloan;;2
Michael Menduno;(vide);37
Total Michael Menduno;;37
Michael Murphy;culture;2
Michael Murphy;(vide);14
Total Michael Murphy;;16
Michael Myser;business;1
Michael Myser;culture;1
Michael Myser;gear;1
Michael Myser;science;3
Michael Myser;(vide);2
Total Michael Myser;;8
Michael Noer;(vide);8
Total Michael Noer;;8
Michael Parsons;business;2
Michael Parsons;culture;2
Total Michael Parsons;;4
Michael Peck;security;5
Total Michael Peck;;5
Michael Ray Taylor;science;1
Total Michael Ray Taylor;;1
Michael Rock;(vide);1
Total Michael Rock;;1
Michael Ruhlman;science;1
Total Michael Ruhlman;;1
Michael Rundle;business;172
Michael Rundle;culture;90
Michael Rundle;gear;22
Michael Rundle;science;69
Michael Rundle;security;10
Total Michael Rundle;;363
Michael S. Lasky;gear;7
Total Michael S. Lasky;;7
Michael S. Malone;(vide);7
Total Michael S. Malone;;7
Michael Salvador;culture;1
Total Michael Salvador;;1
Michael Sand;(vide);2
Total Michael Sand;;2
Michael Sawh;gear;6
Total Michael Sawh;;6
Michael Schrage;business;3
Michael Schrage;(vide);9
Total Michael Schrage;;12
Michael Schulson;science;1
Total Michael Schulson;;1
Michael Scott;(vide);1
Total Michael Scott;;1
Michael Sikorsky;business;1
Total Michael Sikorsky;;1
Michael Slezak;science;1
Total Michael Slezak;;1
Michael Solana;culture;1
Michael Solana;opinion;1
Total Michael Solana;;2
Michael Stroud;business;19
Michael Stroud;culture;104
Michael Stroud;gear;7
Michael Stroud;science;13
Michael Stroud;security;4
Total Michael Stroud;;147
Michael Stutz;business;2
Michael Stutz;culture;1
Michael Stutz;science;138
Michael Stutz;security;23
Michael Stutz;(vide);9
Total Michael Stutz;;173
Michael T. Osterholm;science;1
Total Michael T. Osterholm;;1
Michael Tanji;security;5
Total Michael Tanji;;5
Michael Thomsen;culture;1
Total Michael Thomsen;;1
Michael Tiemann;business;1
Total Michael Tiemann;;1
Michael V. Copeland;business;68
Michael V. Copeland;culture;1
Michael V. Copeland;(vide);2
Total Michael V. Copeland;;71
Michael Venables;(vide);45
Total Michael Venables;;45
Michael Venutolo-Mantovani;culture;1
Total Michael Venutolo-Mantovani;;1
Michael Wall;science;10
Total Michael Wall;;10
Michael Waters;ideas;8
Michael Waters;transportation;1
Total Michael Waters;;9
Michael Watts;business;2
Total Michael Watts;;2
Michael Winnick;business;2
Michael Winnick;science;1
Total Michael Winnick;;3
Michael Wofsey;(vide);1
Total Michael Wofsey;;1
Michael Wolff;security;1
Michael Wolff;(vide);2
Total Michael Wolff;;3
Michael Zimmer;opinion;1
Total Michael Zimmer;;1
Michal Luria;ideas;1
Total Michal Luria;;1
Micheal Behar;business;2
Total Micheal Behar;;2
Michele Bannister;science;1
Total Michele Bannister;;1
Michele Barbero;business;1
Michele Barbero;science;2
Michele Barbero;security;2
Total Michele Barbero;;5
Michele Bigley;culture;1
Total Michele Bigley;;1
Michele Cohen Marill;science;29
Total Michele Cohen Marill;;29
Michele Glode;science;1
Michele Glode;(vide);1
Total Michele Glode;;2
Michele Masneri;the big story;2
Total Michele Masneri;;2
Michele Rosen;business;2
Michele Rosen;security;2
Total Michele Rosen;;4
Michele Travierso;business;1
Michele Travierso;gear;5
Total Michele Travierso;;6
Michelle Dean;business;1
Total Michelle Dean;;1
Michelle Delgado;culture;1
Total Michelle Delgado;;1
Michelle Delio;business;109
Michelle Delio;culture;136
Michelle Delio;gear;41
Michelle Delio;science;143
Michelle Delio;security;91
Michelle Delio;(vide);2
Total Michelle Delio;;522
Michelle Delio Brad King;business;1
Total Michelle Delio Brad King;;1
Michelle Devereaux;(vide);1
Total Michelle Devereaux;;1
Michelle Diane McCrary;(vide);7
Total Michelle Diane McCrary;;7
Michelle Kennedy;ideas;2
Total Michelle Kennedy;;2
Michelle Konstantinovsky;science;1
Total Michelle Konstantinovsky;;1
Michelle Kung;culture;1
Total Michelle Kung;;1
Michelle Lujan Grisham;science;1
Total Michelle Lujan Grisham;;1
Michelle N. Meyer;opinion;1
Total Michelle N. Meyer;;1
Michelle Pentz;(vide);2
Total Michelle Pentz;;2
Michelle Phelan;gear;1
Total Michelle Phelan;;1
Michelle Quinn;(vide);1
Total Michelle Quinn;;1
Michelle Schoenung;culture;1
Total Michelle Schoenung;;1
Michelle Slatalla;(vide);2
Total Michelle Slatalla;;2
Michelle You;ideas;2
Total Michelle You;;2
Michelle Z. Donahue;culture;1
Michelle Z. Donahue;design;1
Total Michelle Z. Donahue;;2
Michiel Driebergen;gear;1
Total Michiel Driebergen;;1
Michio Kaku;(vide);1
Total Michio Kaku;;1
Michiru Yoshino;culture;1
Total Michiru Yoshino;;1
Mickey Butts;(vide);6
Total Mickey Butts;;6
Mico Tatalovic;science;1
Total Mico Tatalovic;;1
Mignon Clyburn;business;1
Total Mignon Clyburn;;1
Miguel Andrade;business;1
Total Miguel Andrade;;1
Miguel Helft;business;1
Miguel Helft;culture;1
Miguel Helft;science;67
Total Miguel Helft;;69
Miguel Lopez;culture;32
Total Miguel Lopez;;32
Miguel Sicart;business;1
Total Miguel Sicart;;1
Mika Belle;security;2
Total Mika Belle;;2
Mika McKinnon;culture;1
Mika McKinnon;science;10
Total Mika McKinnon;;11
Mikael Colville-Andersen;gear;1
Mikael Colville-Andersen;transportation;2
Total Mikael Colville-Andersen;;3
Mikaela Conley;health;1
Total Mikaela Conley;;1
Mike Ananny;ideas;1
Total Mike Ananny;;1
Mike Ansaldo;gear;144
Total Mike Ansaldo;;144
Mike Belleme;photo;1
Total Mike Belleme;;1
Mike Bracken;security;10
Total Mike Bracken;;10
Mike Britten;science;2
Total Mike Britten;;2
Mike Chen;the big story;1
Total Mike Chen;;1
Mike Dent;business;1
Mike Dent;culture;8
Mike Dent;gear;6
Total Mike Dent;;15
Mike Dolan;(vide);3
Total Mike Dolan;;3
Mike Drummond;(vide);1
Total Mike Drummond;;1
Mike Elkin;security;1
Total Mike Elkin;;1
Mike Gault;opinion;1
Total Mike Gault;;1
Mike Godwin;business;1
Mike Godwin;culture;1
Mike Godwin;security;2
Mike Godwin;(vide);6
Total Mike Godwin;;10
Mike Isaac;business;37
Mike Isaac;culture;3
Mike Isaac;design;1
Mike Isaac;gear;205
Total Mike Isaac;;246
Mike Isaac and Dylan Tweney;gear;1
Total Mike Isaac and Dylan Tweney;;1
Mike Jakeman;gear;1
Mike Jakeman;science;1
Total Mike Jakeman;;2
Mike Jennings;gear;3
Total Mike Jennings;;3
Mike Krieger;the big story;2
Total Mike Krieger;;2
Mike Lowe;business;2
Total Mike Lowe;;2
Mike Lynch;business;3
Total Mike Lynch;;3
Mike Masnick;opinion;1
Total Mike Masnick;;1
Mike McClelland;culture;1
Total Mike McClelland;;1
Mike Nowak;science;2
Mike Nowak;security;1
Total Mike Nowak;;3
Mike Olson;business;1
Mike Olson;design;2
Mike Olson;science;3
Mike Olson;(vide);8
Total Mike Olson;;14
Mike Orcutt;business;1
Total Mike Orcutt;;1
Mike Perry;(vide);2
Total Mike Perry;;2
Mike Romano;business;4
Mike Romano;culture;4
Mike Romano;(vide);4
Total Mike Romano;;12
Mike Ruocco;culture;1
Mike Ruocco;gear;1
Total Mike Ruocco;;2
Mike Ryan;(vide);4
Total Mike Ryan;;4
Mike Schroepfer;the big story;1
Total Mike Schroepfer;;1
Mike Selinker;culture;2
Mike Selinker;(vide);48
Total Mike Selinker;;50
Mike Senese;design;18
Mike Senese;gear;1
Mike Senese;(vide);2
Total Mike Senese;;21
Mike Spinelli;gear;5
Total Mike Spinelli;;5
Mike Steere;(vide);1
Total Mike Steere;;1
Mike Tanner;business;6
Mike Tanner;culture;107
Mike Tanner;security;2
Total Mike Tanner;;115
Mikeal Rogers;opinion;1
Total Mikeal Rogers;;1
Mikkel Krenchel;opinion;1
Total Mikkel Krenchel;;1
Mikki Halpin;(vide);1
Total Mikki Halpin;;1
Mikko Hyppönen;business;1
Total Mikko Hyppönen;;1
Mila Fiordalisi;science;4
Total Mila Fiordalisi;;4
Miles Brundage;ideas;1
Total Miles Brundage;;1
Millie Kerr;gear;1
Total Millie Kerr;;1
Mimi Kirk;science;1
Total Mimi Kirk;;1
Mira Rosenthal;business;1
Mira Rosenthal;culture;1
Total Mira Rosenthal;;2
Miran Pavic;gear;14
Total Miran Pavic;;14
Miranda Katz;business;7
Miranda Katz;culture;9
Miranda Katz;the big story;13
Miranda Katz;transportation;1
Total Miranda Katz;;30
Miranda Weiss;science;1
Total Miranda Weiss;;1
Miriam Berger;transportation;1
Total Miriam Berger;;1
Miriam Freedman;science;1
Total Miriam Freedman;;1
Miriam Shuchman;science;1
Total Miriam Shuchman;;1
Mischa Dohler;security;1
Total Mischa Dohler;;1
Misha Glenny;the big story;1
Misha Glenny;(vide);1
Total Misha Glenny;;2
Misiek Piskorski;business;1
Total Misiek Piskorski;;1
Missy Cummings;opinion;2
Total Missy Cummings;;2
Missy Schwartz;(vide);1
Total Missy Schwartz;;1
Mitch Leslie;science;1
Total Mitch Leslie;;1
Mitch Myers;culture;2
Mitch Myers;(vide);16
Total Mitch Myers;;18
Mitch Turck;the big story;1
Total Mitch Turck;;1
Mitch Wagner;security;1
Total Mitch Wagner;;1
Mitch Wallace;business;1
Mitch Wallace;culture;4
Mitch Wallace;gear;1
Total Mitch Wallace;;6
MITCHELL BAKER;opinion;1
Total MITCHELL BAKER;;1
Mitchell Kapor;(vide);1
Total Mitchell Kapor;;1
Miuccia Prada;(vide);1
Total Miuccia Prada;;1
Miyoko Ohtake;culture;14
Miyoko Ohtake;gear;1
Miyoko Ohtake;science;2
Total Miyoko Ohtake;;17
MJ Harnish;(vide);14
Total MJ Harnish;;14
mmaldon2;opinion;2
Total mmaldon2;;2
Mohamed Taha;ideas;1
Total Mohamed Taha;;1
Mohammad Ali;culture;1
Total Mohammad Ali;;1
Mohar Chatterjee, Brown Institute for Media Innovation and MuckRock’s Documenting COVID-19 Project;security;1
Total Mohar Chatterjee, Brown Institute for Media Innovation and MuckRock’s Documenting COVID-19 Project;;1
Mohit Mookim;ideas;1
Total Mohit Mookim;;1
Moira Donovan;science;1
Total Moira Donovan;;1
Moira Muldoon;culture;4
Moira Muldoon;security;4
Total Moira Muldoon;;8
Moises Mendoza;security;1
Total Moises Mendoza;;1
Moises Velasquez-Manoff;science;1
Moises Velasquez-Manoff;the big story;6
Total Moises Velasquez-Manoff;;7
Moj Mahdara;business;1
Total Moj Mahdara;;1
Molly Crockett;science;1
Total Molly Crockett;;1
Molly Davis;security;1
Total Molly Davis;;1
Molly Enking;science;1
Total Molly Enking;;1
Molly Higgins;gear;7
Total Molly Higgins;;7
Molly Jong-Fast;culture;1
Total Molly Jong-Fast;;1
Molly McHugh;business;3
Molly McHugh;culture;4
Molly McHugh;design;2
Molly McHugh;gear;158
Molly McHugh;security;1
Total Molly McHugh;;168
Molly McKew;ideas;1
Molly McKew;security;3
Total Molly McKew;;4
Molly Osberg;gear;1
Total Molly Osberg;;1
Molly Peterson;science;1
Total Molly Peterson;;1
Molly Schwartz, Wired UK;security;1
Total Molly Schwartz, Wired UK;;1
Molly Taft;science;2
Total Molly Taft;;2
Molly Wood;ideas;9
Total Molly Wood;;9
Molly Wright Steenson;culture;3
Molly Wright Steenson;security;2
Total Molly Wright Steenson;;5
Momo Chang;culture;1
Total Momo Chang;;1
Momus;culture;10
Total Momus;;10
Monica Byrne;culture;1
Total Monica Byrne;;1
Monica Gandhi;ideas;1
Total Monica Gandhi;;1
Monica Kim;culture;2
Monica Kim;(vide);1
Total Monica Kim;;3
Monica Langley;business;1
Total Monica Langley;;1
Monica M. Ruiz;ideas;2
Total Monica M. Ruiz;;2
Monica Murphy and Bill Wasik;science;1
Total Monica Murphy and Bill Wasik;;1
Monika Mondal;science;1
Total Monika Mondal;;1
Monique Brouillette;science;3
Total Monique Brouillette;;3
Monique Cuvelier;culture;1
Total Monique Cuvelier;;1
Monty Munford;culture;1
Monty Munford;gear;1
Total Monty Munford;;2
Monty Phan;culture;4
Total Monty Phan;;4
Monua Janah;(vide);1
Total Monua Janah;;1
Moran Cerf;business;1
Total Moran Cerf;;1
Mordechai Rorvig;science;1
Total Mordechai Rorvig;;1
Morgan Meaker;business;100
Morgan Meaker;culture;4
Morgan Meaker;science;4
Morgan Meaker;security;6
Total Morgan Meaker;;114
morgenpeck;the big story;2
Total morgenpeck;;2
Moses Milazzo;(vide);3
Total Moses Milazzo;;3
Mostafa M. El-Bermawy;business;1
Total Mostafa M. El-Bermawy;;1
Moty Cristal;business;1
Moty Cristal;security;3
Total Moty Cristal;;4
Moustafa Ayad;ideas;1
Moustafa Ayad;security;1
Total Moustafa Ayad;;2
Moxie Marlinspike;opinion;1
Total Moxie Marlinspike;;1
Muffins McScrunchyface;gear;1
Total Muffins McScrunchyface;;1
Muffy Srinivasan;(vide);2
Total Muffy Srinivasan;;2
Muhammad Yunus;business;1
Total Muhammad Yunus;;1
Muktha Jost;(vide);2
Total Muktha Jost;;2
Munyaradzi Makoni;science;1
Total Munyaradzi Makoni;;1
Murray Carpenter;opinion;1
Total Murray Carpenter;;1
Murray Leinster;(vide);1
Total Murray Leinster;;1
Mustafa Al-Bassam;security;1
Total Mustafa Al-Bassam;;1
Mustafa Suleyman;business;2
Mustafa Suleyman;ideas;2
Total Mustafa Suleyman;;4
Mustapha Wai;gear;1
Total Mustapha Wai;;1
Myrna Chiu;science;1
Total Myrna Chiu;;1
N. K. JEMISIN;culture;1
Total N. K. JEMISIN;;1
Nabeel Gillani;ideas;1
Total Nabeel Gillani;;1
Nabeel S. Qureshi;ideas;1
Total Nabeel S. Qureshi;;1
Nadav Savio;(vide);1
Total Nadav Savio;;1
Nadeem Sarwar;science;1
Total Nadeem Sarwar;;1
Nadia Asparouhova;ideas;1
Total Nadia Asparouhova;;1
Nadia Drake;gear;3
Nadia Drake;science;164
Nadia Drake;(vide);2
Total Nadia Drake;;169
Nadya Labi;business;1
Nadya Labi;culture;1
Nadya Labi;the big story;1
Total Nadya Labi;;3
Nan Chase;science;2
Total Nan Chase;;2
Nancy Baym;culture;1
Total Nancy Baym;;1
Nancy Gohring;gear;1
Nancy Gohring;science;1
Total Nancy Gohring;;2
Nancy Jainchill;culture;1
Total Nancy Jainchill;;1
Nancy Jo Sales;ideas;1
Total Nancy Jo Sales;;1
Nancy Kalow;(vide);1
Total Nancy Kalow;;1
Nancy Kamp;science;2
Total Nancy Kamp;;2
Nancy Miller;culture;7
Nancy Miller;science;1
Nancy Miller;(vide);1
Total Nancy Miller;;9
Nancy Scola;the big story;2
Total Nancy Scola;;2
Nandini Balial;culture;1
Total Nandini Balial;;1
Naomi Larsson;culture;1
Total Naomi Larsson;;1
Naomi Moris;ideas;1
Total Naomi Moris;;1
Nassia Matsa;culture;1
Total Nassia Matsa;;1
Nassim N. Taleb;opinion;1
Total Nassim N. Taleb;;1
Nat Watkins;ideas;1
Total Nat Watkins;;1
Natali Del Conte;business;1
Total Natali Del Conte;;1
Natalia Kucirkova;culture;2
Natalia Kucirkova;ideas;1
Natalia Kucirkova;science;2
Total Natalia Kucirkova;;5
Natalie Baker;business;1
Total Natalie Baker;;1
Natalie Chyi;ideas;1
Total Natalie Chyi;;1
Natalie Healey;business;1
Natalie Healey;culture;1
Natalie Healey;health;1
Natalie Healey;science;3
Total Natalie Healey;;6
Natalie Massenet;culture;1
Total Natalie Massenet;;1
Natalie Prosin;opinion;1
Total Natalie Prosin;;1
Natalie Schreyer;science;1
Total Natalie Schreyer;;1
Natalie Schriefer;culture;2
Total Natalie Schriefer;;2
Natalie Warady;(vide);3
Total Natalie Warady;;3
Natalie Wolchover;science;84
Total Natalie Wolchover;;84
Natalie Wolchover and Peter Byrne;science;1
Total Natalie Wolchover and Peter Byrne;;1
Natalie Woolman;culture;1
Total Natalie Woolman;;1
Natalya Paul;gear;1
Natalya Paul;science;1
Total Natalya Paul;;2
Natania Barron;culture;1
Natania Barron;(vide);88
Total Natania Barron;;89
Natasha Bernal;business;52
Natasha Bernal;culture;1
Natasha Bernal;gear;1
Natasha Bernal;ideas;2
Natasha Bernal;science;9
Natasha Bernal;the big story;3
Total Natasha Bernal;;68
Natasha Bernal, WIRED UK;business;2
Natasha Bernal, WIRED UK;gear;1
Total Natasha Bernal, WIRED UK;;3
Natasha Gilbert;science;1
Total Natasha Gilbert;;1
Natasha Wanchek;security;2
Total Natasha Wanchek;;2
Nate Anderson, Ars Technica;business;13
Nate Anderson, Ars Technica;security;4
Total Nate Anderson, Ars Technica;;17
Nate Berg;culture;1
Nate Berg;design;1
Nate Berg;(vide);3
Total Nate Berg;;5
Nate Goldman;culture;10
Total Nate Goldman;;10
Nate Greenslit;science;1
Total Nate Greenslit;;1
Nate Lanxon;business;85
Nate Lanxon;culture;22
Nate Lanxon;gear;14
Nate Lanxon;science;10
Total Nate Lanxon;;131
Nate Ralph;business;3
Nate Ralph;culture;118
Nate Ralph;gear;1
Total Nate Ralph;;122
Nathalie Wolchover;science;1
Total Nathalie Wolchover;;1
Nathan Barry;culture;1
Nathan Barry;(vide);98
Total Nathan Barry;;99
Nathan Bruschi;opinion;1
Total Nathan Bruschi;;1
Nathan Hill;business;1
Total Nathan Hill;;1
Nathan Hodge;security;540
Total Nathan Hodge;;540
Nathan Hurst;business;1
Nathan Hurst;culture;4
Nathan Hurst;design;84
Nathan Hurst;gear;16
Total Nathan Hurst;;105
Nathan Jurgenson;security;1
Total Nathan Jurgenson;;1
Nathan Matisse;(vide);1
Total Nathan Matisse;;1
Nathan Mattise;culture;25
Nathan Mattise;gear;1
Nathan Mattise;science;3
Nathan Mattise;(vide);17
Total Nathan Mattise;;46
Nathan Myhrvoldby Liane M. Gaboraby Andrew L. Shapiroby Douglas Barnesby Bill Brazell;(vide);1
Total Nathan Myhrvoldby Liane M. Gaboraby Andrew L. Shapiroby Douglas Barnesby Bill Brazell;;1
Nathan N. Eagle;(vide);1
Total Nathan N. Eagle;;1
Nathan Olivarez-Giles;business;1
Nathan Olivarez-Giles;gear;136
Total Nathan Olivarez-Giles;;137
Nathan Proctor;gear;1
Nathan Proctor;security;1
Total Nathan Proctor;;2
Nathan Schneider;ideas;1
Total Nathan Schneider;;1
Nathan Seppa, Science News;science;7
Total Nathan Seppa, Science News;;7
Nathan Shedroff;(vide);1
Total Nathan Shedroff;;1
Nathan Smith;culture;1
Total Nathan Smith;;1
Nathan T Washburn;opinion;1
Total Nathan T Washburn;;1
Nathan_Mattise;(vide);21
Total Nathan_Mattise;;21
Nathanael Johnson;opinion;1
Nathanael Johnson;science;6
Total Nathanael Johnson;;7
Nathaniel Beach-Westmoreland;opinion;1
Total Nathaniel Beach-Westmoreland;;1
Nathaniel Rich;culture;1
Total Nathaniel Rich;;1
Nathaniel Tkacz;business;1
Total Nathaniel Tkacz;;1
Naveen Lamba, Global Industry Lead for Intelligent Transportation, IBM;gear;2
Total Naveen Lamba, Global Industry Lead for Intelligent Transportation, IBM;;2
Nayanah Siva;business;1
Nayanah Siva;culture;1
Nayanah Siva;science;1
Total Nayanah Siva;;3
Neal Pollack;business;2
Neal Pollack;science;1
Neal Pollack;(vide);4
Total Neal Pollack;;7
Neal Stephenson;business;1
Neal Stephenson;opinion;1
Neal Stephenson;the big story;1
Neal Stephenson;(vide);2
Total Neal Stephenson;;5
Ned Brainard;business;14
Ned Brainard;(vide);6
Total Ned Brainard;;20
Ned Randolph;culture;1
Total Ned Randolph;;1
Ned Zimmerman-Bence;(vide);2
Total Ned Zimmerman-Bence;;2
Neda Raouf;culture;2
Total Neda Raouf;;2
Neda Taghinejadi;ideas;1
Total Neda Taghinejadi;;1
Neel Patel;science;35
Total Neel Patel;;35
Neel V Patel;business;1
Total Neel V Patel;;1
Negar Mottahedeh;the big story;1
Total Negar Mottahedeh;;1
Neha Chaudhary;ideas;1
Total Neha Chaudhary;;1
Neha Mukherjee;science;1
Total Neha Mukherjee;;1
Neha Palmer;ideas;1
Total Neha Palmer;;1
Neil Cummings;culture;1
Total Neil Cummings;;1
Neil Harris;business;1
Total Neil Harris;;1
Neil Janowitz;culture;3
Total Neil Janowitz;;3
Neil McManus;(vide);7
Total Neil McManus;;7
Neil Richards;business;1
Neil Richards;security;1
Total Neil Richards;;2
Neil Selkirk;(vide);1
Total Neil Selkirk;;1
Neil Singh;the big story;1
Total Neil Singh;;1
Nelson C.J.;culture;1
Total Nelson C.J.;;1
Nemonte Nenquimo;environment;
Total Nemonte Nenquimo;;
Nena Farrell;and my axe;1
Nena Farrell;deals;3
Nena Farrell;gear;41
Total Nena Farrell;;45
Nessa Carey;science;1
Total Nessa Carey;;1
Network World Staff;business;3
Total Network World Staff;;3
Networked Insights;business;1
Total Networked Insights;;1
NextFest Staff;science;1
Total NextFest Staff;;1
Niall McKay;business;18
Niall McKay;culture;20
Niall McKay;science;47
Niall McKay;security;47
Niall McKay;(vide);8
Total Niall McKay;;140
Niamh McIntyre;business;1
Total Niamh McIntyre;;1
Niamh Rowe;business;1
Total Niamh Rowe;;1
Nic Cavell;science;4
Total Nic Cavell;;4
Nicco Mele;opinion;1
Total Nicco Mele;;1
Nicholas Carr;business;3
Total Nicholas Carr;;3
Nicholas De Monchaux;ideas;1
Total Nicholas De Monchaux;;1
Nicholas Economides;business;1
Total Nicholas Economides;;1
Nicholas Epley;business;1
Total Nicholas Epley;;1
Nicholas G. Carr;(vide);1
Total Nicholas G. Carr;;1
Nicholas Johnson;(vide);1
Total Nicholas Johnson;;1
Nicholas Kusnetz;science;1
Total Nicholas Kusnetz;;1
Nicholas Mancall-Bitel;business;1
Total Nicholas Mancall-Bitel;;1
Nicholas Morehead;business;1
Nicholas Morehead;security;1
Total Nicholas Morehead;;2
Nicholas Negroponte;the big story;1
Nicholas Negroponte;(vide);70
Total Nicholas Negroponte;;71
Nicholas Quah;culture;1
Total Nicholas Quah;;1
Nicholas Schager;culture;1
Total Nicholas Schager;;1
Nicholas Stubbs;science;3
Total Nicholas Stubbs;;3
Nicholas Thompson;business;61
Nicholas Thompson;culture;3
Nicholas Thompson;culture news;1
Nicholas Thompson;gear;3
Nicholas Thompson;ideas;1
Nicholas Thompson;science;9
Nicholas Thompson;security;16
Nicholas Thompson;the big story;5
Nicholas Thompson;(vide);8
Total Nicholas Thompson;;107
Nicholas Tufnell;business;19
Nicholas Tufnell;culture;4
Nicholas Tufnell;science;26
Nicholas Tufnell;security;2
Total Nicholas Tufnell;;51
Nick Beard;(vide);2
Total Nick Beard;;2
Nick Beim;business;1
Total Nick Beim;;1
Nick Bowden;culture;1
Total Nick Bowden;;1
Nick Compton;business;3
Nick Compton;culture;4
Total Nick Compton;;7
Nick D'Aloisio;business;1
Total Nick D'Aloisio;;1
Nick Douglas;gear;1
Total Nick Douglas;;1
Nick Francis;business;1
Total Nick Francis;;1
Nick Kazden;culture;1
Total Nick Kazden;;1
Nick Montfort;(vide);6
Total Nick Montfort;;6
Nick Pearce;business;1
Total Nick Pearce;;1
Nick Philip;(vide);1
Total Nick Philip;;1
Nick Routledge;(vide);1
Total Nick Routledge;;1
Nick Ryan;culture;1
Total Nick Ryan;;1
Nick Sibilla;business;1
Total Nick Sibilla;;1
Nick Stockton;business;3
Nick Stockton;culture;1
Nick Stockton;gear;11
Nick Stockton;photo;2
Nick Stockton;science;537
Nick Stockton;security;3
Nick Stockton;the big story;1
Nick Stockton;transportation;23
Total Nick Stockton;;581
Nick Thompson;gear;1
Nick Thompson;the big story;1
Total Nick Thompson;;2
Nick Veronin;culture;5
Nick Veronin;(vide);2
Total Nick Veronin;;7
Nick Wachira;business;1
Nick Wachira;gear;2
Total Nick Wachira;;3
Nick Wadhams;(vide);1
Total Nick Wadhams;;1
Nick Wolven;culture;1
Total Nick Wolven;;1
Nico Sell;business;1
Nico Sell;security;1
Total Nico Sell;;2
Nicola Davis;science;1
Total Nicola Davis;;1
Nicola Davison;science;3
Nicola Davison;the big story;2
Total Nicola Davison;;5
Nicola Jones;science;3
Total Nicola Jones;;3
Nicola Smith;opinion;1
Total Nicola Smith;;1
Nicola Twilley;science;2
Nicola Twilley;the big story;1
Total Nicola Twilley;;3
Nicolas Harle;culture;1
Total Nicolas Harle;;1
Nicolas Stecher;design;2
Nicolas Stecher;transportation;3
Nicolas Stecher;(vide);1
Total Nicolas Stecher;;6
Nicolas Weaver;opinion;3
Total Nicolas Weaver;;3
Nicole Boose;(vide);3
Total Nicole Boose;;3
Nicole Gull McElroy;gear;3
Total Nicole Gull McElroy;;3
Nicole Kinning;gear;1
Total Nicole Kinning;;1
Nicole Kobie;business;128
Nicole Kobie;culture;33
Nicole Kobie;gear;4
Nicole Kobie;science;50
Nicole Kobie;security;33
Nicole Kobie;the big story;1
Nicole Kobie;transportation;1
Total Nicole Kobie;;250
Nicole Lee;culture;1
Nicole Lee;(vide);1
Total Nicole Lee;;2
Nicole Martinelli;business;1
Nicole Martinelli;culture;5
Nicole Martinelli;science;1
Nicole Martinelli;security;1
Total Nicole Martinelli;;8
Nicole Pajer;the big story;1
Total Nicole Pajer;;1
Nicole Perlroth;security;1
Total Nicole Perlroth;;1
Nicole Phelps, Vogue;culture;1
Total Nicole Phelps, Vogue;;1
Nicole Tisdale;security;1
Total Nicole Tisdale;;1
Nicole VanDenBergh;gear;1
Total Nicole VanDenBergh;;1
Nicole Wakelin;culture;1
Nicole Wakelin;(vide);87
Total Nicole Wakelin;;88
Nicole Wilke;business;2
Total Nicole Wilke;;2
Nigel Burke;(vide);1
Total Nigel Burke;;1
Nigel Shadbolt;business;2
Total Nigel Shadbolt;;2
Nigel Watson;science;1
Total Nigel Watson;;1
Nihal Tharoor;culture;1
Total Nihal Tharoor;;1
Nika Simovich Fisher;ideas;1
Total Nika Simovich Fisher;;1
Nikhil Pahwa;security;1
Total Nikhil Pahwa;;1
Nikhil Swaminathan;science;1
Nikhil Swaminathan;the big story;1
Total Nikhil Swaminathan;;2
Nikil Saval;design;1
Total Nikil Saval;;1
Nikki Campo;culture;1
Nikki Campo;gear;1
Total Nikki Campo;;2
Nikki Pfarr;design;1
Total Nikki Pfarr;;1
Niklas Zennström;business;2
Total Niklas Zennström;;2
Nikolas Adair;(vide);1
Total Nikolas Adair;;1
Nilesh Christopher;politics;1
Nilesh Christopher;security;2
Nilesh Christopher;the big story;1
Total Nilesh Christopher;;4
Nimrod Kamer;business;1
Total Nimrod Kamer;;1
Nina Corcoran;culture;2
Total Nina Corcoran;;2
Nina Jankowicz;ideas;2
Total Nina Jankowicz;;2
Nina Lakhani;science;1
Total Nina Lakhani;;1
Nina Martin;(vide);1
Total Nina Martin;;1
Nina Martyris;design;1
Total Nina Martyris;;1
Nina Schick;culture;1
Total Nina Schick;;1
Nina Shariff;science;1
Total Nina Shariff;;1
Nir Eyal;business;2
Total Nir Eyal;;2
Nisha Giridharan;science;1
Total Nisha Giridharan;;1
Nisi Shawl;culture;1
Total Nisi Shawl;;1
Nita Farahany;ideas;1
Total Nita Farahany;;1
Nitasha Tiku;business;159
Nitasha Tiku;culture;3
Nitasha Tiku;security;1
Nitasha Tiku;the big story;1
Total Nitasha Tiku;;164
Noah Berlatsky;culture;3
Total Noah Berlatsky;;3
Noah Charney;security;1
Total Noah Charney;;1
Noah Davis;culture;1
Total Noah Davis;;1
Noah Giansiracusa;ideas;1
Total Noah Giansiracusa;;1
Noah Gittell;culture;1
Total Noah Gittell;;1
Noah Gray;science;1
Total Noah Gray;;1
Noah Haber;ideas;1
Total Noah Haber;;1
Noah Hawley;(vide);2
Total Noah Hawley;;2
Noah Rabinowitz;the big story;1
Total Noah Rabinowitz;;1
Noah Sather;opinion;1
Total Noah Sather;;1
Noah Shachtman;business;47
Noah Shachtman;culture;85
Noah Shachtman;gear;9
Noah Shachtman;science;48
Noah Shachtman;security;1650
Noah Shachtman;transportation;1
Noah Shachtman;(vide);15
Total Noah Shachtman;;1855
Noah Shachtman and Lena Groeger;security;1
Total Noah Shachtman and Lena Groeger;;1
Noah Shachtman and Spencer Ackerman;security;16
Total Noah Shachtman and Spencer Ackerman;;16
Noah Shachtman Ryan Singel;business;1
Total Noah Shachtman Ryan Singel;;1
Noam Bardin;business;1
Total Noam Bardin;;1
Noam Cohen;ideas;35
Noam Cohen;the big story;2
Total Noam Cohen;;37
Nobuyuki Hayashi;gear;2
Total Nobuyuki Hayashi;;2
Noelle Mateer;the big story;1
Total Noelle Mateer;;1
Noelle Perdue;ideas;1
Total Noelle Perdue;;1
Nola Taylor Redd;science;1
Total Nola Taylor Redd;;1
Nora Isaacs;business;2
Nora Isaacs;culture;10
Nora Isaacs;science;2
Total Nora Isaacs;;14
Norm Augustine;opinion;1
Total Norm Augustine;;1
Norman Weinstein;culture;3
Norman Weinstein;(vide);11
Total Norman Weinstein;;14
Nurie Mohamed;business;4
Nurie Mohamed;culture;13
Nurie Mohamed;gear;3
Nurie Mohamed;photo;1
Nurie Mohamed;science;1
Total Nurie Mohamed;;22
O.M.;(vide);1
Total O.M.;;1
Odanga Madung;ideas;3
Total Odanga Madung;;3
Ogi Ogas;opinion;1
Total Ogi Ogas;;1
Olaf J. Groth;business;1
Total Olaf J. Groth;;1
Olafur Ragnar Grimsson;business;1
Total Olafur Ragnar Grimsson;;1
Olatunji Olaigbe;business;1
Olatunji Olaigbe;security;1
Total Olatunji Olaigbe;;2
Ole Ellekrog;science;1
Total Ole Ellekrog;;1
Olesya Turkina;science;1
Total Olesya Turkina;;1
Olive Heffernan;the big story;1
Total Olive Heffernan;;1
Oliver Bennett;science;1
Total Oliver Bennett;;1
Oliver Burkeman;business;1
Total Oliver Burkeman;;1
Oliver Franklin-Wallis;business;123
Oliver Franklin-Wallis;culture;94
Oliver Franklin-Wallis;gear;19
Oliver Franklin-Wallis;science;25
Oliver Franklin-Wallis;security;3
Oliver Franklin-Wallis;the big story;7
Total Oliver Franklin-Wallis;;271
Oliver Franklin-Wallis, Wired UK;science;1
Total Oliver Franklin-Wallis, Wired UK;;1
Oliver Franklin, Duncan Geere;business;1
Total Oliver Franklin, Duncan Geere;;1
Oliver Milman;ideas;1
Oliver Milman;science;16
Total Oliver Milman;;17
Oliver Morton;science;2
Oliver Morton;(vide);18
Total Oliver Morton;;20
Oliver Patel;business;1
Total Oliver Patel;;1
Oliver Wainwright;culture;1
Oliver Wainwright;science;1
Total Oliver Wainwright;;2
Oliver-James Campbell;gear;1
Total Oliver-James Campbell;;1
Olivia Koski;business;1
Olivia Koski;culture;2
Olivia Koski;security;3
Olivia Koski;(vide);4
Total Olivia Koski;;10
Olivia Sanchez;business;1
Total Olivia Sanchez;;1
Olivia Snow;ideas;3
Total Olivia Snow;;3
Olivia Solon;business;190
Olivia Solon;culture;81
Olivia Solon;design;2
Olivia Solon;gear;7
Olivia Solon;science;88
Olivia Solon;security;8
Olivia Solon;the big story;1
Total Olivia Solon;;377
Olivia Solon - Wired UK;design;1
Total Olivia Solon - Wired UK;;1
Olivia Solon - WiredUK;design;1
Total Olivia Solon - WiredUK;;1
Olivia Sudjic;culture;1
Total Olivia Sudjic;;1
Olivier Knox;(vide);1
Total Olivier Knox;;1
Olly Figg;science;1
Total Olly Figg;;1
Olly Richards;culture;2
Olly Richards;science;1
Total Olly Richards;;3
Olof Schybergson;design;1
Total Olof Schybergson;;1
Om Malik;gear;1
Om Malik;the big story;1
Total Om Malik;;2
Omar Al-Ubaydli;ideas;1
Total Omar Al-Ubaydli;;1
Omar Chaudhuri;business;1
Omar Chaudhuri;culture;1
Omar Chaudhuri;gear;6
Total Omar Chaudhuri;;8
Omar Kholeif;business;1
Total Omar Kholeif;;1
Omar L. Gallaga;business;4
Omar L. Gallaga;culture;
Omar L. Gallaga;gear;11
Omar L. Gallaga;security;3
Total Omar L. Gallaga;;18
Omar Mouallem;business;1
Omar Mouallem;science;1
Total Omar Mouallem;;2
Omer Benjakob;business;1
Omer Benjakob;culture;1
Omer Benjakob;science;1
Omer Benjakob;security;1
Total Omer Benjakob;;4
Ondi Timoner;culture;1
Total Ondi Timoner;;1
Oren Etzioni;business;1
Oren Etzioni;ideas;1
Oren Etzioni;opinion;1
Oren Etzioni;the big story;1
Total Oren Etzioni;;4
Oren Katzeff;(vide);2
Total Oren Katzeff;;2
Orion Hindawi;security;1
Total Orion Hindawi;;1
Orit Kopel;business;1
Total Orit Kopel;;1
Orlando Mendiola;gear;3
Total Orlando Mendiola;;3
Orrin Hatch;business;1
Total Orrin Hatch;;1
Orville Schell;(vide);2
Total Orville Schell;;2
Os Keyes;ideas;1
Total Os Keyes;;1
Oscar Raymundo;security;1
Total Oscar Raymundo;;1
Oscar S. Cisneros;business;9
Oscar S. Cisneros;culture;18
Oscar S. Cisneros;science;20
Oscar S. Cisneros;security;30
Total Oscar S. Cisneros;;77
Oscar Schwartz;the big story;2
Total Oscar Schwartz;;2
Owen Faraday;business;2
Total Owen Faraday;;2
Owen Good;security;1
Total Owen Good;;1
Owen Linzmayer;gear;2
Total Owen Linzmayer;;2
Owen Linzmayer and Ryan Singel;business;1
Total Owen Linzmayer and Ryan Singel;;1
Owen Poindexter;business;1
Owen Poindexter;gear;1
Total Owen Poindexter;;2
Owen Thomas;culture;1
Owen Thomas;science;2
Owen Thomas;security;1
Total Owen Thomas;;4
P. W. Singer;business;1
P. W. Singer;opinion;1
Total P. W. Singer;;2
P.K. French;culture;2
Total P.K. French;;2
Pablo Picasso;(vide);2
Total Pablo Picasso;;2
Paco Xander Nathan;(vide);1
Total Paco Xander Nathan;;1
Pahull Bains;culture;1
Total Pahull Bains;;1
Paige Lyman;culture;4
Total Paige Lyman;;4
Paige McClanahan;gear;1
Total Paige McClanahan;;1
Paige Williams;business;1
Total Paige Williams;;1
Pamela Appea;gear;1
Total Pamela Appea;;1
Pamela J. Hobart;ideas;1
Total Pamela J. Hobart;;1
Pamela Mahoney Tsigdinos;opinion;1
Pamela Mahoney Tsigdinos;science;1
Total Pamela Mahoney Tsigdinos;;2
Pamela McCorduck;the big story;1
Pamela McCorduck;(vide);1
Total Pamela McCorduck;;2
Pamela Samuelson;security;4
Pamela Samuelson;(vide);2
Total Pamela Samuelson;;6
Pamela Statz;culture;19
Pamela Statz;gear;1
Pamela Statz;(vide);582
Total Pamela Statz;;602
Panu Raty;(vide);1
Total Panu Raty;;1
Paola Bonfanti;science;1
Total Paola Bonfanti;;1
Paola Rosa-Aquino;ideas;1
Total Paola Rosa-Aquino;;1
Paolo Armelli;gear;1
Total Paolo Armelli;;1
Paolo Bacigalupi;culture;2
Total Paolo Bacigalupi;;2
Parag Khanna;business;1
Parag Khanna;ideas;2
Total Parag Khanna;;3
Paresh Dave;business;61
Total Paresh Dave;;61
Paris Martineau;business;87
Paris Martineau;gear;1
Paris Martineau;security;1
Total Paris Martineau;;89
Paris Marx;ideas;1
Total Paris Marx;;1
Parker Hall;buying guides;1
Parker Hall;gear;59
Total Parker Hall;;60
Parker Higgins;opinion;2
Total Parker Higgins;;2
Parmy Olson;security;1
Total Parmy Olson;;1
Parni Ray;business;1
Total Parni Ray;;1
Parth M.N.;business;6
Total Parth M.N.;;6
Pat Blashill;(vide);5
Total Pat Blashill;;5
Patick Symmes;(vide);1
Total Patick Symmes;;1
Patrice Peck;culture;1
Total Patrice Peck;;1
Patricia Krueger;(vide);13
Total Patricia Krueger;;13
Patricia Lewis;security;1
Total Patricia Lewis;;1
Patricia Vollmer;(vide);79
Total Patricia Vollmer;;79
Patrick Barber;(vide);3
Total Patrick Barber;;3
Patrick Cain;culture;1
Patrick Cain;photo;2
Total Patrick Cain;;3
Patrick Di Justo;business;3
Patrick Di Justo;culture;13
Patrick Di Justo;gear;9
Patrick Di Justo;science;23
Patrick Di Justo;security;4
Patrick Di Justo;(vide);29
Total Patrick Di Justo;;81
Patrick Dixon;business;1
Patrick Dixon;science;1
Total Patrick Dixon;;2
Patrick Farrell;business;1
Patrick Farrell;culture;7
Patrick Farrell;design;3
Patrick Farrell;gear;2
Patrick Farrell;photo;1
Patrick Farrell;science;1
Patrick Farrell;transportation;1
Total Patrick Farrell;;16
Patrick Gray;culture;4
Patrick Gray;gear;1
Patrick Gray;opinion;1
Patrick Gray;science;1
Patrick Gray;security;1
Total Patrick Gray;;8
Patrick Harrington;culture;1
Total Patrick Harrington;;1
Patrick Honner;science;3
Total Patrick Honner;;3
Patrick Hutchison;culture;1
Total Patrick Hutchison;;1
Patrick Johnson;science;1
Total Patrick Johnson;;1
Patrick Karle;gear;1
Patrick Karle;science;1
Total Patrick Karle;;2
Patrick Kingsley;business;2
Patrick Kingsley;gear;1
Patrick Kingsley;science;1
Total Patrick Kingsley;;4
Patrick Kroupa;(vide);1
Total Patrick Kroupa;;1
Patrick Lin;gear;2
Patrick Lin;opinion;1
Total Patrick Lin;;3
Patrick McGee;business;1
Patrick McGee;science;1
Total Patrick McGee;;2
Patrick Orndorff;(vide);52
Total Patrick Orndorff;;52
Patrick Radden Keefe;(vide);1
Total Patrick Radden Keefe;;1
Patrick Shaw;culture;19
Total Patrick Shaw;;19
Patrick Symmes;(vide);5
Total Patrick Symmes;;5
PatrickZWang;gear;1
Total PatrickZWang;;1
Pattie Maes;business;1
Total Pattie Maes;;1
Patton Oswalt;(vide);1
Total Patton Oswalt;;1
Patty Oey;security;1
Total Patty Oey;;1
Paul;(vide);1
Total Paul;;1
Paul A. Eisenstein;(vide);2
Total Paul A. Eisenstein;;2
Paul Adams;business;2
Paul Adams;culture;2
Paul Adams;gear;1
Paul Adams;(vide);59
Total Paul Adams;;64
Paul Bacon;(vide);1
Total Paul Bacon;;1
Paul Ballas;opinion;1
Paul Ballas;science;1
Total Paul Ballas;;2
Paul Beddoe-Stephens;business;2
Paul Beddoe-Stephens;culture;8
Total Paul Beddoe-Stephens;;10
Paul Bennett;culture;1
Paul Bennett;science;3
Paul Bennett;(vide);20
Total Paul Bennett;;24
Paul Bennun;culture;1
Paul Bennun;(vide);1
Total Paul Bennun;;2
Paul Berger;science;1
Total Paul Berger;;1
Paul Bissex;science;2
Paul Bissex;(vide);4
Total Paul Bissex;;6
Paul Boutin;business;32
Paul Boutin;culture;16
Paul Boutin;gear;5
Paul Boutin;science;18
Paul Boutin;security;5
Paul Boutin;(vide);74
Total Paul Boutin;;150
Paul Buckley;culture;1
Total Paul Buckley;;1
Paul Chaplin;(vide);8
Total Paul Chaplin;;8
Paul D. Kretkowski;business;4
Total Paul D. Kretkowski;;4
Paul D. Lehrman;(vide);2
Total Paul D. Lehrman;;2
Paul Di Filippo;(vide);2
Total Paul Di Filippo;;2
Paul Dolan;science;1
Total Paul Dolan;;1
Paul Dolan & Kate Laffan;business;1
Total Paul Dolan & Kate Laffan;;1
Paul Elliman;(vide);1
Total Paul Elliman;;1
Paul Ford;business;
Paul Ford;ideas;26
Paul Ford;the big story;1
Paul Ford;(vide);1
Total Paul Ford;;28
Paul Gabrielsen;science;1
Total Paul Gabrielsen;;1
Paul Govan;business;2
Paul Govan;(vide);12
Total Paul Govan;;14
Paul Graham;(vide);1
Total Paul Graham;;1
Paul Hanford;culture;1
Total Paul Hanford;;1
Paul Hockenos;science;2
Total Paul Hockenos;;2
Paul Hoffman;(vide);1
Total Paul Hoffman;;1
Paul Jones;(vide);4
Total Paul Jones;;4
Paul Kedrosky;culture;1
Paul Kedrosky;opinion;1
Paul Kedrosky;science;1
Paul Kedrosky;(vide);6
Total Paul Kedrosky;;9
Paul Knoepfler;opinion;1
Total Paul Knoepfler;;1
Paul Kotler;design;1
Total Paul Kotler;;1
Paul Kunkel;(vide);2
Total Paul Kunkel;;2
Paul Lavin;culture;1
Total Paul Lavin;;1
Paul Levinson;culture;1
Paul Levinson;science;2
Paul Levinson;(vide);5
Total Paul Levinson;;8
Paul Lukas;(vide);1
Total Paul Lukas;;1
Paul M. Barrett;opinion;1
Total Paul M. Barrett;;1
Paul McCarthy;(vide);1
Total Paul McCarthy;;1
Paul Nunes;(vide);1
Total Paul Nunes;;1
Paul O'Donnell;cyberattacks and hacks;1
Paul O'Donnell;(vide);4
Total Paul O'Donnell;;5
Paul Oyer;opinion;1
Total Paul Oyer;;1
Paul Rand;(vide);1
Total Paul Rand;;1
Paul Resnick;(vide);1
Total Paul Resnick;;1
Paul Sabourin;(vide);1
Total Paul Sabourin;;1
Paul Saffo;culture;1
Paul Saffo;opinion;1
Paul Saffo;science;1
Paul Saffo;(vide);12
Total Paul Saffo;;15
Paul Sarconi;gear;24
Total Paul Sarconi;;24
PAUL SCHARRE;business;1
Total PAUL SCHARRE;;1
Paul Searles and Ed Kwok;business;1
Total Paul Searles and Ed Kwok;;1
Paul Semel;(vide);12
Total Paul Semel;;12
Paul Shawcross;science;1
Total Paul Shawcross;;1
Paul Shippey;gear;1
Total Paul Shippey;;1
Paul Sieminski;opinion;1
Total Paul Sieminski;;1
Paul Spencer;culture;1
Total Paul Spencer;;1
Paul Spinrad;(vide);54
Total Paul Spinrad;;54
Paul Starobin;ideas;1
Paul Starobin;the big story;1
Total Paul Starobin;;2
Paul Strasburger;business;1
Total Paul Strasburger;;1
Paul Sutherland, Sen.com;science;3
Total Paul Sutherland, Sen.com;;3
Paul Sutter, Ars Technica;science;1
Total Paul Sutter, Ars Technica;;1
Paul Tullis;the big story;1
Paul Tullis;(vide);2
Total Paul Tullis;;3
Paul Vixie;culture;2
Total Paul Vixie;;2
Paul Wright;business;1
Total Paul Wright;;1
Paula Akpan;business;1
Total Paula Akpan;;1
Paula Chowles;gear;2
Total Paula Chowles;;2
Paula Krugman;(vide);1
Total Paula Krugman;;1
Paula Parisi;culture;2
Paula Parisi;(vide);28
Total Paula Parisi;;30
Paulina Borsook;(vide);8
Total Paulina Borsook;;8
Pauline Bock;business;21
Pauline Bock;culture;6
Pauline Bock;science;9
Pauline Bock;security;1
Total Pauline Bock;;37
Paulo RebÃlo;business;10
Paulo RebÃlo;culture;4
Paulo RebÃlo;science;5
Paulo RebÃlo;security;11
Total Paulo RebÃlo;;30
Payal Dhar;culture;1
Payal Dhar;ideas;1
Total Payal Dhar;;2
PD Smith;business;1
Total PD Smith;;1
Pearse Anderson;culture;5
Total Pearse Anderson;;5
Pearse Keane;science;1
Total Pearse Keane;;1
Pedro Domingos;business;1
Total Pedro Domingos;;1
Peggy Riley Sparks;(vide);1
Total Peggy Riley Sparks;;1
Peggy Simpson;business;2
Total Peggy Simpson;;2
Penn Bullock;security;1
Total Penn Bullock;;1
Penny Boston;(vide);1
Total Penny Boston;;1
Penny Spikins;science;1
Total Penny Spikins;;1
Peretz Partensky;ideas;1
Total Peretz Partensky;;1
Perry Chen;business;1
Total Perry Chen;;1
Perry Metzger;(vide);1
Total Perry Metzger;;1
Pete Brook;design;3
Pete Brook;photo;152
Pete Brook;security;1
Total Pete Brook;;156
Pete Cottell;gear;2
Total Pete Cottell;;2
Pete Danko;business;92
Pete Danko;culture;10
Pete Danko;science;4
Pete Danko;security;10
Pete Danko;(vide);2
Total Pete Danko;;118
Pete Etchells;culture;1
Total Pete Etchells;;1
Pete Guest;business;3
Total Pete Guest;;3
Pete Mortensen;business;1
Pete Mortensen;gear;7
Pete Mortensen;gear news and events;1
Pete Mortensen;(vide);121
Total Pete Mortensen;;130
Pete Rojas;(vide);5
Total Pete Rojas;;5
Peter;culture;1
Total Peter;;1
Peter Andrey Smith;science;5
Peter Andrey Smith;(vide);2
Total Peter Andrey Smith;;7
Peter Arcuni;(vide);1
Total Peter Arcuni;;1
Peter B. Sugarman;(vide);2
Total Peter B. Sugarman;;2
Peter Black;(vide);1
Total Peter Black;;1
Peter Bosher;(vide);1
Total Peter Bosher;;1
Peter Brannen;business;1
Peter Brannen;science;2
Total Peter Brannen;;3
Peter Bright;business;4
Peter Bright;security;2
Peter Bright;(vide);5
Total Peter Bright;;11
Peter Burrows;business;1
Total Peter Burrows;;1
PETER BYRNE;science;2
Total PETER BYRNE;;2
Peter Cassidy;(vide);2
Total Peter Cassidy;;2
Peter Catapano;business;1
Peter Catapano;culture;1
Total Peter Catapano;;2
Peter Chapman;ideas;1
Total Peter Chapman;;1
Peter Crane;(vide);2
Total Peter Crane;;2
Peter D. Henig;business;1
Total Peter D. Henig;;1
Peter Diamandis;business;1
Peter Diamandis;the big story;1
Total Peter Diamandis;;2
Peter Fox;culture;1
Total Peter Fox;;1
Peter G. Neumann;(vide);2
Total Peter G. Neumann;;2
Peter Gabriel;opinion;1
Total Peter Gabriel;;1
Peter Gleick;opinion;2
Total Peter Gleick;;2
Peter Guest;business;12
Peter Guest;science;1
Peter Guest;security;1
Peter Guest;the big story;3
Total Peter Guest;;17
Peter Herb;(vide);1
Total Peter Herb;;1
Peter Hinssen;(vide);1
Total Peter Hinssen;;1
Peter Huber;opinion;1
Total Peter Huber;;1
Peter Hunsberger;(vide);1
Total Peter Hunsberger;;1
Peter Imbong;science;1
Total Peter Imbong;;1
Peter Jakubowicz;gear;1
Total Peter Jakubowicz;;1
Peter Juul;opinion;1
Total Peter Juul;;1
Peter Katel;(vide);1
Total Peter Katel;;1
Peter Kirwan;business;8
Peter Kirwan;security;1
Total Peter Kirwan;;9
Peter L. Herb;(vide);4
Total Peter L. Herb;;4
Peter Levine;business;1
Total Peter Levine;;1
Peter Leyden;(vide);2
Total Peter Leyden;;2
Peter Lunenfeld;(vide);2
Total Peter Lunenfeld;;2
Peter Lyle;(vide);1
Total Peter Lyle;;1
Peter Maass;security;1
Peter Maass;(vide);1
Total Peter Maass;;2
Peter Menell;opinion;1
Total Peter Menell;;1
Peter Meyers;(vide);4
Total Peter Meyers;;4
Peter Moskowitz;business;1
Peter Moskowitz;the big story;1
Total Peter Moskowitz;;2
Peter Norton;transportation;1
Total Peter Norton;;1
Peter Orosz;gear;7
Total Peter Orosz;;7
Peter Piot;science;3
Total Peter Piot;;3
Peter Platzer;business;1
Total Peter Platzer;;1
Peter Rojas;business;1
Peter Rojas;culture;3
Peter Rojas;gear;3
Peter Rojas;science;1
Peter Rojas;(vide);5
Total Peter Rojas;;13
Peter Rubin;business;3
Peter Rubin;culture;319
Peter Rubin;design;2
Peter Rubin;gear;31
Peter Rubin;photo;1
Peter Rubin;science;1
Peter Rubin;the big story;2
Peter Rubin;(vide);1
Total Peter Rubin;;360
Peter Savodnik;(vide);1
Total Peter Savodnik;;1
Peter Schwartz;the big story;2
Peter Schwartz;(vide);14
Total Peter Schwartz;;16
Peter Schwartz: Kevin Kelly;(vide);1
Total Peter Schwartz: Kevin Kelly;;1
Peter Schwartzstein;science;1
Total Peter Schwartzstein;;1
Peter Singer;opinion;1
Total Peter Singer;;1
Peter Smith;business;1
Total Peter Smith;;1
Peter Suciu;(vide);3
Total Peter Suciu;;3
Peter Sugarman;(vide);1
Total Peter Sugarman;;1
Peter Sunde;business;2
Peter Sunde;security;1
Total Peter Sunde;;3
Peter Swire;opinion;1
Total Peter Swire;;1
Peter Thiel;business;1
Total Peter Thiel;;1
Peter Thomas;(vide);2
Total Peter Thomas;;2
Peter Tupper;(vide);1
Total Peter Tupper;;1
Peter Van Valkenburgh;opinion;1
Total Peter Van Valkenburgh;;1
Peter W. Singer And Allan Friedman;opinion;1
Total Peter W. Singer And Allan Friedman;;1
Peter Wayner;opinion;1
Peter Wayner;(vide);2
Total Peter Wayner;;3
Peter Yeung;business;1
Peter Yeung;science;1
Peter Yeung;security;1
Total Peter Yeung;;3
Petra Zlatevska;culture;1
Total Petra Zlatevska;;1
Petrina Darrah;science;1
Total Petrina Darrah;;1
Phil Agre;(vide);9
Total Phil Agre;;9
Phil Barrett;(vide);1
Total Phil Barrett;;1
Phil Buchanan;business;1
Total Phil Buchanan;;1
Phil Gyford;culture;1
Total Phil Gyford;;1
Phil Hall;culture;3
Phil Hall;(vide);43
Total Phil Hall;;46
Phil Hood;(vide);1
Total Phil Hood;;1
Phil Lapsley;security;1
Total Phil Lapsley;;1
Phil Leggiere;(vide);1
Total Phil Leggiere;;1
Phil McKenna;security;1
Total Phil McKenna;;1
Phil Patton;(vide);24
Total Phil Patton;;24
Phil Rosenzweig;science;1
Total Phil Rosenzweig;;1
Philip Ball;science;7
Total Philip Ball;;7
Philip Chertoff;security;1
Total Philip Chertoff;;1
Philip Chien;science;1
Total Philip Chien;;1
Philip Herrick;(vide);1
Total Philip Herrick;;1
Philip Jaekl;science;7
Total Philip Jaekl;;7
Philip M. Napoli;business;1
Philip M. Napoli;ideas;3
Total Philip M. Napoli;;4
Philip N. Howard;ideas;1
Total Philip N. Howard;;1
Philip Roscoe;business;1
Total Philip Roscoe;;1
Philip Rosedale;business;1
Total Philip Rosedale;;1
Philip Seargeant;culture;1
Total Philip Seargeant;;1
Philip van Vleck;(vide);6
Total Philip van Vleck;;6
Philippa Warr;business;22
Philippa Warr;culture;40
Philippa Warr;design;6
Philippa Warr;gear;3
Philippa Warr;science;7
Philippa Warr;security;2
Total Philippa Warr;;80
Philippa Warr - Wired UK;design;1
Total Philippa Warr - Wired UK;;1
Philippe Starck;business;2
Philippe Starck;gear;1
Total Philippe Starck;;3
Phill Cameron;culture;2
Total Phill Cameron;;2
Phillip Burgoyne-Allen;transportation;1
Total Phillip Burgoyne-Allen;;1
Phillip Maciak;ideas;2
Total Phillip Maciak;;2
Phillip Penix-Tadsen;culture;1
Total Phillip Penix-Tadsen;;1
Phoebe Braithwaite;business;11
Phoebe Braithwaite;culture;8
Phoebe Braithwaite;gear;6
Phoebe Braithwaite;photo;17
Phoebe Braithwaite;science;14
Total Phoebe Braithwaite;;56
Phoebe Hurst;gear;1
Phoebe Hurst;science;1
Total Phoebe Hurst;;2
Phoebe Weston;science;5
Total Phoebe Weston;;5
Phone: +061 728 2053;(vide);1
Total Phone: +061 728 2053;;1
Photo: Andrew Zuckerman;culture;1
Total Photo: Andrew Zuckerman;;1
Phuc Pham;culture;3
Phuc Pham;photo;4
Phuc Pham;science;1
Total Phuc Pham;;8
Pia Ceres;business;2
Pia Ceres;culture;13
Pia Ceres;gear;35
Pia Ceres;science;1
Pia Ceres;security;2
Total Pia Ceres;;53
Pia Owens;ideas;1
Total Pia Owens;;1
Pico Iyer;(vide);2
Total Pico Iyer;;2
Pierre Bourque;business;2
Pierre Bourque;security;6
Total Pierre Bourque;;8
Pierre-Yves Paslier;science;1
Total Pierre-Yves Paslier;;1
Piers Bizony;(vide);1
Total Piers Bizony;;1
Pippa Biddle;the big story;2
Total Pippa Biddle;;2
pmccollough;photo;1
Total pmccollough;;1
pmittal;security;2
Total pmittal;;2
Po Bronson;business;3
Po Bronson;(vide);16
Total Po Bronson;;19
Polly Sprenger;business;100
Polly Sprenger;culture;52
Polly Sprenger;science;96
Polly Sprenger;security;64
Total Polly Sprenger;;312
Poornima Gupta;business;1
Total Poornima Gupta;;1
Poppy Crum;science;1
Total Poppy Crum;;1
POR JOSHUA DAVIS;business;1
Total POR JOSHUA DAVIS;;1
portfolio.com;business;24
Total portfolio.com;;24
Prachi Patel-Predd;business;1
Prachi Patel-Predd;science;1
Total Prachi Patel-Predd;;2
Pradeep Kumar;(vide);1
Total Pradeep Kumar;;1
Pragya Agarwal;ideas;1
Total Pragya Agarwal;;1
Pranav Dixit;design;1
Pranav Dixit;gear;26
Pranav Dixit;(vide);1
Total Pranav Dixit;;28
Prateek Sarkar;culture;2
Total Prateek Sarkar;;2
President Barack Obama;business;1
Total President Barack Obama;;1
Preston Lerner;science;3
Total Preston Lerner;;3
Primavera De Filippi;opinion;3
Total Primavera De Filippi;;3
Priya Ganapati;business;5
Priya Ganapati;gear;655
Priya Ganapati;science;4
Priya Ganapati;(vide);11
Total Priya Ganapati;;675
Priya Ganapati and Charlie Sorrel;gear;1
Total Priya Ganapati and Charlie Sorrel;;1
Puja Ohlhaver;ideas;1
Total Puja Ohlhaver;;1
Qasar Younis;business;1
Total Qasar Younis;;1
Quanta Magazine;science;3
Total Quanta Magazine;;3
Quinisha Jackson-Wright;gear;1
Total Quinisha Jackson-Wright;;1
Quinn Norton;business;1
Quinn Norton;gear;1
Quinn Norton;opinion;1
Quinn Norton;science;7
Quinn Norton;security;39
Quinn Norton;the big story;1
Quinn Norton;transportation;1
Quinn Norton;(vide);3
Total Quinn Norton;;54
R Douglas Fields;science;1
Total R Douglas Fields;;1
R. J. Pineiro;(vide);1
Total R. J. Pineiro;;1
R. L. LaFevers;(vide);15
Total R. L. LaFevers;;15
R. Scott Raynovich;business;42
R. Scott Raynovich;science;8
Total R. Scott Raynovich;;50
R. U. Sirius;culture;11
R. U. Sirius;opinion;1
R. U. Sirius;(vide);2
Total R. U. Sirius;;14
R.E. Somol;(vide);1
Total R.E. Somol;;1
R.W. Rushing;(vide);1
Total R.W. Rushing;;1
Rachael Pells;business;1
Rachael Pells;science;8
Rachael Pells;security;1
Rachael Pells;the big story;1
Total Rachael Pells;;11
Rachel Arthur;gear;1
Total Rachel Arthur;;1
Rachel Botsman;business;4
Rachel Botsman;culture;2
Rachel Botsman;ideas;1
Rachel Botsman;science;1
Rachel Botsman;the big story;1
Total Rachel Botsman;;9
Rachel Cericola;(vide);34
Total Rachel Cericola;;34
Rachel Crowell;science;1
Total Rachel Crowell;;1
Rachel Edidin;culture;117
Rachel Edidin;science;1
Total Rachel Edidin;;118
Rachel Ehrenberg, Science News;science;19
Total Rachel Ehrenberg, Science News;;19
Rachel Fairbank;science;1
Total Rachel Fairbank;;1
Rachel Gross;gear;3
Rachel Gross;science;4
Total Rachel Gross;;7
Rachel Hellenga;(vide);1
Total Rachel Hellenga;;1
Rachel Kaufman;culture;1
Total Rachel Kaufman;;1
Rachel Lance;security;2
Rachel Lance;the big story;2
Total Rachel Lance;;4
Rachel Lehmann-Haupt;culture;3
Rachel Lehmann-Haupt;security;1
Rachel Lehmann-Haupt;(vide);5
Total Rachel Lehmann-Haupt;;9
Rachel Leven;science;1
Total Rachel Leven;;1
Rachel Levinson-Waldman;security;1
Total Rachel Levinson-Waldman;;1
Rachel Metz;business;7
Rachel Metz;culture;21
Rachel Metz;gear;6
Rachel Metz;science;16
Rachel Metz;security;2
Total Rachel Metz;;52
Rachel Millner;culture;3
Rachel Millner;(vide);20
Total Rachel Millner;;23
Rachel Morris;science;1
Total Rachel Morris;;1
Rachel Numer;gear;2
Total Rachel Numer;;2
Rachel Nuwer;business;2
Rachel Nuwer;culture;1
Rachel Nuwer;gear;4
Rachel Nuwer;science;7
Rachel Nuwer;the big story;2
Total Rachel Nuwer;;16
Rachel Ramirez;science;1
Total Rachel Ramirez;;1
Rachel Smith;gear;2
Total Rachel Smith;;2
Rachel Somerstein;(vide);5
Total Rachel Somerstein;;5
Rachel Stohl;opinion;1
Total Rachel Stohl;;1
Rachel Swaby;business;2
Rachel Swaby;culture;11
Rachel Swaby;culture news;1
Rachel Swaby;design;15
Rachel Swaby;science;9
Rachel Swaby;security;1
Rachel Swaby;(vide);20
Total Rachel Swaby;;59
Rachel Walker;business;3
Total Rachel Walker;;3
Rachel Zurer;science;2
Rachel Zurer;(vide);15
Total Rachel Zurer;;17
Rachel-Rose O'Leary;business;1
Total Rachel-Rose O'Leary;;1
Rachita Taneja;business;1
Total Rachita Taneja;;1
Rafael JesÃs GonzÃlez;culture;2
Total Rafael JesÃs GonzÃlez;;2
Rafe Sagarin;(vide);1
Total Rafe Sagarin;;1
Raffaele Mastrolonardo;business;1
Total Raffaele Mastrolonardo;;1
Raffaele Oriani;science;1
Total Raffaele Oriani;;1
Raffi Khatchadourian;security;1
Total Raffi Khatchadourian;;1
Rafi Mohammed;opinion;1
Total Rafi Mohammed;;1
Rahat Ahmed;the big story;1
Total Rahat Ahmed;;1
Rajan Basra;security;1
Total Rajan Basra;;1
Rajesh Chandy;business;1
Total Rajesh Chandy;;1
Raksha Vasudevan;ideas;1
Total Raksha Vasudevan;;1
Raleigh McElvery;science;4
Total Raleigh McElvery;;4
Ramesh Srinivasan;business;1
Total Ramesh Srinivasan;;1
Ramez Naam;science;1
Total Ramez Naam;;1
Ramin Skibba;culture;4
Ramin Skibba;science;112
Ramin Skibba;space;1
Total Ramin Skibba;;117
Randal Olson;business;1
Total Randal Olson;;1
Randall Munroe;culture;1
Randall Munroe;the big story;1
Total Randall Munroe;;2
Randall Rothenberg;(vide);10
Total Randall Rothenberg;;10
Randall Sullivan;gear;1
Randall Sullivan;science;1
Randall Sullivan;the big story;1
Total Randall Sullivan;;3
Randi Zuckerberg;opinion;1
Total Randi Zuckerberg;;1
Randolph Court;business;178
Randolph Court;science;2
Randolph Court;security;7
Total Randolph Court;;187
Randy Alfred;business;1
Randy Alfred;culture;2
Randy Alfred;science;55
Randy Alfred;security;1
Randy Alfred;(vide);129
Total Randy Alfred;;188
Randy Burge;business;1
Total Randy Burge;;1
Randy Dotinga;business;15
Randy Dotinga;culture;24
Randy Dotinga;gear;2
Randy Dotinga;science;38
Randy Dotinga;security;5
Randy Dotinga;(vide);26
Total Randy Dotinga;;110
Randy Kohl;business;1
Total Randy Kohl;;1
Rankin;ideas;1
Total Rankin;;1
Raph Levien;(vide);1
Total Raph Levien;;1
Raphaël Millière;ideas;1
Total Raphaël Millière;;1
Raphael Tsavkko Garcia;culture;2
Raphael Tsavkko Garcia;security;1
Total Raphael Tsavkko Garcia;;3
Ravi Vadrevu;the big story;1
Total Ravi Vadrevu;;1
Ray Dalio;science;1
Total Ray Dalio;;1
Ray Everett-Church;business;2
Total Ray Everett-Church;;2
Ray Fisman;business;1
Total Ray Fisman;;1
Ray Jones;(vide);1
Total Ray Jones;;1
Ray Kurzweil;ideas;1
Ray Kurzweil;(vide);1
Total Ray Kurzweil;;2
Ray Massey;gear;1
Total Ray Massey;;1
Ray Sawhil;(vide);1
Total Ray Sawhil;;1
Raymond F. Masters;(vide);1
Total Raymond F. Masters;;1
Raymond Hegarty;opinion;1
Total Raymond Hegarty;;1
Raymond Masters;culture;2
Raymond Masters;(vide);25
Total Raymond Masters;;27
Rebbeca Vesely;security;1
Total Rebbeca Vesely;;1
Rebecca A. Fannin;(vide);1
Total Rebecca A. Fannin;;1
Rebecca Angel;(vide);83
Total Rebecca Angel;;83
Rebecca Ann Hughes;science;1
Total Rebecca Ann Hughes;;1
Rebecca Boyle;culture;1
Rebecca Boyle;science;9
Total Rebecca Boyle;;10
Rebecca Cook;culture;1
Total Rebecca Cook;;1
Rebecca Day;(vide);1
Total Rebecca Day;;1
Rebecca E. Zorach;(vide);1
Total Rebecca E. Zorach;;1
Rebecca Eisenberg;culture;1
Total Rebecca Eisenberg;;1
Rebecca Flint Marx;business;1
Rebecca Flint Marx;science;1
Total Rebecca Flint Marx;;2
Rebecca Giblin;ideas;1
Total Rebecca Giblin;;1
Rebecca Giggs;the big story;1
Total Rebecca Giggs;;1
Rebecca Grant;security;1
Total Rebecca Grant;;1
Rebecca Harper;(vide);2
Total Rebecca Harper;;2
Rebecca Heilweil;culture;3
Rebecca Heilweil;gear;1
Rebecca Heilweil;science;8
Rebecca Heilweil;security;1
Rebecca Heilweil;transportation;2
Total Rebecca Heilweil;;15
Rebecca Henderson;business;1
Total Rebecca Henderson;;1
Rebecca Horne;photo;8
Total Rebecca Horne;;8
Rebecca Huval;science;1
Total Rebecca Huval;;1
Rebecca J. Rosen;science;1
Total Rebecca J. Rosen;;1
Rebecca Leber;science;2
Total Rebecca Leber;;2
Rebecca Mercuri;(vide);1
Total Rebecca Mercuri;;1
Rebecca Milzoff;business;1
Total Rebecca Milzoff;;1
Rebecca Ratcliffe;science;1
Total Rebecca Ratcliffe;;1
Rebecca Scheinberg;business;1
Total Rebecca Scheinberg;;1
Rebecca Smith Hurd;culture;1
Rebecca Smith Hurd;(vide);5
Total Rebecca Smith Hurd;;6
Rebecca Vesely;business;4
Rebecca Vesely;culture;1
Rebecca Vesely;science;1
Rebecca Vesely;security;199
Rebecca Vesely;(vide);3
Total Rebecca Vesely;;208
Rebecca Vesley;(vide);1
Total Rebecca Vesley;;1
Rebecca Watson;business;1
Total Rebecca Watson;;1
Reece Browning;culture;1
Total Reece Browning;;1
Reece Rogers;artificial intelligence;1
Reece Rogers;business;20
Reece Rogers;culture;23
Reece Rogers;gear;50
Reece Rogers;science;3
Reece Rogers;security;11
Total Reece Rogers;;108
REED HASTINGS;opinion;1
Total REED HASTINGS;;1
Reed Timmer;opinion;1
Reed Timmer;science;1
Total Reed Timmer;;2
Reem Ebrahim Al-Hashimi;business;1
Total Reem Ebrahim Al-Hashimi;;1
Reena Jana;culture;70
Reena Jana;(vide);20
Total Reena Jana;;90
Regina Lynn;business;1
Regina Lynn;culture;93
Regina Lynn;(vide);492
Total Regina Lynn;;586
Regina Lynn Preciado;culture;4
Total Regina Lynn Preciado;;4
Regina Peldszus;science;1
Total Regina Peldszus;;1
Reid Hoffman;business;1
Reid Hoffman;the big story;1
Total Reid Hoffman;;2
Reid McCarter;culture;14
Total Reid McCarter;;14
Reiner Gaertner;gear;1
Reiner Gaertner;science;3
Total Reiner Gaertner;;4
Rem Koolhaas;(vide);3
Total Rem Koolhaas;;3
Rem Koolhaas Guest Editor;(vide);5
Total Rem Koolhaas Guest Editor;;5
Rena Kosnett;(vide);1
Total Rena Kosnett;;1
Rene Chun;culture;2
Rene Chun;design;2
Rene Chun;gear;23
Rene Chun;the big story;2
Rene Chun;transportation;1
Total Rene Chun;;30
Renée Davidson;culture;1
Total Renée Davidson;;1
Renee DiResta;ideas;16
Total Renee DiResta;;16
Rengin Za;culture;1
Total Rengin Za;;1
Representative Barney Frank D-Massachusetts;(vide);1
Total Representative Barney Frank D-Massachusetts;;1
Research by Dan Baum;(vide);2
Total Research by Dan Baum;;2
Reuters;business;2713
Reuters;culture;525
Reuters;gear;52
Reuters;photo;1
Reuters;science;876
Reuters;security;1164
Reuters;transportation;1
Total Reuters;;5332
Rev. Ivan Stang;(vide);2
Total Rev. Ivan Stang;;2
Reviewed.com;gear;8
Total Reviewed.com;;8
Reviewed.com Staff;gear;2
Total Reviewed.com Staff;;2
Rex Dalton;science;1
Total Rex Dalton;;1
Rex Sorgatz;culture;1
Rex Sorgatz;the big story;2
Total Rex Sorgatz;;3
Rex Wockner;science;1
Total Rex Wockner;;1
Reyan Ali;culture;3
Total Reyan Ali;;3
Rhett Allain;business;3
Rhett Allain;culture;8
Rhett Allain;dot physics;2
Rhett Allain;physics and math;8
Rhett Allain;science;1506
Rhett Allain;(vide);2
Total Rhett Allain;;1529
Rhiana Gunn-Wright;business;1
Total Rhiana Gunn-Wright;;1
Rhodri Jeffreys-Jones;business;1
Total Rhodri Jeffreys-Jones;;1
Rhonda Rubinstein;culture;1
Rhonda Rubinstein;(vide);1
Total Rhonda Rubinstein;;2
Ria Misra;science;1
Total Ria Misra;;1
Ria Teitelbaum;culture;1
Total Ria Teitelbaum;;1
Ric Curnow;(vide);1
Total Ric Curnow;;1
Ricardo Hernández;science;1
Total Ricardo Hernández;;1
Ricardo Rosselló;business;3
Total Ricardo Rosselló;;3
Ricardo Sametband;business;6
Ricardo Sametband;culture;1
Ricardo Sametband;science;2
Ricardo Sametband;security;2
Total Ricardo Sametband;;11
Riccardo Luna;business;1
Total Riccardo Luna;;1
Riccardo Piccolo;gear;1
Total Riccardo Piccolo;;1
Rich Karpinski;(vide);1
Total Rich Karpinski;;1
Rich McEachran;culture;1
Total Rich McEachran;;1
Rich Santalesa;culture;1
Rich Santalesa;science;2
Rich Santalesa;(vide);5
Total Rich Santalesa;;8
Rich Schapiro;business;1
Rich Schapiro;the big story;1
Total Rich Schapiro;;2
Rich Watts;design;1
Total Rich Watts;;1
Rich Wordsworth;business;4
Rich Wordsworth;culture;1
Rich Wordsworth;science;13
Rich Wordsworth;security;2
Total Rich Wordsworth;;20
Rich Zahradnik;(vide);2
Total Rich Zahradnik;;2
Richard B. Woodward;(vide);2
Total Richard B. Woodward;;2
Richard Baguley;culture;2
Richard Baguley;gear;15
Richard Baguley;security;2
Total Richard Baguley;;19
Richard Baimbridge;(vide);12
Total Richard Baimbridge;;12
Richard Barnett;science;1
Total Richard Barnett;;1
Richard Barrons;ideas;1
Total Richard Barrons;;1
Richard Benson;business;7
Richard Benson;science;3
Richard Benson;the big story;5
Total Richard Benson;;15
Richard Bierck;business;1
Total Richard Bierck;;1
Richard Branson;business;2
Richard Branson;science;1
Total Richard Branson;;3
Richard Bray;culture;2
Total Richard Bray;;2
Richard Butner;(vide);2
Total Richard Butner;;2
Richard Colchester;science;1
Total Richard Colchester;;1
Richard Conniff;science;1
Total Richard Conniff;;1
Richard Cooke;business;1
Total Richard Cooke;;1
Richard Davies;business;1
Total Richard Davies;;1
Richard Dean;(vide);12
Total Richard Dean;;12
Richard Dorment;culture;1
Total Richard Dorment;;1
Richard Florida;business;1
Richard Florida;science;1
Total Richard Florida;;2
Richard Hayler;business;1
Total Richard Hayler;;1
Richard Kadrey;culture;10
Richard Kadrey;science;1
Richard Kadrey;(vide);44
Total Richard Kadrey;;55
Richard Kemeny;business;2
Richard Kemeny;science;1
Total Richard Kemeny;;3
Richard L. Fricker;national affairs;1
Total Richard L. Fricker;;1
Richard Lubbock;(vide);1
Total Richard Lubbock;;1
Richard M. Stallman;opinion;1
Richard M. Stallman;(vide);1
Total Richard M. Stallman;;2
Richard Manning;(vide);1
Total Richard Manning;;1
Richard Martin;(vide);13
Total Richard Martin;;13
Richard Melville;business;1
Total Richard Melville;;1
Richard Morgan;science;1
Total Richard Morgan;;1
Richard Nisbett;business;1
Total Richard Nisbett;;1
Richard Orange;business;1
Total Richard Orange;;1
Richard Overton;(vide);1
Total Richard Overton;;1
Richard Price;science;1
Total Richard Price;;1
Richard Priday;business;32
Richard Priday;culture;18
Richard Priday;gear;10
Richard Priday;science;22
Richard Priday;security;4
Total Richard Priday;;86
Richard Rapaport;(vide);4
Total Richard Rapaport;;4
Richard Schiffman;opinion;1
Richard Schiffman;science;2
Total Richard Schiffman;;3
Richard Smoley;(vide);1
Total Richard Smoley;;1
Richard Stallman;business;2
Richard Stallman;opinion;1
Total Richard Stallman;;3
Richard Stone;science;1
Total Richard Stone;;1
Richard Thieme;(vide);3
Total Richard Thieme;;3
Richard Tiffin;business;1
Total Richard Tiffin;;1
Richard Wheeler;security;6
Total Richard Wheeler;;6
Richie Hawtin;(vide);1
Total Richie Hawtin;;1
Rick Albano;(vide);1
Total Rick Albano;;1
Rick Broida;gear;16
Rick Broida;(vide);1
Total Rick Broida;;17
Rick Cavallaro;gear;1
Total Rick Cavallaro;;1
Rick Lax;opinion;2
Total Rick Lax;;2
Rick Overton;security;1
Rick Overton;(vide);3
Total Rick Overton;;4
Rick Paulas;(vide);6
Total Rick Paulas;;6
Rick Polito;gear;1
Total Rick Polito;;1
Rick Prelinger;ideas;1
Total Rick Prelinger;;1
Rick Reynolds;(vide);1
Total Rick Reynolds;;1
Rick Shenkman;science;1
Total Rick Shenkman;;1
Rick Tetzeli;the big story;1
Total Rick Tetzeli;;1
Ricki Harris;business;3
Ricki Harris;ideas;1
Ricki Harris;the big story;3
Total Ricki Harris;;7
Ricky Gervais;business;1
Total Ricky Gervais;;1
Rico Norwood;culture;1
Total Rico Norwood;;1
Rida Qadri;ideas;2
Total Rida Qadri;;2
Rinku Patel;science;1
Total Rinku Patel;;1
Rip Rowan;(vide);1
Total Rip Rowan;;1
Risa Yamada;(vide);2
Total Risa Yamada;;2
Rishab Aiyer Ghosh;science;1
Rishab Aiyer Ghosh;security;4
Rishab Aiyer Ghosh;(vide);1
Total Rishab Aiyer Ghosh;;6
Rishi Khosla;business;2
Total Rishi Khosla;;2
Rita Johnson;(vide);1
Total Rita Johnson;;1
Rita Katz;ideas;3
Rita Katz;security;2
Total Rita Katz;;5
Rita M. Johnson;(vide);2
Total Rita M. Johnson;;2
Rita Omokha;ideas;1
Total Rita Omokha;;1
Ritsuko Kawai;science;2
Total Ritsuko Kawai;;2
Rizzoli Denis;science;2
Total Rizzoli Denis;;2
Rob Adams;(vide);5
Total Rob Adams;;5
Rob Bernstein;culture;1
Total Rob Bernstein;;1
Rob Beschizza;business;1
Rob Beschizza;culture;1
Rob Beschizza;gear;1077
Rob Beschizza;science;2
Total Rob Beschizza;;1081
Rob Beschizza Dylan Tweney;gear;1
Total Rob Beschizza Dylan Tweney;;1
Rob Boffard;business;3
Rob Boffard;security;1
Total Rob Boffard;;4
Rob Capps;science;1
Total Rob Capps;;1
Rob Carlson;(vide);1
Total Rob Carlson;;1
Rob Carney;gear;1
Total Rob Carney;;1
Rob Dodson;(vide);1
Total Rob Dodson;;1
Rob Dunn;science;1
Total Rob Dunn;;1
Rob Glaser;(vide);1
Total Rob Glaser;;1
Rob Graham;opinion;1
Total Rob Graham;;1
Rob Grimshaw;opinion;1
Total Rob Grimshaw;;1
Rob Kenner;(vide);4
Total Rob Kenner;;4
Rob Levine;(vide);1
Total Rob Levine;;1
Rob Manuel;business;1
Total Rob Manuel;;1
Rob Millis;the big story;1
Total Rob Millis;;1
Rob Portman;opinion;1
Total Rob Portman;;1
Rob Reddick;science;2
Total Rob Reddick;;2
Rob Reich;ideas;1
Total Rob Reich;;1
Rob Riddell;(vide);4
Total Rob Riddell;;4
Rob Robertson;science;1
Total Rob Robertson;;1
Rob Stull;culture;1
Total Rob Stull;;1
Rob Swigart;(vide);4
Total Rob Swigart;;4
Rob Tannenbaum;culture;1
Total Rob Tannenbaum;;1
Rob Walker;culture;1
Rob Walker;(vide);2
Total Rob Walker;;3
Rob Waller;culture;2
Total Rob Waller;;2
Rob Wyatt;(vide);2
Total Rob Wyatt;;2
Robbert Dijkgraaf;science;1
Total Robbert Dijkgraaf;;1
Robbie Gonzalez;culture;2
Robbie Gonzalez;design;22
Robbie Gonzalez;gear;5
Robbie Gonzalez;science;139
Robbie Gonzalez;transportation;1
Total Robbie Gonzalez;;169
Robert A. Metzger;(vide);10
Total Robert A. Metzger;;10
Robert Andrews;business;3
Robert Andrews;culture;11
Robert Andrews;gear;1
Robert Andrews;science;8
Total Robert Andrews;;23
Robert Angone;(vide);1
Total Robert Angone;;1
Robert Ashley;culture;2
Total Robert Ashley;;2
Robert Barry;culture;1
Total Robert Barry;;1
Robert Beckhusen;business;2
Robert Beckhusen;security;138
Total Robert Beckhusen;;140
Robert Beckhusen and Noah Shachtman;security;1
Total Robert Beckhusen and Noah Shachtman;;1
Robert Bryce;opinion;1
Total Robert Bryce;;1
Robert Capps;business;2
Robert Capps;culture;17
Robert Capps;gear;1
Robert Capps;science;8
Robert Capps;(vide);7
Total Robert Capps;;35
Robert Carnevale;gear;2
Total Robert Carnevale;;2
Robert Cialdini;science;1
Total Robert Cialdini;;1
Robert Colvile;culture;1
Total Robert Colvile;;1
Robert Coontz;science;1
Total Robert Coontz;;1
Robert Cribb;science;2
Robert Cribb;security;2
Total Robert Cribb;;4
Robert D. Ballard;(vide);1
Total Robert D. Ballard;;1
Robert D. Shapiro;(vide);3
Total Robert D. Shapiro;;3
Robert D. Steeleby Micah Sifryby William O. Gogginsby Richard S. Wallaceby Ray Bradburyby William Church;(vide);1
Total Robert D. Steeleby Micah Sifryby William O. Gogginsby Richard S. Wallaceby Ray Bradburyby William Church;;1
Robert Dingwall;ideas;1
Total Robert Dingwall;;1
Robert Ellis Smith;(vide);1
Total Robert Ellis Smith;;1
Robert F. Service;science;1
Total Robert F. Service;;1
Robert Fabricant;design;1
Total Robert Fabricant;;1
Robert G. Eccles;science;1
Total Robert G. Eccles;;1
Robert Gonzalez;security;1
Total Robert Gonzalez;;1
Robert Gorwa;ideas;1
Total Robert Gorwa;;1
Robert Gorwa and Danaë Metaxa;business;1
Total Robert Gorwa and Danaë Metaxa;;1
Robert Gorwa and Douglas Guilbeault;business;1
Total Robert Gorwa and Douglas Guilbeault;;1
Robert H. Reid;(vide);1
Total Robert H. Reid;;1
Robert Hanks;gear;1
Total Robert Hanks;;1
Robert Hart;culture;1
Total Robert Hart;;1
Robert Hettinga;(vide);1
Total Robert Hettinga;;1
Robert Hoekman Jr.;design;1
Total Robert Hoekman Jr.;;1
Robert Kolker;science;1
Total Robert Kolker;;1
Robert La Franco;(vide);1
Total Robert La Franco;;1
Robert Leedham, British GQ;culture;1
Robert Leedham, British GQ;gear;8
Total Robert Leedham, British GQ;;9
Robert Lemos;science;7
Total Robert Lemos;;7
Robert Levine;business;1
Robert Levine;culture;7
Robert Levine;(vide);6
Total Robert Levine;;14
Robert Lurvey;ideas;1
Total Robert Lurvey;;1
Robert M. Califf;opinion;1
Total Robert M. Califf;;1
Robert M. Lee;opinion;2
Total Robert M. Lee;;2
Robert M. McDowell;business;1
Total Robert M. McDowell;;1
Robert MacMillan;business;1
Total Robert MacMillan;;1
Robert McMillan;business;478
Robert McMillan;culture;1
Robert McMillan;gear;6
Robert McMillan;science;1
Robert McMillan;security;3
Robert McMillan;the big story;1
Total Robert McMillan;;490
Robert Neuwirth;(vide);1
Total Robert Neuwirth;;1
Robert Norton;culture;1
Total Robert Norton;;1
Robert Peck;business;2
Total Robert Peck;;2
Robert Rapier;ideas;1
Total Robert Rapier;;1
Robert Rossney;(vide);13
Total Robert Rossney;;13
Robert Rowland Smith;ideas;1
Total Robert Rowland Smith;;1
Robert Sandlan;(vide);2
Total Robert Sandlan;;2
Robert Shapiro;(vide);1
Total Robert Shapiro;;1
Robert Simpson;business;3
Robert Simpson;gear;1
Total Robert Simpson;;4
Robert Spinrad;(vide);2
Total Robert Spinrad;;2
Robert Steele;(vide);1
Total Robert Steele;;1
Robert Strohmeyer;science;1
Total Robert Strohmeyer;;1
Robert Sutton;business;1
Robert Sutton;opinion;1
Total Robert Sutton;;2
Robert Thomason;culture;1
Total Robert Thomason;;1
Robert Vamosi;security;1
Total Robert Vamosi;;1
Robert Wachter;science;1
Total Robert Wachter;;1
Robert Wright;ideas;6
Robert Wright;science;1
Robert Wright;the big story;1
Robert Wright;(vide);1
Total Robert Wright;;9
Robert Young;science;1
Total Robert Young;;1
Robert Zarate;business;13
Robert Zarate;security;2
Total Robert Zarate;;15
Robert Zimmerman;science;1
Total Robert Zimmerman;;1
Roberto Baldwin;business;4
Roberto Baldwin;culture;6
Roberto Baldwin;gear;353
Roberto Baldwin;photo;1
Roberto Baldwin;security;1
Total Roberto Baldwin;;365
Roberto Baldwin | Tim Moynihan;design;1
Total Roberto Baldwin | Tim Moynihan;;1
Roberto Ledesma;opinion;1
Total Roberto Ledesma;;1
Robin Andrews;science;9
Total Robin Andrews;;9
Robin Chase;business;1
Robin Chase;science;1
Robin Chase;the big story;2
Total Robin Chase;;4
Robin Clewley;business;3
Robin Clewley;culture;29
Robin Clewley;science;1
Robin Clewley;security;5
Robin Clewley;(vide);2
Total Robin Clewley;;40
Robin Farmanfarmaian;business;1
Total Robin Farmanfarmaian;;1
Robin George Andrews;science;5
Total Robin George Andrews;;5
Robin Hague;business;1
Robin Hague;culture;1
Robin Hague;gear;2
Total Robin Hague;;4
Robin Hanson;(vide);1
Total Robin Hanson;;1
Robin Marantz Henig;science;1
Total Robin Marantz Henig;;1
Robin Mosley;culture;2
Total Robin Mosley;;2
Robin Romm;ideas;1
Total Robin Romm;;1
Robin Seemangal;science;15
Total Robin Seemangal;;15
Robin Stevens;culture;2
Total Robin Stevens;;2
Robin Washington;security;1
Robin Washington;transportation;1
Total Robin Washington;;2
Robyn Huang;business;1
Total Robyn Huang;;1
Robyn Kanner;culture;1
Total Robyn Kanner;;1
Robyn Metcalfe;science;1
Total Robyn Metcalfe;;1
Robyn Ross;business;1
Robyn Ross;design;1
Total Robyn Ross;;2
Robyn Scott;business;1
Total Robyn Scott;;1
Rochelle Baker;science;1
Total Rochelle Baker;;1
Rochelle Garner;(vide);3
Total Rochelle Garner;;3
Roderick M. Simpson;(vide);1
Total Roderick M. Simpson;;1
Roderick Simpson;science;5
Roderick Simpson;security;1
Roderick Simpson;(vide);8
Total Roderick Simpson;;14
RoderickSimpson;(vide);1
Total RoderickSimpson;;1
Rodrigo Martinez;(vide);1
Total Rodrigo Martinez;;1
Roei Ganzarski;business;1
Total Roei Ganzarski;;1
Roger Ebert;(vide);4
Total Roger Ebert;;4
Roger Highfield;business;7
Roger Highfield;science;7
Roger Highfield;the big story;1
Total Roger Highfield;;15
Roger Martin;opinion;1
Total Roger Martin;;1
Roger McNamee;ideas;4
Total Roger McNamee;;4
Roger Pielke Jr.;ideas;1
Total Roger Pielke Jr.;;1
Roger Sollenberger;the big story;1
Total Roger Sollenberger;;1
Rogier van Bakel;culture;1
Rogier van Bakel;the big story;1
Rogier van Bakel;(vide);33
Total Rogier van Bakel;;35
Rohan Chalasani;ideas;1
Total Rohan Chalasani;;1
Rohan Gunatillake;business;1
Total Rohan Gunatillake;;1
Roisin Quinn;science;1
Total Roisin Quinn;;1
Roman Krznaric;culture;1
Total Roman Krznaric;;1
Ron Adner;opinion;1
Total Ron Adner;;1
Ron Amadeo, Ars Technica;business;2
Ron Amadeo, Ars Technica;culture;1
Ron Amadeo, Ars Technica;gear;7
Ron Amadeo, Ars Technica;security;2
Total Ron Amadeo, Ars Technica;;12
Ron Berler;gear;1
Ron Berler;(vide);1
Total Ron Berler;;2
Ron Broglio;culture;1
Total Ron Broglio;;1
Ron Cowen, Science News;science;23
Total Ron Cowen, Science News;;23
Ron Deibert;security;1
Total Ron Deibert;;1
Ron Dicker;culture;4
Total Ron Dicker;;4
Ron Dulin;(vide);2
Total Ron Dulin;;2
Ron Fein;security;1
Total Ron Fein;;1
Ron Focia;gear;1
Total Ron Focia;;1
Ron J. Williams;opinion;1
Total Ron J. Williams;;1
Ron Kaplan;opinion;1
Total Ron Kaplan;;1
Ron Knox;ideas;1
Total Ron Knox;;1
Ron Licata;gear;1
Ron Licata;science;1
Total Ron Licata;;2
Ron Magid;culture;2
Ron Magid;(vide);9
Total Ron Magid;;11
Ron Martinez;(vide);3
Total Ron Martinez;;3
Ron Wyden;the big story;1
Total Ron Wyden;;1
Ronald Warren Deutsch;business;1
Ronald Warren Deutsch;culture;38
Total Ronald Warren Deutsch;;39
Ronan O'Connell;science;1
Total Ronan O'Connell;;1
Roni Jacobson;the big story;6
Total Roni Jacobson;;6
Rory O' Connor;opinion;1
Total Rory O' Connor;;1
Rory Sutherland;business;3
Rory Sutherland;culture;2
Total Rory Sutherland;;5
Rosalind Jana;business;1
Total Rosalind Jana;;1
Rosalind Moran;ideas;1
Total Rosalind Moran;;1
Rose Eveleth;culture;1
Rose Eveleth;ideas;17
Total Rose Eveleth;;18
Roselyn Roark;gear;8
Total Roselyn Roark;;8
Rosh Kelly;culture;3
Total Rosh Kelly;;3
Rosie Bell;culture;2
Total Rosie Bell;;2
Rosie Bradbury;business;1
Total Rosie Bradbury;;1
Rosie Cross;(vide);1
Total Rosie Cross;;1
Ross Atkin;ideas;1
Total Ross Atkin;;1
Ross Marchand;science;1
Total Ross Marchand;;1
Ross Mayfield;(vide);1
Total Ross Mayfield;;1
Ross Patton;gear;1
Total Ross Patton;;1
Rossalyn Warren;business;1
Total Rossalyn Warren;;1
Rowan Hooper;culture;1
Rowan Hooper;science;14
Total Rowan Hooper;;15
Rowan Moore Gerety;the big story;1
Total Rowan Moore Gerety;;1
Rowland Manthorpe;business;93
Rowland Manthorpe;culture;19
Rowland Manthorpe;gear;11
Rowland Manthorpe;ideas;5
Rowland Manthorpe;science;4
Rowland Manthorpe;security;3
Rowland Manthorpe;the big story;8
Rowland Manthorpe;wired insider;1
Total Rowland Manthorpe;;144
Roxane Gay;culture;12
Total Roxane Gay;;12
Roxanne Khamsi;business;1
Roxanne Khamsi;ideas;12
Roxanne Khamsi;science;4
Total Roxanne Khamsi;;17
Roy Furchgott;business;1
Roy Furchgott;(vide);4
Total Roy Furchgott;;5
Roy Wood;(vide);97
Total Roy Wood;;97
Ruby Goldberg;design;1
Ruby Goldberg;photo;4
Ruby Goldberg;science;1
Total Ruby Goldberg;;6
Ruby Lott-Lavigna;business;25
Ruby Lott-Lavigna;culture;23
Ruby Lott-Lavigna;gear;8
Ruby Lott-Lavigna;science;10
Ruby Lott-Lavigna;security;6
Total Ruby Lott-Lavigna;;72
Ruby McConnell;science;1
Total Ruby McConnell;;1
Ruby Munson-Hirst;business;5
Total Ruby Munson-Hirst;;5
Rudy Chelminski;(vide);1
Total Rudy Chelminski;;1
Rudy Rucker;(vide);6
Total Rudy Rucker;;6
Rufus Griscom;(vide);1
Total Rufus Griscom;;1
Ruha Benjamin;the big story;1
Total Ruha Benjamin;;1
Rui Zhong;ideas;2
Total Rui Zhong;;2
Rumman Chowdhury;business;
Rumman Chowdhury;ideas;1
Total Rumman Chowdhury;;1
Rupert Goodwins;(vide);1
Total Rupert Goodwins;;1
Rupert Neate;science;1
Total Rupert Neate;;1
Rush Holt;opinion;1
Total Rush Holt;;1
Russ Juskalian;business;1
Total Russ Juskalian;;1
Russ Mitchell;(vide);5
Total Russ Mitchell;;5
Russ Neumeier;(vide);65
Total Russ Neumeier;;65
Russ Swan;science;5
Total Russ Swan;;5
Russell Davies;business;3
Russell Davies;culture;1
Russell Davies;ideas;3
Russell Davies;security;1
Total Russell Davies;;8
Russell Foster;culture;1
Russell Foster;ideas;1
Total Russell Foster;;2
Russell M  Davies;business;2
Russell M  Davies;science;2
Total Russell M  Davies;;4
Rusty Weston;(vide);1
Total Rusty Weston;;1
Rutger Bregman;business;2
Total Rutger Bregman;;2
Ruth Suehle;science;1
Ruth Suehle;(vide);75
Total Ruth Suehle;;76
Ryan Bradley;science;1
Total Ryan Bradley;;1
Ryan Brenizer;gear;1
Ryan Brenizer;science;1
Total Ryan Brenizer;;2
Ryan Broderick;culture;
Total Ryan Broderick;;
Ryan Carlson;apps;1
Ryan Carlson;(vide);8
Total Ryan Carlson;;9
Ryan Hagemann;opinion;1
Total Ryan Hagemann;;1
Ryan Huling;ideas;1
Total Ryan Huling;;1
Ryan Langsdorf;design;2
Total Ryan Langsdorf;;2
Ryan Loughlin;culture;1
Ryan Loughlin;science;2
Total Ryan Loughlin;;3
Ryan Meith;culture;1
Total Ryan Meith;;1
Ryan Merkley;opinion;1
Total Ryan Merkley;;1
Ryan Paul;business;2
Ryan Paul;(vide);1
Total Ryan Paul;;3
Ryan Paul - Ars Technica;(vide);11
Total Ryan Paul - Ars Technica;;11
Ryan Rigney;business;1
Ryan Rigney;culture;151
Ryan Rigney;gear;1
Ryan Rigney;opinion;1
Ryan Rigney;security;1
Total Ryan Rigney;;155
Ryan Sager;security;6
Total Ryan Sager;;6
Ryan Singel;business;432
Ryan Singel;culture;12
Ryan Singel;gear;11
Ryan Singel;opinion;3
Ryan Singel;science;20
Ryan Singel;security;627
Ryan Singel;(vide);11
Total Ryan Singel;;1116
Ryan Tate;business;294
Ryan Tate;culture;2
Ryan Tate;design;1
Ryan Tate;gear;2
Ryan Tate;science;1
Total Ryan Tate;;300
Ryan Waniata;gear;4
Total Ryan Waniata;;4
Ryan Weeks;business;4
Total Ryan Weeks;;4
S. Derek Turner;opinion;1
Total S. Derek Turner;;1
S. Joy Mountford;(vide);1
Total S. Joy Mountford;;1
Sabhanaz Rashid Diya;business;1
Total Sabhanaz Rashid Diya;;1
Sabina Zawadzki;business;1
Total Sabina Zawadzki;;1
Sabine Hossenfelder;science;2
Total Sabine Hossenfelder;;2
Sabrina Faramarzi;culture;1
Total Sabrina Faramarzi;;1
Sabrina Weiss;business;14
Sabrina Weiss;culture;3
Sabrina Weiss;gear;5
Sabrina Weiss;science;63
Sabrina Weiss;the big story;2
Total Sabrina Weiss;;87
Sabrina Weiss, WIRED UK;gear;1
Sabrina Weiss, WIRED UK;science;1
Total Sabrina Weiss, WIRED UK;;2
Sachi Mulkey;science;1
Total Sachi Mulkey;;1
Sady Doyle;culture;1
Total Sady Doyle;;1
Saffron Huang;ideas;1
Total Saffron Huang;;1
Safiya Umoja Noble;culture;1
Total Safiya Umoja Noble;;1
Sage Lazzaro;culture;1
Total Sage Lazzaro;;1
Saima May Sidik;science;2
Total Saima May Sidik;;2
Saira Ghafur;ideas;1
Total Saira Ghafur;;1
Saira Mueller;culture;2
Saira Mueller;gear;7
Total Saira Mueller;;9
Saket Navlakha;science;1
Total Saket Navlakha;;1
Sal Khan;business;1
Total Sal Khan;;1
Salil Shetty;security;1
Total Salil Shetty;;1
Salim Ismail;the big story;1
Total Salim Ismail;;1
Salina Jivani;gear;1
Total Salina Jivani;;1
Sally Hayden;ideas;1
Total Sally Hayden;;1
Sally McGrane;business;1
Sally McGrane;(vide);3
Total Sally McGrane;;4
Salomé Gómez-Upegui;ideas;1
Total Salomé Gómez-Upegui;;1
Saloni Dattani;ideas;1
Total Saloni Dattani;;1
Sam Altman;business;1
Total Sam Altman;;1
Sam Apple;science;4
Sam Apple;the big story;1
Total Sam Apple;;5
Sam Biddle, Gizmodo.com;security;1
Total Sam Biddle, Gizmodo.com;;1
Sam Bresnick;ideas;1
Total Sam Bresnick;;1
Sam Fogel;culture;2
Total Sam Fogel;;2
Sam Fragoso;culture;13
Total Sam Fragoso;;13
Sam Gregory;ideas;3
Sam Gregory;opinion;2
Total Sam Gregory;;5
Sam Gustin;business;95
Sam Gustin;culture;1
Sam Gustin;security;10
Total Sam Gustin;;106
Sam Jacob;opinion;1
Total Sam Jacob;;1
Sam Jaffe;science;6
Total Sam Jaffe;;6
Sam Jones;science;1
Total Sam Jones;;1
Sam Kean;opinion;1
Sam Kean;science;1
Total Sam Kean;;2
Sam Kieldsen;gear;2
Total Sam Kieldsen;;2
Sam Kriss;opinion;1
Total Sam Kriss;;1
Sam LaGrone;security;2
Total Sam LaGrone;;2
Sam Lubell;design;55
Total Sam Lubell;;55
Sam Machkovech, Ars Technica;business;1
Sam Machkovech, Ars Technica;culture;5
Total Sam Machkovech, Ars Technica;;6
Sam Margolis;(vide);2
Total Sam Margolis;;2
Sam Moore;culture;1
Total Sam Moore;;1
Sam Patten;the big story;1
Total Sam Patten;;1
Sam Riches;business;1
Total Sam Riches;;1
Sam Rowe;business;2
Sam Rowe;gear;3
Total Sam Rowe;;5
Sam Scott;science;2
Total Sam Scott;;2
Sam Shead;business;7
Sam Shead;culture;1
Total Sam Shead;;8
Sam Smith;gear;36
Sam Smith;transportation;3
Total Sam Smith;;39
Sam Volchenboum;science;1
Total Sam Volchenboum;;1
Sam White;culture;1
Total Sam White;;1
Sam Witt;culture;2
Sam Witt;(vide);3
Total Sam Witt;;5
Samanth Subramanian;culture;1
Samanth Subramanian;science;1
Samanth Subramanian;the big story;2
Samanth Subramanian;transportation;1
Total Samanth Subramanian;;5
Samantha Cooper;culture;1
Samantha Cooper;photo;1
Total Samantha Cooper;;2
Samantha Culp;ideas;1
Total Samantha Culp;;1
Samantha HuiQi Yow;culture;1
Total Samantha HuiQi Yow;;1
Samantha M. Shapiro;the big story;1
Samantha M. Shapiro;(vide);1
Total Samantha M. Shapiro;;2
Samantha Oltman;culture;1
Samantha Oltman;gear;1
Samantha Oltman;opinion;5
Samantha Oltman;science;4
Total Samantha Oltman;;11
Sameh Wahba;ideas;2
Total Sameh Wahba;;2
Sami Emory;science;2
Total Sami Emory;;2
Sami Kuusela;security;4
Total Sami Kuusela;;4
Samir Desai;business;1
Total Samir Desai;;1
Sammy Maine;science;4
Total Sammy Maine;;4
Samuel Arbesman;opinion;3
Samuel Arbesman;science;141
Samuel Arbesman;(vide);1
Total Samuel Arbesman;;145
Samuel Axon, Ars Technica;business;1
Samuel Axon, Ars Technica;gear;1
Samuel Axon, Ars Technica;security;1
Total Samuel Axon, Ars Technica;;3
Samuel Fromartz;business;1
Total Samuel Fromartz;;1
Samuel Gelerman;(vide);1
Total Samuel Gelerman;;1
Samuel Greengard;business;1
Samuel Greengard;(vide);1
Total Samuel Greengard;;2
Samuel Woodhams;security;3
Total Samuel Woodhams;;3
Samuel Woolley;business;1
Samuel Woolley;ideas;2
Total Samuel Woolley;;3
Sandeep Ravindran;science;1
Sandeep Ravindran;the big story;1
Total Sandeep Ravindran;;2
Sandeep Vaheesan;ideas;1
Total Sandeep Vaheesan;;1
Sandra Matz;ideas;2
Total Sandra Matz;;2
Sandra Sassow;science;1
Total Sandra Sassow;;1
Sandra Upson;business;11
Sandra Upson;culture;10
Sandra Upson;gear;1
Sandra Upson;science;3
Sandra Upson;the big story;19
Total Sandra Upson;;44
Sandro Galea;opinion;1
Total Sandro Galea;;1
Sandy Brundage;culture;1
Total Sandy Brundage;;1
Sandy Milne;culture;1
Total Sandy Milne;;1
Sandy Ong;business;1
Sandy Ong;culture;1
Sandy Ong;science;2
Total Sandy Ong;;4
Sandy Parakilas;business;1
Total Sandy Parakilas;;1
Sandy Sandfort;(vide);6
Total Sandy Sandfort;;6
Sanford Kwinter;(vide);1
Total Sanford Kwinter;;1
Sang Ye Translated by Geremie R. Barme;(vide);1
Total Sang Ye Translated by Geremie R. Barme;;1
Saniya Ahmed;culture;2
Total Saniya Ahmed;;2
Sanjana Varghese;business;29
Sanjana Varghese;culture;12
Sanjana Varghese;gear;2
Sanjana Varghese;science;28
Sanjana Varghese;security;5
Total Sanjana Varghese;;76
Sanjay Singhal;(vide);1
Total Sanjay Singhal;;1
Sanket Jain;science;1
Total Sanket Jain;;1
Saqib Rahim;science;2
Total Saqib Rahim;;2
Sara Aronchick Solow;culture;1
Total Sara Aronchick Solow;;1
Sara Bernard;(vide);2
Total Sara Bernard;;2
Sara Breselor;business;2
Sara Breselor;culture;2
Sara Breselor;design;1
Sara Breselor;gear;2
Sara Breselor;photo;1
Sara Breselor;science;2
Sara Breselor;(vide);1
Total Sara Breselor;;11
Sara Corbett;business;1
Total Sara Corbett;;1
Sara Harrison;business;12
Sara Harrison;culture;2
Sara Harrison;science;61
Total Sara Harrison;;75
Sara Hendren;ideas;1
Sara Hendren;the big story;1
Total Sara Hendren;;2
Sara Horowitz;the big story;1
Total Sara Horowitz;;1
Sara M Watson;business;1
Sara M Watson;opinion;1
Total Sara M Watson;;2
Sara Miles;business;17
Sara Miles;security;12
Sara Miles;(vide);7
Total Sara Miles;;36
Sara Peschel;gear;1
Total Sara Peschel;;1
Sara Solovitch;(vide);2
Total Sara Solovitch;;2
Sara Urbaez;photo;4
Total Sara Urbaez;;4
Sara Valentine;(vide);2
Total Sara Valentine;;2
Sara Van Note;science;1
Total Sara Van Note;;1
Sarah Borruso;culture;2
Sarah Borruso;(vide);2
Total Sarah Borruso;;4
Sarah Burd-Sharps;security;1
Total Sarah Burd-Sharps;;1
Sarah Burke;culture;1
Total Sarah Burke;;1
Sarah Butrymowicz;business;1
Total Sarah Butrymowicz;;1
Sarah C.P. Williams;science;1
Sarah C.P. Williams;the big story;1
Total Sarah C.P. Williams;;2
Sarah Cove;business;1
Total Sarah Cove;;1
Sarah DeWeerdt;science;1
Total Sarah DeWeerdt;;1
Sarah Dobbs;culture;1
Total Sarah Dobbs;;1
Sarah Douglas;culture;1
Sarah Douglas;science;1
Total Sarah Douglas;;2
Sarah Drinkwater;security;1
Total Sarah Drinkwater;;1
Sarah Durn;science;1
Total Sarah Durn;;1
Sarah Elizabeth Richards;the big story;2
Total Sarah Elizabeth Richards;;2
Sarah Esther Lageson;ideas;7
Total Sarah Esther Lageson;;7
Sarah Fallon;business;2
Sarah Fallon;culture;9
Sarah Fallon;design;1
Sarah Fallon;gear;4
Sarah Fallon;opinion;1
Sarah Fallon;photo;1
Sarah Fallon;science;19
Sarah Fallon;the big story;1
Total Sarah Fallon;;38
Sarah Filippi;(vide);2
Total Sarah Filippi;;2
Sarah Freeman;the big story;1
Total Sarah Freeman;;1
Sarah Gonser;business;1
Total Sarah Gonser;;1
Sarah Griffiths;business;17
Sarah Griffiths;culture;2
Sarah Griffiths;gear;2
Sarah Griffiths;science;12
Sarah Griffiths;security;1
Total Sarah Griffiths;;34
Sarah Gundle;culture;1
Sarah Gundle;science;1
Total Sarah Gundle;;2
Sarah Han;(vide);3
Total Sarah Han;;3
Sarah Haque;business;1
Total Sarah Haque;;1
Sarah Harper;business;1
Total Sarah Harper;;1
Sarah Jane Coffey;the big story;2
Total Sarah Jane Coffey;;2
Sarah Jane Keller;science;2
Total Sarah Jane Keller;;2
Sarah Jeong;opinion;2
Total Sarah Jeong;;2
Sarah Karl;(vide);1
Total Sarah Karl;;1
Sarah Keller;culture;1
Total Sarah Keller;;1
Sarah Kessler;business;1
Total Sarah Kessler;;1
Sarah Lai Stirland;business;2
Sarah Lai Stirland;security;240
Total Sarah Lai Stirland;;242
Sarah Lamdan;ideas;1
Total Sarah Lamdan;;1
Sarah Laskow;science;1
Total Sarah Laskow;;1
Sarah Lewin;science;1
Total Sarah Lewin;;1
Sarah Lewis;security;1
Total Sarah Lewis;;1
Sarah Markey;(vide);1
Total Sarah Markey;;1
Sarah Marsh;business;2
Sarah Marsh;culture;1
Total Sarah Marsh;;3
Sarah Mitroff;business;97
Total Sarah Mitroff;;97
Sarah Pinault;(vide);102
Total Sarah Pinault;;102
Sarah Ruth Bates;culture;1
Total Sarah Ruth Bates;;1
Sarah Sax;science;4
Total Sarah Sax;;4
Sarah Sclarsic;science;1
Total Sarah Sclarsic;;1
Sarah Scoles;science;153
Sarah Scoles;the big story;3
Total Sarah Scoles;;156
Sarah Seltzer;opinion;1
Total Sarah Seltzer;;1
Sarah Shearman;business;1
Total Sarah Shearman;;1
Sarah Sloat;ideas;1
Total Sarah Sloat;;1
Sarah Whiting;(vide);1
Total Sarah Whiting;;1
Sarah Witman;science;1
Total Sarah Witman;;1
Sarah Z. Wexler;science;2
Total Sarah Z. Wexler;;2
Sarah Zhang;gear;1
Sarah Zhang;photo;1
Sarah Zhang;science;179
Total Sarah Zhang;;181
Sarayu Srinivasan;ideas;1
Total Sarayu Srinivasan;;1
Saren Sakurai;(vide);1
Total Saren Sakurai;;1
Sari Caine;gear;1
Total Sari Caine;;1
Sasha Luccioni;ideas;1
Total Sasha Luccioni;;1
Sassafras Patterdale;gear;1
Sassafras Patterdale;science;1
Total Sassafras Patterdale;;2
Satya Nadella;ideas;1
Total Satya Nadella;;1
Saugat Bolakhe;science;1
Total Saugat Bolakhe;;1
Saul Klein;business;2
Total Saul Klein;;2
Sawitree Somburanakul;culture;1
Sawitree Somburanakul;science;1
Sawitree Somburanakul;security;1
Total Sawitree Somburanakul;;3
Scharon Harding, Ars Technica;culture;2
Scharon Harding, Ars Technica;gear;3
Total Scharon Harding, Ars Technica;;5
ScienceNow;science;102
Total ScienceNow;;102
Scot Hacker;(vide);1
Total Scot Hacker;;1
Scott;(vide);2
Total Scott;;2
Scott Aaronson;science;1
Total Scott Aaronson;;1
Scott Bay;culture;1
Total Scott Bay;;1
Scott Belsky;business;2
Total Scott Belsky;;2
Scott Berkun;(vide);1
Total Scott Berkun;;1
Scott Brown;business;9
Scott Brown;culture;1
Scott Brown;opinion;3
Scott Brown;(vide);8
Total Scott Brown;;21
Scott Carney;business;3
Scott Carney;culture;1
Scott Carney;science;3
Scott Carney;the big story;1
Scott Carney;(vide);2
Total Scott Carney;;10
Scott Dadich;business;3
Scott Dadich;culture;5
Scott Dadich;design;3
Scott Dadich;gear;1
Scott Dadich;opinion;1
Scott Dadich;photo;1
Scott Dadich;science;1
Scott Dadich;transportation;1
Scott Dadich;(vide);18
Total Scott Dadich;;34
Scott DiSavino;business;1
Total Scott DiSavino;;1
Scott E. Berkun;(vide);1
Total Scott E. Berkun;;1
Scott Eden;business;1
Total Scott Eden;;1
Scott Edwards;business;1
Total Scott Edwards;;1
Scott Galloway;business;1
Total Scott Galloway;;1
Scott Gant;business;1
Total Scott Gant;;1
Scott Gilbertson;business;87
Scott Gilbertson;buying guides;2
Scott Gilbertson;culture;2
Scott Gilbertson;gear;107
Scott Gilbertson;phones;1
Scott Gilbertson;privacy;1
Scott Gilbertson;security;2
Scott Gilbertson;the big story;1
Scott Gilbertson;(vide);1371
Total Scott Gilbertson;;1574
Scott Jenson;gear;1
Total Scott Jenson;;1
Scott K. Johnson, Ars Technica;science;4
Total Scott K. Johnson, Ars Technica;;4
Scott Kirsner;business;77
Scott Kirsner;culture;14
Scott Kirsner;science;2
Scott Kirsner;the big story;2
Scott Kirsner;(vide);28
Total Scott Kirsner;;123
Scott Loganbill;(vide);110
Total Scott Loganbill;;110
Scott Marengo;culture;1
Total Scott Marengo;;1
Scott Martins;(vide);2
Total Scott Martins;;2
Scott McKim;(vide);8
Total Scott McKim;;8
Scott Moore;security;1
Total Scott Moore;;1
Scott Murff;security;1
Total Scott Murff;;1
Scott Nagle;(vide);1
Total Scott Nagle;;1
Scott Neumyer;gear;1
Total Scott Neumyer;;1
Scott Pierce;culture;18
Total Scott Pierce;;18
Scott Popma;opinion;1
Total Scott Popma;;1
Scott Porch;culture;3
Total Scott Porch;;3
Scott Rosenberg;the big story;30
Scott Rosenberg;(vide);3
Total Scott Rosenberg;;33
Scott Shannon;ideas;1
Total Scott Shannon;;1
Scott Smith;business;1
Total Scott Smith;;1
Scott Steinberg;culture;3
Scott Steinberg;(vide);9
Total Scott Steinberg;;12
Scott Taves;culture;4
Scott Taves;science;1
Scott Taves;(vide);50
Total Scott Taves;;55
Scott TavesCrash Bandicoot for Sony;(vide);1
Total Scott TavesCrash Bandicoot for Sony;;1
Scott Thill;business;1
Scott Thill;culture;649
Scott Thill;(vide);240
Total Scott Thill;;890
Scott Thurm;business;11
Total Scott Thurm;;11
Scott White, Ars Technica;culture;1
Total Scott White, Ars Technica;;1
Scott Wolf;(vide);4
Total Scott Wolf;;4
Seamus Bellamy;gear;1
Total Seamus Bellamy;;1
Sean;(vide);3
Total Sean;;3
Sean Captain;security;4
Total Sean Captain;;4
Sean Carroll;science;1
Total Sean Carroll;;1
Sean Carton;science;1
Sean Carton;(vide);1
Total Sean Carton;;2
Sean Conboy;culture;2
Sean Conboy;science;1
Total Sean Conboy;;3
Sean Cooper;(vide);1
Total Sean Cooper;;1
Sean Donahue;business;136
Sean Donahue;security;2
Total Sean Donahue;;138
Sean Downey;culture;1
Total Sean Downey;;1
Sean Flynn;business;1
Total Sean Flynn;;1
Sean Gallagher;business;7
Sean Gallagher;security;2
Total Sean Gallagher;;9
Sean Gallagher, Ars Technica;security;3
Sean Gallagher, Ars Technica;transportation;1
Total Sean Gallagher, Ars Technica;;4
Sean Gourley;business;3
Total Sean Gourley;;3
Sean Hargrave;business;3
Sean Hargrave;culture;1
Total Sean Hargrave;;4
Sean Hollister;culture;1
Sean Hollister;gear;7
Total Sean Hollister;;8
Sean Howe;culture;2
Total Sean Howe;;2
Sean Lightbown;business;1
Total Sean Lightbown;;1
Sean MacDonald;gear;1
Total Sean MacDonald;;1
Sean Madden;design;1
Sean Madden;opinion;2
Total Sean Madden;;3
Sean O'Brien;security;1
Total Sean O'Brien;;1
Sean Savage;(vide);1
Total Sean Savage;;1
Sean Smith;gear;2
Total Sean Smith;;2
Sean T. Collins;culture;26
Sean T. Collins;opinion;1
Total Sean T. Collins;;27
Sean Tracy;science;1
Total Sean Tracy;;1
Sean Trowbridge;culture;1
Total Sean Trowbridge;;1
Sean W. Fleming;science;1
Sean W. Fleming;(vide);1
Total Sean W. Fleming;;2
Sean Wagstaff;science;2
Sean Wagstaff;(vide);2
Total Sean Wagstaff;;4
Sean Welch;science;1
Total Sean Welch;;1
Sean Williams;business;6
Sean Williams;culture;1
Sean Williams;science;1
Sean Williams;the big story;1
Total Sean Williams;;9
Seb Patrick;culture;1
Total Seb Patrick;;1
Sebastian Bonilla;science;1
Total Sebastian Bonilla;;1
Sebastian Seung;science;1
Total Sebastian Seung;;1
Sebastian Siemiatkowski;business;1
Total Sebastian Siemiatkowski;;1
Sebastian Skov Andersen;culture;3
Total Sebastian Skov Andersen;;3
Sebastian Thrun;business;1
Total Sebastian Thrun;;1
Seema Yasmin;the big story;1
Total Seema Yasmin;;1
Sen Captain;(vide);1
Total Sen Captain;;1
Senad Zukic;business;1
Total Senad Zukic;;1
Senator John McCain;opinion;1
Total Senator John McCain;;1
Senator Orrin Hatch;business;1
Total Senator Orrin Hatch;;1
Senator Ron Wyden;opinion;2
Total Senator Ron Wyden;;2
Sendhil Mullainathan;business;1
Total Sendhil Mullainathan;;1
Serena Williams;business;1
Total Serena Williams;;1
Sergei Blagov;business;1
Total Sergei Blagov;;1
Sergey Kuznetsov;culture;2
Sergey Kuznetsov;science;1
Sergey Kuznetsov;security;1
Total Sergey Kuznetsov;;4
serial entrepreneur Andy Chapman;(vide);1
Total serial entrepreneur Andy Chapman;;1
Seth Abramovitch;security;1
Total Seth Abramovitch;;1
Seth Barton;culture;1
Seth Barton;gear;1
Total Seth Barton;;2
Seth Birnbaum;opinion;1
Total Seth Birnbaum;;1
Seth Chandler;(vide);1
Total Seth Chandler;;1
Seth Feman;(vide);12
Total Seth Feman;;12
Seth Kadish;culture;1
Seth Kadish;science;5
Seth Kadish;security;1
Total Seth Kadish;;7
Seth Kaplan;(vide);15
Total Seth Kaplan;;15
Seth Mnookin;culture;1
Total Seth Mnookin;;1
Seth Neel;business;1
Total Seth Neel;;1
Seth Rosenthal;(vide);3
Total Seth Rosenthal;;3
Seth Ross Kaplan;security;1
Total Seth Ross Kaplan;;1
Seth Stephens-Davidowitz;business;1
Seth Stephens-Davidowitz;ideas;1
Total Seth Stephens-Davidowitz;;2
Seyi Akiwowo;ideas;1
Total Seyi Akiwowo;;1
Seymour Papert;(vide);1
Total Seymour Papert;;1
Shabbir J.Safdar;(vide);1
Total Shabbir J.Safdar;;1
Shadim Hussain;ideas;1
Total Shadim Hussain;;1
Shahed Ezaydi;business;2
Total Shahed Ezaydi;;2
Shailee Adinolfi;ideas;1
Total Shailee Adinolfi;;1
Shana Ting Lipton;gear;1
Total Shana Ting Lipton;;1
Shane Harris;business;1
Total Shane Harris;;1
Shane Snow;business;3
Shane Snow;culture;5
Shane Snow;(vide);1
Total Shane Snow;;9
Shannon Hall;science;4
Total Shannon Hall;;4
Shannon McGregor;ideas;1
Total Shannon McGregor;;1
Shannon Osaka;science;1
Total Shannon Osaka;;1
SHANNON PALUS;science;1
Total SHANNON PALUS;;1
Shannon Stirone;photo;123
Shannon Stirone;science;13
Total Shannon Stirone;;136
Shanti Escalante-De Mattei;culture;1
Shanti Escalante-De Mattei;ideas;1
Total Shanti Escalante-De Mattei;;2
Shara Tonn;business;1
Shara Tonn;gear;1
Shara Tonn;science;12
Total Shara Tonn;;14
Sharael Feist;business;1
Total Sharael Feist;;1
Sharon Begley;business;1
Sharon Begley;(vide);1
Total Sharon Begley;;2
Sharon Lin;ideas;1
Total Sharon Lin;;1
Sharon Waters;gear;1
Sharon Waters;security;1
Total Sharon Waters;;2
Sharon Weinberger;business;2
Sharon Weinberger;culture;1
Sharon Weinberger;science;1
Sharon Weinberger;security;372
Total Sharon Weinberger;;376
Sharone Horowit-Hendler;ideas;1
Total Sharone Horowit-Hendler;;1
Shaun Assael;(vide);1
Total Shaun Assael;;1
Shaun Raviv;business;1
Shaun Raviv;the big story;1
Total Shaun Raviv;;2
Shaw Warren;business;1
Total Shaw Warren;;1
Shawn Yuan;the big story;1
Total Shawn Yuan;;1
Shay Hershkovitz;opinion;1
Total Shay Hershkovitz;;1
Shayla Love;ideas;2
Total Shayla Love;;2
Sheila Muto;(vide);1
Total Sheila Muto;;1
Sheila Warren;ideas;1
Total Sheila Warren;;1
Shelby Carpenter;science;1
Total Shelby Carpenter;;1
Sheldon J. Monnesh;(vide);1
Total Sheldon J. Monnesh;;1
Sheldon Teitelbaum;(vide);7
Total Sheldon Teitelbaum;;7
Shelley Dubois;business;6
Shelley Dubois;security;3
Total Shelley Dubois;;9
Shem Malmquist;ideas;1
Total Shem Malmquist;;1
Sheon Han;business;2
Sheon Han;ideas;3
Total Sheon Han;;5
Sheril Kirshenbaum;science;124
Total Sheril Kirshenbaum;;124
Sherrell Dorsey;business;1
Total Sherrell Dorsey;;1
Sherrod Brown;business;1
Sherrod Brown;ideas;1
Total Sherrod Brown;;2
Sherry Turkle;(vide);1
Total Sherry Turkle;;1
Sherwin Siy;opinion;1
Total Sherwin Siy;;1
Sheryl Oring;culture;19
Sheryl Oring;security;3
Total Sheryl Oring;;22
Sheryl Stillman;business;1
Total Sheryl Stillman;;1
Shimona Mehta;ideas;1
Total Shimona Mehta;;1
Shin Asada;science;1
Total Shin Asada;;1
Shira Telushkin;culture;1
Total Shira Telushkin;;1
Shirley Li;culture;17
Shirley Li;design;1
Total Shirley Li;;18
Shonquis Moreno;(vide);1
Total Shonquis Moreno;;1
Shoshana Berger;culture;1
Shoshana Berger;design;10
Shoshana Berger;science;1
Shoshana Berger;(vide);5
Total Shoshana Berger;;17
Shradha Sharma;business;1
Total Shradha Sharma;;1
Shreya Dasgupta;science;1
Total Shreya Dasgupta;;1
Shruti Ravindran;design;1
Shruti Ravindran;science;1
Total Shruti Ravindran;;2
Shubham Agarwal;business;2
Total Shubham Agarwal;;2
Shumi Bose;science;1
Total Shumi Bose;;1
Sian Bradley;business;13
Sian Bradley;culture;13
Sian Bradley;photo;1
Sian Bradley;science;14
Sian Bradley;security;1
Total Sian Bradley;;42
Sid Perkins;science;1
Total Sid Perkins;;1
Sid Perkins, Science News;science;18
Total Sid Perkins, Science News;;18
Sid Sijbrandij;ideas;1
Total Sid Sijbrandij;;1
Sidney Fussell;business;49
Sidney Fussell;ideas;1
Sidney Fussell;science;4
Total Sidney Fussell;;54
Sierra Garcia;science;1
Total Sierra Garcia;;1
Signe Brewster;culture;2
Signe Brewster;design;1
Signe Brewster;gear;1
Signe Brewster;science;2
Signe Brewster;the big story;7
Signe Brewster;(vide);1
Total Signe Brewster;;14
Silkie Carlo;security;1
Total Silkie Carlo;;1
Simar Bajaj;science;1
Total Simar Bajaj;;1
Simine Vazire;ideas;1
Total Simine Vazire;;1
Simon Baron-Cohen;business;1
Total Simon Baron-Cohen;;1
Simon Burns;gear;2
Simon Burns;science;2
Total Simon Burns;;4
Simon C Y Wong;opinion;1
Total Simon C Y Wong;;1
Simon Chandler;business;3
Simon Chandler;the big story;1
Total Simon Chandler;;4
Simon Davies;(vide);2
Total Simon Davies;;2
Simon De Burton;business;1
Simon De Burton;gear;1
Total Simon De Burton;;2
Simon Hill;culture;3
Simon Hill;gear;105
Simon Hill;how to and advice;1
Simon Hill;science;1
Total Simon Hill;;110
Simon Kuper, Wired UK;business;1
Total Simon Kuper, Wired UK;;1
Simon Lucas;business;2
Simon Lucas;gear;43
Total Simon Lucas;;45
Simon Metcalf;gear;1
Total Simon Metcalf;;1
Simon Munk;culture;5
Total Simon Munk;;5
Simon Norfolk;(vide);1
Total Simon Norfolk;;1
Simon Parkin;business;2
Simon Parkin;science;1
Total Simon Parkin;;3
Simon Rogers;business;1
Total Simon Rogers;;1
Simon Van Zuylen-Wood;culture;1
Total Simon Van Zuylen-Wood;;1
Simon Ward;business;2
Simon Ward;gear;1
Total Simon Ward;;3
Simon Wheatcroft;culture;8
Total Simon Wheatcroft;;8
Simon Winchester;science;1
Simon Winchester;the big story;1
Total Simon Winchester;;2
Simone Ross;the big story;1
Total Simone Ross;;1
Simone Stolzoff;gear;2
Total Simone Stolzoff;;2
Simone Weichselbaum;security;1
Total Simone Weichselbaum;;1
simonlutrin;(vide);1
Total simonlutrin;;1
Simran Sethi;science;2
Total Simran Sethi;;2
Simson;(vide);1
Total Simson;;1
Simson Garfinkel;business;1
Simson Garfinkel;culture;1
Simson Garfinkel;gear;3
Simson Garfinkel;opinion;2
Simson Garfinkel;science;38
Simson Garfinkel;security;3
Simson Garfinkel;(vide);61
Total Simson Garfinkel;;109
Simson L. Garfinkel;(vide);37
Total Simson L. Garfinkel;;37
Siobhan Roberts;science;3
Total Siobhan Roberts;;3
Siobhan Scarry;culture;6
Total Siobhan Scarry;;6
Sir Arthur C. Clarke;opinion;1
Total Sir Arthur C. Clarke;;1
Sirin Kale, Wired UK;business;1
Sirin Kale, Wired UK;science;2
Sirin Kale, Wired UK;security;1
Sirin Kale, Wired UK;the big story;1
Total Sirin Kale, Wired UK;;5
Siva Vaidhyanathan;business;1
Siva Vaidhyanathan;ideas;5
Total Siva Vaidhyanathan;;6
Skip Kaltenheuser;business;2
Skip Kaltenheuser;science;1
Skip Kaltenheuser;security;3
Skip Kaltenheuser;(vide);2
Total Skip Kaltenheuser;;8
Sofia Barnett;culture;3
Total Sofia Barnett;;3
Sofia Quaglia;science;1
Total Sofia Quaglia;;1
Sol Neelman;culture;25
Total Sol Neelman;;25
Somdyuti Datta Ray;culture;1
Total Somdyuti Datta Ray;;1
Sonal Chokshi;opinion;3
Total Sonal Chokshi;;3
Sonali De Rycker;business;1
Sonali De Rycker;science;1
Total Sonali De Rycker;;2
Song Exploder;culture;30
Total Song Exploder;;30
Sonia Paul;the big story;5
Total Sonia Paul;;5
Sonia Zjawinski;culture;219
Sonia Zjawinski;gear;1
Sonia Zjawinski;science;1
Sonia Zjawinski;(vide);68
Total Sonia Zjawinski;;289
Sonja Peteranderl;science;1
Total Sonja Peteranderl;;1
Sonner Kehrt;business;1
Sonner Kehrt;security;1
Sonner Kehrt;the big story;1
Total Sonner Kehrt;;3
Sonya Bennett-Brandt;the big story;1
Total Sonya Bennett-Brandt;;1
Sonya Yuan;security;1
Total Sonya Yuan;;1
Sophia Banay;business;1
Sophia Banay;culture;2
Total Sophia Banay;;3
Sophia Chen;business;1
Sophia Chen;photo;1
Sophia Chen;science;125
Total Sophia Chen;;127
Sophia Epstein;business;63
Sophia Epstein;culture;25
Sophia Epstein;gear;3
Sophia Epstein;science;11
Sophia Epstein;security;4
Total Sophia Epstein;;106
Sophia Laurenzi;business;1
Total Sophia Laurenzi;;1
Sophia V. Schweitzer;science;1
Total Sophia V. Schweitzer;;1
Sophia Vinogradov;culture;1
Total Sophia Vinogradov;;1
Sophia Waterfield;business;2
Total Sophia Waterfield;;2
Sophie Brown;culture;1
Sophie Brown;science;1
Sophie Brown;(vide);100
Total Sophie Brown;;102
Sophie Caldecott;gear;1
Total Sophie Caldecott;;1
Sophie Charara;business;28
Sophie Charara;culture;17
Sophie Charara;gear;35
Sophie Charara;science;5
Total Sophie Charara;;85
Sophie Egan;science;1
Total Sophie Egan;;1
Sophie Hackford;science;1
Total Sophie Hackford;;1
Sophie Hardach;business;1
Total Sophie Hardach;;1
Sophie Hines;science;1
Total Sophie Hines;;1
Sophie Knight;the big story;1
Total Sophie Knight;;1
Sophie Wilkinson;gear;1
Total Sophie Wilkinson;;1
Speed Tribes is an important book because it crushes the clichés both the insults;(vide);1
Total Speed Tribes is an important book because it crushes the clichés both the insults;;1
Spencer Ackerman;business;1
Spencer Ackerman;culture;1
Spencer Ackerman;security;928
Total Spencer Ackerman;;930
Spencer Ackerman and David Axe;security;1
Total Spencer Ackerman and David Axe;;1
Spencer Ackerman and Noah Shachtman;security;17
Total Spencer Ackerman and Noah Shachtman;;17
Spencer Ante;business;3
Spencer Ante;culture;8
Spencer Ante;science;5
Spencer Ante;security;35
Spencer Ante;(vide);1
Total Spencer Ante;;52
Spencer E. Ante;(vide);17
Total Spencer E. Ante;;17
Spencer Jakab;ideas;1
Total Spencer Jakab;;1
Spencer Reiss;business;7
Spencer Reiss;culture;1
Spencer Reiss;ideas;1
Spencer Reiss;science;4
Spencer Reiss;security;2
Spencer Reiss;(vide);21
Total Spencer Reiss;;36
spencer_ackerman;security;1
Total spencer_ackerman;;1
Srðja Popović;business;1
Total Srðja Popović;;1
Sridhar Pappu;(vide);2
Total Sridhar Pappu;;2
Sridhar Ramaswamy;business;1
Total Sridhar Ramaswamy;;1
Stacey Henley;culture;1
Total Stacey Henley;;1
Stacey Smith Lang;(vide);5
Total Stacey Smith Lang;;5
Staci D. Kramer;business;6
Staci D. Kramer;culture;2
Staci D. Kramer;gear;1
Total Staci D. Kramer;;9
Stacy L. Smith;culture;1
Total Stacy L. Smith;;1
Stacy Osbaum;(vide);4
Total Stacy Osbaum;;4
Stacy S. Kim;gear;1
Total Stacy S. Kim;;1
Staff;gear;1
Total Staff;;1
Stan Boland;business;1
Total Stan Boland;;1
Stanley S. Litow;opinion;1
Total Stanley S. Litow;;1
STANLEY YANG;science;1
Total STANLEY YANG;;1
staying nimble and dodging trouble;(vide);1
Total staying nimble and dodging trouble;;1
Stefan Al;ideas;1
Total Stefan Al;;1
Stefan Antonowicz;gear;1
Total Stefan Antonowicz;;1
Stefan Olander;business;1
Total Stefan Olander;;1
Stefan Sagmeister;culture;1
Total Stefan Sagmeister;;1
Stefania Gozzer;business;1
Total Stefania Gozzer;;1
Stefano Fasano;science;1
Total Stefano Fasano;;1
Stephan Boissonneault;culture;1
Total Stephan Boissonneault;;1
Stephan Somogyi;(vide);24
Total Stephan Somogyi;;24
Stephanie Bouchet;business;1
Total Stephanie Bouchet;;1
Stephanie Bucklin;science;1
Total Stephanie Bucklin;;1
Stephanie Comer;(vide);1
Total Stephanie Comer;;1
Stephanie Gregory;(vide);1
Total Stephanie Gregory;;1
Stephanie Hare;business;1
Stephanie Hare;ideas;1
Total Stephanie Hare;;2
Stephanie McNeal;ideas;1
Total Stephanie McNeal;;1
Stephanie Mencimer;science;2
Total Stephanie Mencimer;;2
Stephanie Parker;science;1
Total Stephanie Parker;;1
Stephanie Pearson;culture;1
Stephanie Pearson;gear;8
Total Stephanie Pearson;;9
Stephanie Pell;opinion;1
Total Stephanie Pell;;1
Stephanie Thien Hang Nguyen;business;1
Total Stephanie Thien Hang Nguyen;;1
Stéphanie Thomson;gear;1
Total Stéphanie Thomson;;1
Stephanie Tilenius;gear;1
Total Stephanie Tilenius;;1
Stephanie Williamson;culture;1
Total Stephanie Williamson;;1
Stephannie Hibbard;(vide);1
Total Stephannie Hibbard;;1
Stephen Armstrong;business;51
Stephen Armstrong;culture;10
Stephen Armstrong;gear;2
Stephen Armstrong;ideas;1
Stephen Armstrong;science;27
Stephen Armstrong;security;3
Stephen Armstrong;the big story;8
Total Stephen Armstrong;;102
Stephen Beck;(vide);2
Total Stephen Beck;;2
Stephen Buranyi;science;1
Total Stephen Buranyi;;1
Stephen Cave;business;1
Total Stephen Cave;;1
Stephen Clark, Ars Technica;science;2
Stephen Clark, Ars Technica;security;2
Total Stephen Clark, Ars Technica;;4
Stephen Colbert;(vide);1
Total Stephen Colbert;;1
Stephen Harrison;business;1
Total Stephen Harrison;;1
Stephen Hawking;science;2
Total Stephen Hawking;;2
Stephen J. Obie;business;1
Total Stephen J. Obie;;1
Stephen Jacobs;science;1
Stephen Jacobs;(vide);6
Total Stephen Jacobs;;7
Stephen Jacobss;(vide);1
Total Stephen Jacobss;;1
Stephen Keating;(vide);2
Total Stephen Keating;;2
Stephen Kelly;business;5
Stephen Kelly;culture;22
Stephen Kelly;science;2
Total Stephen Kelly;;29
Stephen Leahy;business;1
Stephen Leahy;culture;1
Stephen Leahy;science;22
Stephen Leahy;security;1
Stephen Leahy;transportation;1
Total Stephen Leahy;;26
Stephen Lurie;the big story;1
Total Stephen Lurie;;1
Stephen McArthur;culture;1
Total Stephen McArthur;;1
Stephen Nowicki;privacy;1
Total Stephen Nowicki;;1
Stephen Ornes;science;3
Total Stephen Ornes;;3
Stephen Parkinson;culture;1
Total Stephen Parkinson;;1
Stephen Pulvirent;gear;4
Total Stephen Pulvirent;;4
Stephen S. Hall;science;1
Stephen S. Hall;the big story;1
Total Stephen S. Hall;;2
Stephen Thomas;ideas;1
Total Stephen Thomas;;1
Stephen Wark;(vide);1
Total Stephen Wark;;1
Stephen Witt;science;1
Total Stephen Witt;;1
Stephen Wolfram;business;1
Stephen Wolfram;opinion;1
Stephen Wolfram;science;2
Stephen Wolfram;the big story;10
Total Stephen Wolfram;;14
Stephen Zoepf;ideas;1
Total Stephen Zoepf;;1
Stephon Alexander;science;1
Total Stephon Alexander;;1
Steve A. Glaser;(vide);2
Total Steve A. Glaser;;2
Steve Baxter;culture;3
Steve Baxter;(vide);6
Total Steve Baxter;;9
Steve Bodow;(vide);39
Total Steve Bodow;;39
Steve Ciatti, Argonne National Laboratory;gear;1
Total Steve Ciatti, Argonne National Laboratory;;1
Steve Cisler;(vide);1
Total Steve Cisler;;1
Steve Connelly;(vide);1
Total Steve Connelly;;1
Steve Daly;culture;2
Total Steve Daly;;2
Steve Fishman;(vide);1
Total Steve Fishman;;1
Steve Friess;business;6
Steve Friess;culture;18
Steve Friess;science;6
Steve Friess;security;2
Total Steve Friess;;32
Steve Fuller;business;1
Total Steve Fuller;;1
Steve G. Steinberg;business;4
Steve G. Steinberg;culture;10
Steve G. Steinberg;science;13
Steve G. Steinberg;(vide);52
Total Steve G. Steinberg;;79
Steve Haske;culture;3
Total Steve Haske;;3
Steve Hayden;(vide);1
Total Steve Hayden;;1
Steve Holtzman;(vide);1
Total Steve Holtzman;;1
Steve Kettmann;business;13
Steve Kettmann;culture;89
Steve Kettmann;gear;3
Steve Kettmann;science;32
Steve Kettmann;security;64
Steve Kettmann;transportation;1
Total Steve Kettmann;;202
Steve Kettmann James Glave;science;2
Total Steve Kettmann James Glave;;2
Steve Knopper;business;1
Steve Knopper;science;5
Steve Knopper;(vide);2
Total Steve Knopper;;8
Steve Kotler;(vide);1
Total Steve Kotler;;1
Steve May;business;1
Steve May;culture;1
Steve May;gear;2
Total Steve May;;4
Steve Meloan;(vide);2
Total Steve Meloan;;2
Steve Miller;(vide);1
Total Steve Miller;;1
Steve Mollman;business;1
Steve Mollman;culture;1
Steve Mollman;gear;1
Steve Mollman;science;2
Steve Mollman;security;1
Steve Mollman;(vide);8
Total Steve Mollman;;14
Steve Nadis;science;7
Steve Nadis;(vide);2
Total Steve Nadis;;9
Steve Rapport;(vide);2
Total Steve Rapport;;2
Steve Rhodes;(vide);2
Total Steve Rhodes;;2
Steve Rosenbush;business;1
Total Steve Rosenbush;;1
Steve Rushin;culture;1
Total Steve Rushin;;1
Steve Shipside;culture;1
Total Steve Shipside;;1
Steve Silberman;business;8
Steve Silberman;culture;345
Steve Silberman;gear;1
Steve Silberman;science;5
Steve Silberman;security;14
Steve Silberman;(vide);44
Total Steve Silberman;;417
Steve Smith;business;1
Total Steve Smith;;1
Steve Speer;(vide);4
Total Steve Speer;;4
Steve Steinberg;(vide);4
Total Steve Steinberg;;4
Steve Steinberg hypelist@wired.com;(vide);1
Total Steve Steinberg hypelist@wired.com;;1
Steve Stewart-Williams;science;1
Total Steve Stewart-Williams;;1
Steve Withers;gear;11
Total Steve Withers;;11
Steven Alan Edwards;culture;1
Total Steven Alan Edwards;;1
Steven Bodzin;security;4
Total Steven Bodzin;;4
Steven Brill;the big story;1
Total Steven Brill;;1
Steven Brody;science;10
Total Steven Brody;;10
Steven D. Levitt;(vide);1
Total Steven D. Levitt;;1
Steven Edwards;gear;1
Steven Edwards;science;52
Steven Edwards;(vide);14
Total Steven Edwards;;67
Steven Gonzalez Monserrate;ideas;1
Total Steven Gonzalez Monserrate;;1
Steven Gulie;(vide);2
Total Steven Gulie;;2
Steven Heller;design;9
Total Steven Heller;;9
Steven Hill;opinion;1
Total Steven Hill;;1
Steven J. Horowitz;culture;1
Total Steven J. Horowitz;;1
Steven Johnson;business;2
Steven Johnson;opinion;1
Steven Johnson;the big story;3
Steven Johnson;(vide);9
Total Steven Johnson;;15
Steven Kent;(vide);2
Total Steven Kent;;2
Steven Kotler;science;3
Steven Kotler;(vide);14
Total Steven Kotler;;17
Steven Leckart;business;1
Steven Leckart;culture;20
Steven Leckart;gear;4
Steven Leckart;science;3
Steven Leckart;(vide);18
Total Steven Leckart;;46
Steven Levy;business;257
Steven Levy;culture;4
Steven Levy;gear;8
Steven Levy;opinion;3
Steven Levy;science;22
Steven Levy;security;4
Steven Levy;the big story;155
Steven Levy;transportation;3
Steven Levy;(vide);54
Total Steven Levy;;510
Steven Meloan;culture;3
Total Steven Meloan;;3
Steven Monacelli;business;1
Total Steven Monacelli;;1
Steven Nereo;science;1
Steven Nereo;(vide);3
Total Steven Nereo;;4
Steven Overman;(vide);2
Total Steven Overman;;2
Steven Pinker;(vide);1
Total Steven Pinker;;1
Steven RivkinBy Jaron LanierBy Simson GarfinkelBy Peter CassidyBy G. BeatoBy Tom Claburn;(vide);1
Total Steven RivkinBy Jaron LanierBy Simson GarfinkelBy Peter CassidyBy G. BeatoBy Tom Claburn;;1
Steven Speer;(vide);1
Total Steven Speer;;1
Stewart A. Baker;ideas;1
Stewart A. Baker;(vide);1
Total Stewart A. Baker;;2
Stewart Baker;(vide);1
Total Stewart Baker;;1
Stewart Brand;(vide);10
Total Stewart Brand;;10
Stewart Rutledge;gear;1
Stewart Rutledge;(vide);10
Total Stewart Rutledge;;11
Stewart Taggart;business;18
Stewart Taggart;culture;5
Stewart Taggart;science;46
Stewart Taggart;security;37
Stewart Taggart;(vide);7
Total Stewart Taggart;;113
Stinson Carter;gear;2
Total Stinson Carter;;2
Stowe Boyd;the big story;1
Total Stowe Boyd;;1
Stu Horvath;culture;2
Stu Horvath;(vide);1
Total Stu Horvath;;3
Stuart Cudlitz;(vide);1
Total Stuart Cudlitz;;1
Stuart Deutsch;design;1
Total Stuart Deutsch;;1
Stuart Dredge;culture;1
Total Stuart Dredge;;1
Stuart Firestein;opinion;1
Total Stuart Firestein;;1
Stuart Hood;science;1
Total Stuart Hood;;1
Stuart Luman;(vide);19
Total Stuart Luman;;19
Stuart Mangrum;(vide);1
Total Stuart Mangrum;;1
Stuart McGurk;the big story;1
Total Stuart McGurk;;1
Stuart Moulthrop;(vide);1
Total Stuart Moulthrop;;1
Stuart Schwartzapfel;gear;22
Total Stuart Schwartzapfel;;22
Subhajit Basu;business;2
Subhajit Basu;ideas;1
Total Subhajit Basu;;3
Suchi Rudra;science;1
Total Suchi Rudra;;1
Sucksters;(vide);1
Total Sucksters;;1
Sue Johnson;opinion;1
Total Sue Johnson;;1
suellentrop;business;1
Total suellentrop;;1
Suhita Shirodkar;culture;3
Total Suhita Shirodkar;;3
Sukhada Tatke;culture;1
Sukhada Tatke;science;1
Total Sukhada Tatke;;2
Sulagna Misra;culture;2
Total Sulagna Misra;;2
Sumit Paul-Choudhury;culture;2
Sumit Paul-Choudhury;(vide);2
Total Sumit Paul-Choudhury;;4
Suneel Ratan;business;9
Suneel Ratan;culture;30
Suneel Ratan;science;4
Suneel Ratan;security;3
Total Suneel Ratan;;46
Sunny Bains;(vide);3
Total Sunny Bains;;3
Supratik Guha, Director, Physical Sciences Department, IBM Research;science;1
Total Supratik Guha, Director, Physical Sciences Department, IBM Research;;1
Suraj Patel;ideas;1
Total Suraj Patel;;1
Susan Arendt;culture;1011
Total Susan Arendt;;1011
Susan Arendt Chris Kohler;culture;1
Total Susan Arendt Chris Kohler;;1
Susan C. Herring;science;1
Total Susan C. Herring;;1
Susan Crawford;business;4
Susan Crawford;ideas;36
Susan Crawford;opinion;6
Susan Crawford;the big story;66
Total Susan Crawford;;112
Susan D'Agostino;business;1
Total Susan D'Agostino;;1
Susan Karlin;(vide);1
Total Susan Karlin;;1
Susan Kuchinskas;business;2
Susan Kuchinskas;culture;18
Susan Kuchinskas;science;10
Susan Kuchinskas;(vide);4
Total Susan Kuchinskas;;34
Susan Liautaud;science;1
Total Susan Liautaud;;1
Susan McCarthy;(vide);4
Total Susan McCarthy;;4
Susan Milius, Science News;science;24
Total Susan Milius, Science News;;24
Susan Milligan;(vide);1
Total Susan Milligan;;1
Susan Moran;(vide);1
Total Susan Moran;;1
Susan Shapiro;gear;2
Total Susan Shapiro;;2
Susan Stryker;(vide);1
Total Susan Stryker;;1
Susan Wu;the big story;1
Total Susan Wu;;1
Susana Ferreira;the big story;1
Total Susana Ferreira;;1
Susannah Breslin;culture;3
Total Susannah Breslin;;3
Susanne Althoff;culture;1
Total Susanne Althoff;;1
Sushmita Pathak;science;1
Total Sushmita Pathak;;1
Susie Cagle;opinion;1
Susie Cagle;the big story;1
Total Susie Cagle;;2
Suzana Herculano-Houzel;science;1
Total Suzana Herculano-Houzel;;1
Suzannah Showler;ideas;1
Total Suzannah Showler;;1
Suzanne Ashe;(vide);14
Total Suzanne Ashe;;14
Suzanne Goldenberg;science;2
Total Suzanne Goldenberg;;2
Suzanne Goldenberg, The Guardian;science;2
Total Suzanne Goldenberg, The Guardian;;2
Suzanne Lazear;(vide);17
Total Suzanne Lazear;;17
Suzanne Leigh;science;1
Total Suzanne Leigh;;1
Suzanne Sataline;the big story;1
Total Suzanne Sataline;;1
Suzanne Simard;the big story;1
Total Suzanne Simard;;1
Suzie Glassman;gear;3
Total Suzie Glassman;;3
Swapna Krishna;culture;38
Swapna Krishna;science;
Total Swapna Krishna;;38
Sydney Skybetter;ideas;2
Total Sydney Skybetter;;2
Sylvia A. Earle;(vide);1
Total Sylvia A. Earle;;1
Sylvia Acevedo;ideas;1
Total Sylvia Acevedo;;1
Sylvia Paull;(vide);6
Total Sylvia Paull;;6
Sylvia Tara;science;1
Total Sylvia Tara;;1
Syriacus Buguzi;science;1
Total Syriacus Buguzi;;1
T. A. Gruneisen;gear;1
Total T. A. Gruneisen;;1
T. Trent Gegax;(vide);1
Total T. Trent Gegax;;1
Taavet Hinrikus;business;1
Total Taavet Hinrikus;;1
Tabi Jensen;ideas;1
Total Tabi Jensen;;1
Tabitha Powledge;(vide);1
Total Tabitha Powledge;;1
Tade Thompson;culture;1
Total Tade Thompson;;1
Tamara Palmer;culture;2
Tamara Palmer;(vide);23
Total Tamara Palmer;;25
Tamas Locher;business;1
Total Tamas Locher;;1
Tammy Rabideau;gear;1
Total Tammy Rabideau;;1
Tania Boler;business;1
Total Tania Boler;;1
Tania Hershman;business;9
Tania Hershman;culture;7
Tania Hershman;gear;1
Tania Hershman;science;19
Tania Hershman;security;19
Total Tania Hershman;;55
Tania Wilmer;(vide);3
Total Tania Wilmer;;3
Tank Menzies;(vide);12
Total Tank Menzies;;12
Tanner Laguatan;culture;1
Total Tanner Laguatan;;1
Tanya Filer;ideas;1
Total Tanya Filer;;1
Tanya Grassley;business;1
Total Tanya Grassley;;1
Tanya Lewis;culture;1
Tanya Lewis;science;25
Total Tanya Lewis;;26
Tara Donnelly;science;1
Total Tara Donnelly;;1
Tara García Mathewson;business;1
Total Tara García Mathewson;;1
Tara Haelle;science;3
Total Tara Haelle;;3
Tara Lemmey;culture;1
Total Tara Lemmey;;1
Tara Wadhwa;business;1
Total Tara Wadhwa;;1
Taras Grescoe;science;1
Taras Grescoe;(vide);1
Total Taras Grescoe;;2
Tarleton Gillespie;business;1
Total Tarleton Gillespie;;1
Tascha Che;ideas;1
Total Tascha Che;;1
Tasmin Lockwood;science;1
Total Tasmin Lockwood;;1
Tautvile Daugelaite;culture;1
Tautvile Daugelaite;security;1
Total Tautvile Daugelaite;;2
Tavis Allison;(vide);1
Total Tavis Allison;;1
Tawana Petty;ideas;1
Total Tawana Petty;;1
Taylor;science;4
Total Taylor;;4
Taylor Glascock;culture;1
Taylor Glascock;design;19
Taylor Glascock;gear;6
Taylor Glascock;photo;37
Total Taylor Glascock;;63
te;(vide);3
Total te;;3
Ted Conover;(vide);1
Total Ted Conover;;1
Ted Greenwald;business;9
Ted Greenwald;design;1
Ted Greenwald;gear;1
Ted Greenwald;science;3
Ted Greenwald;(vide);18
Total Ted Greenwald;;32
Ted Johnson;opinion;1
Ted Johnson;security;1
Total Ted Johnson;;2
Ted Nugent;(vide);1
Total Ted Nugent;;1
Ted Roberts;culture;2
Ted Roberts;science;4
Ted Roberts;(vide);1
Total Ted Roberts;;7
Ted Rose;(vide);2
Total Ted Rose;;2
Ted Selker;opinion;1
Total Ted Selker;;1
Ted Sherman;science;1
Total Ted Sherman;;1
Ted Trautman;culture;1
Total Ted Trautman;;1
Ted Williams;science;1
Total Ted Williams;;1
Teeuwynn Woodruff;culture;1
Teeuwynn Woodruff;(vide);4
Total Teeuwynn Woodruff;;5
Tej Rekhi;business;1
Total Tej Rekhi;;1
Telstar Logistics;(vide);1
Total Telstar Logistics;;1
Temple Grandin;opinion;2
Total Temple Grandin;;2
Terrell McSweeny;business;2
Terrell McSweeny;security;1
Total Terrell McSweeny;;3
Terrence Russell;business;138
Terrence Russell;culture;7
Terrence Russell;design;1
Terrence Russell;gear;12
Terrence Russell;(vide);3
Total Terrence Russell;;161
Terry Bennett;opinion;1
Total Terry Bennett;;1
Terry Virts;science;1
Total Terry Virts;;1
Tess Owen;politics;5
Total Tess Owen;;5
Tessa Rumsey;business;1
Tessa Rumsey;culture;2
Tessa Rumsey;(vide);9
Total Tessa Rumsey;;12
Tetsutaro Saijo;gear;1
Total Tetsutaro Saijo;;1
Thad Starner;opinion;1
Total Thad Starner;;1
Thanks to Bryan Gonzales;(vide);1
Total Thanks to Bryan Gonzales;;1
The Backchannel Team;the big story;17
The Backchannel Team;(vide);1
Total The Backchannel Team;;18
The Cocktail Correspondent;culture;4
Total The Cocktail Correspondent;;4
The Cyborg Jillian Weise;ideas;1
Total The Cyborg Jillian Weise;;1
The Duchess of Churl;(vide);1
Total The Duchess of Churl;;1
The Editors;culture;2
The Editors;ideas;1
The Editors;(vide);1
Total The Editors;;4
the editors of Wired;(vide);1
Total the editors of Wired;;1
The Founders of PubPeer;opinion;1
Total The Founders of PubPeer;;1
The Huffington Post;science;1
Total The Huffington Post;;1
The Hyperformr;(vide);1
Total The Hyperformr;;1
The Security Crank;security;3
Total The Security Crank;;3
The Staff of Danger Room;security;2
Total The Staff of Danger Room;;2
The Sucksters;culture;130
The Sucksters;security;6
The Sucksters;(vide);1
Total The Sucksters;;137
The Views of Geoffrey A. Manne;business;1
Total The Views of Geoffrey A. Manne;;1
The Views of Reshma Saujani;business;1
Total The Views of Reshma Saujani;;1
Theo Nicitopoulos;science;1
Total Theo Nicitopoulos;;1
Theresa Everline;culture;1
Total Theresa Everline;;1
Theron Mohamed;science;1
Total Theron Mohamed;;1
Thessaly La Force;culture;1
Total Thessaly La Force;;1
Theta Pavis;business;8
Theta Pavis;culture;39
Theta Pavis;science;17
Theta Pavis;security;6
Theta Pavis;(vide);2
Total Theta Pavis;;72
Thijs Plug;culture;1
Total Thijs Plug;;1
Thilo Koslowski;opinion;1
Total Thilo Koslowski;;1
Thom James Carter;culture;1
Total Thom James Carter;;1
Thomas A. Bass;(vide);9
Total Thomas A. Bass;;9
Thomas Bass;(vide);2
Total Thomas Bass;;2
Thomas Crampton;culture;1
Total Thomas Crampton;;1
Thomas Gilovich;business;1
Total Thomas Gilovich;;1
Thomas Goetz;business;2
Thomas Goetz;ideas;1
Thomas Goetz;science;15
Thomas Goetz;(vide);9
Total Thomas Goetz;;27
Thomas Golianopoulos;culture;1
Total Thomas Golianopoulos;;1
Thomas Graham;business;1
Total Thomas Graham;;1
Thomas Hannich;culture;2
Total Thomas Hannich;;2
Thomas Hawk;(vide);5
Total Thomas Hawk;;5
Thomas Hayden;business;1
Thomas Hayden;culture;2
Thomas Hayden;gear;1
Thomas Hayden;science;2
Thomas Hayden;(vide);4
Total Thomas Hayden;;10
Thomas Hobbs;culture;2
Total Thomas Hobbs;;2
Thomas J. Campanella;(vide);4
Total Thomas J. Campanella;;4
Thomas Keenan;(vide);1
Total Thomas Keenan;;1
Thomas Lewton;science;8
Total Thomas Lewton;;8
Thomas Lin;science;3
Total Thomas Lin;;3
Thomas Lin and Erica Klarreich;science;2
Total Thomas Lin and Erica Klarreich;;2
Thomas Maeder;(vide);1
Total Thomas Maeder;;1
Thomas McMullan;business;5
Thomas McMullan;culture;10
Thomas McMullan;science;2
Thomas McMullan;security;1
Total Thomas McMullan;;18
Thomas Nicholson;business;1
Total Thomas Nicholson;;1
Thomas P. M. Barnett;(vide);1
Total Thomas P. M. Barnett;;1
Thomas Rid;the big story;1
Total Thomas Rid;;1
Thomas S. Dee;ideas;1
Total Thomas S. Dee;;1
Thomas Schneider;(vide);1
Total Thomas Schneider;;1
Thomas Snyder;culture;1
Thomas Snyder;(vide);26
Total Thomas Snyder;;27
Thomas Zurbuchen;science;1
Total Thomas Zurbuchen;;1
Thor Benson;opinion;1
Thor Benson;security;9
Total Thor Benson;;10
Threat Level;business;1
Total Threat Level;;1
Tia Ghose;science;14
Total Tia Ghose;;14
Tianyu Fang;ideas;1
Total Tianyu Fang;;1
Tidal W. McCoy;transportation;1
Total Tidal W. McCoy;;1
Tiffany Kelly;business;1
Tiffany Kelly;science;2
Tiffany Kelly;(vide);1
Total Tiffany Kelly;;4
Tiffany Lee Brown;culture;3
Tiffany Lee Brown;(vide);16
Total Tiffany Lee Brown;;19
Tiffany Shlain;gear;1
Total Tiffany Shlain;;1
Tiffany Wu;business;1
Total Tiffany Wu;;1
Tik Root;science;1
Total Tik Root;;1
Tim Abrahams;business;3
Total Tim Abrahams;;3
Tim Bailey;(vide);4
Total Tim Bailey;;4
Tim Barber;gear;26
Tim Barber;science;1
Total Tim Barber;;27
Tim Barkow;culture;1
Tim Barkow;science;5
Tim Barkow;(vide);17
Total Tim Barkow;;23
Tim Berners-Lee;business;2
Total Tim Berners-Lee;;2
Tim Blanks;science;1
Total Tim Blanks;;1
Tim Bray;(vide);1
Total Tim Bray;;1
Tim Broeker;(vide);1
Total Tim Broeker;;1
Tim Brown;business;1
Tim Brown;design;1
Total Tim Brown;;2
Tim Carmody;business;123
Tim Carmody;culture;1
Tim Carmody;gear;120
Tim Carmody;opinion;3
Total Tim Carmody;;247
Tim Cavanaugh;(vide);8
Total Tim Cavanaugh;;8
Tim De Chant;design;3
Tim De Chant;gear;1
Tim De Chant;opinion;1
Tim De Chant;science;1
Total Tim De Chant;;6
Tim De Chant, Ars Technica;business;2
Tim De Chant, Ars Technica;security;1
Total Tim De Chant, Ars Technica;;3
Tim deChant;science;1
Total Tim deChant;;1
Tim Dickinson;(vide);4
Total Tim Dickinson;;4
Tim Harford;business;2
Tim Harford;culture;2
Tim Harford;(vide);1
Total Tim Harford;;5
Tim Hartford;business;1
Total Tim Hartford;;1
Tim Hornyak;culture;1
Tim Hornyak;science;1
Total Tim Hornyak;;2
Tim Hulse;business;3
Total Tim Hulse;;3
Tim Leberecht;business;2
Total Tim Leberecht;;2
Tim Leong;culture;5
Tim Leong;(vide);2
Total Tim Leong;;7
Tim Lesle;design;1
Total Tim Lesle;;1
Tim Maly;culture;2
Tim Maly;design;77
Total Tim Maly;;79
Tim Marchman;politics;2
Total Tim Marchman;;2
Tim Marshall;space;1
Total Tim Marshall;;1
Tim McDonnell;science;8
Total Tim McDonnell;;8
Tim McDonnell and James West;science;1
Total Tim McDonnell and James West;;1
Tim McKeough;culture;1
Tim McKeough;science;1
Tim McKeough;(vide);1
Total Tim McKeough;;3
Tim Moynihan;business;5
Tim Moynihan;culture;9
Tim Moynihan;design;2
Tim Moynihan;gear;596
Tim Moynihan;opinion;1
Tim Moynihan;science;1
Tim Moynihan;security;1
Tim Moynihan;transportation;3
Tim Moynihan;(vide);1
Total Tim Moynihan;;619
Tim Murphy;science;1
Total Tim Murphy;;1
Tim Newcomb;design;1
Tim Newcomb;gear;8
Tim Newcomb;transportation;1
Total Tim Newcomb;;10
Tim Newton;science;1
Total Tim Newton;;1
Tim Nott;(vide);2
Total Tim Nott;;2
Tim O'Reilly;business;1
Tim O'Reilly;ideas;1
Tim O'Reilly;the big story;1
Total Tim O'Reilly;;3
Tim Rittmann;business;1
Total Tim Rittmann;;1
Tim Surrette;(vide);1
Total Tim Surrette;;1
Tim Vernimmen;science;1
Total Tim Vernimmen;;1
Tim Webber;gear;1
Total Tim Webber;;1
Tim Wu;business;3
Tim Wu;culture;1
Tim Wu;transportation;1
Total Tim Wu;;5
Tim Wyatt;the big story;1
Total Tim Wyatt;;1
Timnit Gebru;ideas;1
Total Timnit Gebru;;1
Timothy A. Wise;science;1
Total Timothy A. Wise;;1
Timothy B. Lee, Ars Technica;business;9
Timothy B. Lee, Ars Technica;culture;1
Timothy B. Lee, Ars Technica;science;1
Timothy B. Lee, Ars Technica;security;5
Timothy B. Lee, Ars Technica;transportation;2
Total Timothy B. Lee, Ars Technica;;18
Timothy Broeker;science;2
Total Timothy Broeker;;2
Timothy Dahl;design;1
Total Timothy Dahl;;1
Timothy Ferris;business;1
Total Timothy Ferris;;1
Timothy H. Edgar;opinion;1
Total Timothy H. Edgar;;1
Timothy Lee;business;2
Timothy Lee;security;4
Total Timothy Lee;;6
Timothy Lesle;science;1
Total Timothy Lesle;;1
Timothy McLaughlin;the big story;6
Total Timothy McLaughlin;;6
Timothy Sohn;the big story;1
Total Timothy Sohn;;1
Tina Amirtha;business;1
Tina Amirtha;science;5
Total Tina Amirtha;;6
Tina Hesman Saey, Science News;science;14
Total Tina Hesman Saey, Science News;;14
Toby Peters;ideas;1
Total Toby Peters;;1
Toby Tremayne;culture;1
Total Toby Tremayne;;1
Toby Walsh;ideas;1
Total Toby Walsh;;1
Todd Dailey;(vide);11
Total Todd Dailey;;11
Todd Etter;(vide);1
Total Todd Etter;;1
Todd Feathers;security;2
Total Todd Feathers;;2
Todd Greco;design;1
Todd Greco;opinion;1
Total Todd Greco;;2
Todd Jatras;culture;29
Todd Jatras;(vide);8
Total Todd Jatras;;37
Todd Kreiger;(vide);1
Total Todd Kreiger;;1
Todd Krieger;(vide);10
Total Todd Krieger;;10
Todd Lappin;security;12
Todd Lappin;(vide);59
Total Todd Lappin;;71
Todd Leopold;the big story;1
Total Todd Leopold;;1
Todd Paglia;(vide);1
Total Todd Paglia;;1
Todd Wagner;(vide);2
Total Todd Wagner;;2
Todd Woody;(vide);4
Total Todd Woody;;4
Toh Ee Ming;gear;1
Total Toh Ee Ming;;1
Tola Onanuga;business;3
Tola Onanuga;culture;6
Total Tola Onanuga;;9
Tom;(vide);1
Total Tom;;1
Tom Abate;(vide);1
Total Tom Abate;;1
Tom Anderson;gear;1
Total Tom Anderson;;1
Tom Angleberger;(vide);8
Total Tom Angleberger;;8
Tom Armitage;culture;1
Total Tom Armitage;;1
Tom Banham;business;4
Tom Banham;culture;6
Total Tom Banham;;10
Tom Bartlett;ideas;3
Total Tom Bartlett;;3
Tom Benham;culture;1
Total Tom Benham;;1
Tom Bennett;telecoms;1
Total Tom Bennett;;1
Tom Bentley;science;1
Total Tom Bentley;;1
Tom Bestor;(vide);1
Total Tom Bestor;;1
Tom Bissell;culture;1
Total Tom Bissell;;1
Tom Brewster;business;1
Total Tom Brewster;;1
Tom Campanella;(vide);1
Total Tom Campanella;;1
Tom Chatfield;culture;1
Total Tom Chatfield;;1
Tom Cheshire;business;73
Tom Cheshire;culture;44
Tom Cheshire;gear;18
Tom Cheshire;science;44
Tom Cheshire;security;3
Tom Cheshire;(vide);1
Total Tom Cheshire;;183
Tom Chiarella;culture;3
Total Tom Chiarella;;3
Tom Chivers;business;1
Tom Chivers;science;1
Total Tom Chivers;;2
Tom Claburn;culture;2
Tom Claburn;science;1
Tom Claburn;(vide);16
Total Tom Claburn;;19
Tom ClaburnBy G. Beatoby David Weinbergerby Lizardby Jaron Lanierby Bruce Sterling;(vide);1
Total Tom ClaburnBy G. Beatoby David Weinbergerby Lizardby Jaron Lanierby Bruce Sterling;;1
Tom Comitta;culture;2
Total Tom Comitta;;2
Tom Copinger-Symes;security;1
Total Tom Copinger-Symes;;1
Tom Davenport;business;2
Tom Davenport;gear;1
Total Tom Davenport;;3
Tom Dowe;culture;2
Tom Dowe;(vide);1
Total Tom Dowe;;3
Tom Gash;security;3
Total Tom Gash;;3
Tom Hals;business;1
Total Tom Hals;;1
Tom Hargadon;(vide);1
Total Tom Hargadon;;1
Tom Hicks;security;1
Total Tom Hicks;;1
Tom Hulme;business;1
Tom Hulme;ideas;1
Total Tom Hulme;;2
Tom Johnson;science;1
Total Tom Johnson;;1
Tom Kelley;business;1
Tom Kelley;opinion;1
Total Tom Kelley;;2
Tom Ladner;security;1
Total Tom Ladner;;1
Tom Lakovic;design;1
Total Tom Lakovic;;1
Tom McNichol;(vide);43
Total Tom McNichol;;43
Tom Mendelsohn;culture;1
Tom Mendelsohn;gear;2
Total Tom Mendelsohn;;3
Tom Nicholson;science;1
Total Tom Nicholson;;1
Tom Pendergast;business;1
Total Tom Pendergast;;1
Tom Perrotta;culture;1
Total Tom Perrotta;;1
Tom Philpott;science;8
Total Tom Philpott;;8
Tom Power;culture;1
Total Tom Power;;1
Tom Seymour;culture;2
Total Tom Seymour;;2
Tom Shachtman;security;1
Total Tom Shachtman;;1
Tom Siegfried;science;1
Total Tom Siegfried;;1
Tom Simonite;business;343
Tom Simonite;cloud computing;1
Tom Simonite;gear;1
Tom Simonite;science;2
Tom Simonite;security;4
Tom Simonite;the big story;2
Total Tom Simonite;;353
Tom Southern;ideas;2
Total Tom Southern;;2
Tom Standage;(vide);5
Total Tom Standage;;5
Tom Steinert-Threlkeld;(vide);1
Total Tom Steinert-Threlkeld;;1
Tom Stillwell;(vide);3
Total Tom Stillwell;;3
Tom Taylor;culture;1
Tom Taylor;science;2
Total Tom Taylor;;3
Tom Upchurch;business;5
Tom Upchurch;culture;1
Tom Upchurch;ideas;1
Total Tom Upchurch;;7
Tom Vanderbilt;business;9
Tom Vanderbilt;culture;4
Tom Vanderbilt;gear;3
Tom Vanderbilt;ideas;1
Tom Vanderbilt;science;4
Tom Vanderbilt;security;1
Tom Vanderbilt;the big story;3
Tom Vanderbilt;(vide);15
Total Tom Vanderbilt;;40
Tom W. Bell;(vide);2
Total Tom W. Bell;;2
Tom Ward;culture;3
Tom Ward;science;5
Tom Ward;security;1
Tom Ward;the big story;8
Total Tom Ward;;17
Tom Watson;culture;1
Total Tom Watson;;1
Tom Wheeler;opinion;1
Total Tom Wheeler;;1
Tom Wiggins;culture;1
Total Tom Wiggins;;1
Tony Billoni;(vide);1
Total Tony Billoni;;1
Tony Borroz;gear;193
Tony Borroz;(vide);15
Total Tony Borroz;;208
Tony Fadell;business;1
Total Tony Fadell;;1
Tony Kontzer;culture;2
Total Tony Kontzer;;2
Tony Long;culture;20
Tony Long;culture news;1
Tony Long;gear;1
Tony Long;photo;1
Tony Long;science;145
Tony Long;(vide);212
Total Tony Long;;380
Tony McMahon;culture;1
Total Tony McMahon;;1
Tony Sims;culture;1
Tony Sims;(vide);97
Total Tony Sims;;98
Tony Wong;business;1
Total Tony Wong;;1
Tonya Riley;the big story;1
Total Tonya Riley;;1
Tor Ekeland;opinion;1
Tor Ekeland;security;1
Total Tor Ekeland;;2
Toxic;science;12
Total Toxic;;12
Tracey Follows;business;1
Total Tracey Follows;;1
Tracey John;culture;65
Total Tracey John;;65
Traci Watson;science;2
Total Traci Watson;;2
Tracy Chou;ideas;1
Total Tracy Chou;;1
Tracy Clark-Flory;ideas;1
Total Tracy Clark-Flory;;1
Tracy Wen Liu;business;5
Total Tracy Wen Liu;;5
Travis Langley;culture;3
Total Travis Langley;;3
Treon Verdery;(vide);1
Total Treon Verdery;;1
Trevor Quirk;business;1
Total Trevor Quirk;;1
Trevor Selby;(vide);1
Total Trevor Selby;;1
Tricia McGillis;(vide);1
Total Tricia McGillis;;1
Tricia Wang and An Xiao Mina;opinion;1
Total Tricia Wang and An Xiao Mina;;1
Tristan Cross;culture;2
Tristan Cross;gear;1
Total Tristan Cross;;3
Tristan Harris;ideas;1
Total Tristan Harris;;1
Tristan Kennedy;science;4
Tristan Kennedy;the big story;2
Total Tristan Kennedy;;6
Tristan Spinski;photo;3
Total Tristan Spinski;;3
Troy Brownfield;(vide);1
Total Troy Brownfield;;1
Troy Carter;security;1
Total Troy Carter;;1
Troy Farah;the big story;1
Total Troy Farah;;1
Troy Patterson;business;1
Total Troy Patterson;;1
Tsutomu Shimomura;(vide);1
Total Tsutomu Shimomura;;1
Tung-Hui Hu;ideas;1
Total Tung-Hui Hu;;1
Tushar Nene;culture;1
Tushar Nene;gear;1
Total Tushar Nene;;2
Tyler Coates;culture;16
Total Tyler Coates;;16
Tyler Colp;culture;1
Total Tyler Colp;;1
Tyler Hayes;gear;7
Total Tyler Hayes;;7
Tyler Hinman;culture;1
Tyler Hinman;(vide);5
Total Tyler Hinman;;6
Uche Adegbite;ideas;1
Total Uche Adegbite;;1
Uğur Şahin;ideas;1
Total Uğur Şahin;;1
Ulrich Boser;science;1
Total Ulrich Boser;;1
Ulrike Sapiro;business;1
Total Ulrike Sapiro;;1
Umair Irfan;science;1
Total Umair Irfan;;1
Urs Gasser;ideas;1
Total Urs Gasser;;1
Ursula K. Heise;science;1
Total Ursula K. Heise;;1
US Rep. Anna Eshoo;business;1
Total US Rep. Anna Eshoo;;1
Usman Haque;business;1
Total Usman Haque;;1
Usman T. Malik;culture;1
Total Usman T. Malik;;1
V. Vale;(vide);2
Total V. Vale;;2
Vaclav Smil;the big story;1
Total Vaclav Smil;;1
Vadim Smyslov;the big story;1
Total Vadim Smyslov;;1
Valentina Palladino;design;18
Valentina Palladino;gear;8
Valentina Palladino;science;2
Total Valentina Palladino;;28
Valerie Cover;(vide);2
Total Valerie Cover;;2
Valerie Hamilton;(vide);1
Total Valerie Hamilton;;1
Valerio Esposito;business;3
Total Valerio Esposito;;3
Valeriya Safronova;culture;1
Total Valeriya Safronova;;1
Van Burnham;culture;2
Van Burnham;(vide);7
Total Van Burnham;;9
Vanessa Gregory;science;2
Total Vanessa Gregory;;2
Vanessa Minke-Martin;science;1
Total Vanessa Minke-Martin;;1
Vanessa Nakate;ideas;1
Total Vanessa Nakate;;1
Vanessa Quirk;culture;3
Total Vanessa Quirk;;3
Vanessa Zainzinger;business;1
Total Vanessa Zainzinger;;1
Vaporware Team;culture;4
Vaporware Team;science;14
Total Vaporware Team;;18
Variety;business;2
Variety;security;8
Total Variety;;10
Varsha Bansal;business;4
Varsha Bansal;security;7
Total Varsha Bansal;;11
Vas Panagiotopoulos;science;1
Vas Panagiotopoulos;security;2
Total Vas Panagiotopoulos;;3
Vasant Dhar;business;1
Vasant Dhar;opinion;1
Total Vasant Dhar;;2
Vasilis K. Pozios;culture;3
Total Vasilis K. Pozios;;3
Vaughan Bell;science;2
Total Vaughan Bell;;2
Vauhini Vara;business;1
Vauhini Vara;the big story;4
Total Vauhini Vara;;5
Veerender Singh Jubbal;culture;1
Total Veerender Singh Jubbal;;1
Venki Ramakrishnan;science;
Total Venki Ramakrishnan;;
Vera Titunik;business;1
Total Vera Titunik;;1
Verity Burns;business;1
Verity Burns;gear;6
Total Verity Burns;;7
Vernon Mays;(vide);1
Total Vernon Mays;;1
Veronique Greenwood;science;9
Veronique Greenwood;the big story;1
Total Veronique Greenwood;;10
Vic Sussman;(vide);1
Total Vic Sussman;;1
Vicki Phillips;opinion;1
Total Vicki Phillips;;1
Vicky Parrott;business;1
Vicky Parrott;gear;1
Total Vicky Parrott;;2
Victor C. Clarke;(vide);1
Total Victor C. Clarke;;1
Víctor Fernández García;science;1
Total Víctor Fernández García;;1
Victor J. Blue;photo;1
Victor J. Blue;security;1
Total Victor J. Blue;;2
Victor Krummenacher;gear;2
Total Victor Krummenacher;;2
Victor Luckerson;the big story;1
Total Victor Luckerson;;1
Victoria Bekiempis;business;1
Total Victoria Bekiempis;;1
Victoria Brown;(vide);1
Total Victoria Brown;;1
Victoria Feng;gear;1
Total Victoria Feng;;1
Victoria Law;business;1
Victoria Law;security;1
Victoria Law;the big story;3
Total Victoria Law;;5
Victoria Petersen;science;3
Total Victoria Petersen;;3
Victoria Stewart;science;1
Total Victoria Stewart;;1
Victoria Tang;business;2
Victoria Tang;design;1
Victoria Tang;gear;1
Victoria Tang;science;3
Victoria Tang;security;1
Total Victoria Tang;;8
Victoria Turk;business;60
Victoria Turk;culture;52
Victoria Turk;gear;21
Victoria Turk;ideas;3
Victoria Turk;science;43
Victoria Turk;security;3
Victoria Turk;the big story;12
Total Victoria Turk;;194
Victoria Turk, WIRED UK;culture;1
Victoria Turk, WIRED UK;gear;1
Victoria Turk, WIRED UK;science;3
Victoria Turk, WIRED UK;security;1
Total Victoria Turk, WIRED UK;;6
Victoria Woollaston-Webber;business;171
Victoria Woollaston-Webber;culture;57
Victoria Woollaston-Webber;gear;29
Victoria Woollaston-Webber;science;100
Victoria Woollaston-Webber;security;12
Total Victoria Woollaston-Webber;;369
Video Department;culture;1
Total Video Department;;1
Vijay Pande;science;1
Total Vijay Pande;;1
Vijay Pandurangan;opinion;1
Total Vijay Pandurangan;;1
Vijith Assar;business;1
Vijith Assar;culture;4
Vijith Assar;gear;1
Vijith Assar;ideas;2
Vijith Assar;security;1
Total Vijith Assar;;9
Vikram Chandra;business;2
Total Vikram Chandra;;2
Viktor Mayer-Schonberger;business;1
Viktor Mayer-Schonberger;opinion;1
Total Viktor Mayer-Schonberger;;2
Vince Beiser;business;7
Vince Beiser;culture;23
Vince Beiser;gear;1
Vince Beiser;ideas;1
Vince Beiser;science;18
Vince Beiser;security;8
Vince Beiser;the big story;7
Vince Beiser;(vide);9
Total Vince Beiser;;74
Vince vjordan@radiomail.net;(vide);1
Total Vince vjordan@radiomail.net;;1
Vincent Acovino;culture;1
Total Vincent Acovino;;1
Vincent Janoski;(vide);78
Total Vincent Janoski;;78
Vincent Jones;(vide);1
Total Vincent Jones;;1
Vincent P. Thacker;culture;1
Total Vincent P. Thacker;;1
Vinod Khosla;business;1
Vinod Khosla;(vide);1
Total Vinod Khosla;;2
Vint Cerf;business;3
Vint Cerf;culture;3
Total Vint Cerf;;6
VINTON G. CERF;opinion;1
Total VINTON G. CERF;;1
Virginia Eubanks;business;1
Total Virginia Eubanks;;1
Virginia Heffernan;business;3
Virginia Heffernan;culture;2
Virginia Heffernan;ideas;70
Virginia Heffernan;peace talks;1
Virginia Heffernan;the big story;7
Virginia Heffernan;(vide);1
Total Virginia Heffernan;;84
Virginia Morell;science;3
Total Virginia Morell;;3
Virginia Postrel;opinion;1
Virginia Postrel;security;2
Virginia Postrel;(vide);3
Total Virginia Postrel;;6
Virginia Valenzuela;business;1
Virginia Valenzuela;gear;1
Total Virginia Valenzuela;;2
Vito Peraino;(vide);4
Total Vito Peraino;;4
Vittoria Elliott;business;46
Vittoria Elliott;culture;5
Vittoria Elliott;ideas;1
Vittoria Elliott;politics;22
Vittoria Elliott;security;6
Total Vittoria Elliott;;80
Vivek Maru;culture;1
Total Vivek Maru;;1
Vivek Wadhwa;gear;1
Total Vivek Wadhwa;;1
vivian graubard;the big story;1
Total vivian graubard;;1
Vivian Lam;ideas;1
Total Vivian Lam;;1
Viviane Callier;science;5
Total Viviane Callier;;5
vkolosov;gear;1
Total vkolosov;;1
Vlad Ned;ideas;1
Total Vlad Ned;;1
W. Joseph Campbell;business;1
Total W. Joseph Campbell;;1
W. Kamau Bell;culture;2
Total W. Kamau Bell;;2
W. Ralph Eubanks;business;1
Total W. Ralph Eubanks;;1
W. W. Norton;the big story;1
Total W. W. Norton;;1
W. Wayt Gibbs;science;1
Total W. Wayt Gibbs;;1
W.M.;(vide);1
Total W.M.;;1
Wafa Ben-Hassine;ideas;1
Total Wafa Ben-Hassine;;1
Wagner James Au;culture;4
Wagner James Au;(vide);18
Total Wagner James Au;;22
Walid Gellad;ideas;3
Total Walid Gellad;;3
Walter Isaacson;business;1
Total Walter Isaacson;;1
Warren Berger;business;1
Warren Berger;(vide);12
Total Warren Berger;;13
Warren Ellis;culture;2
Warren Ellis;science;2
Total Warren Ellis;;4
Warren Packard;(vide);2
Total Warren Packard;;2
Warren Pole;culture;1
Total Warren Pole;;1
Warren St. John;(vide);11
Total Warren St. John;;11
Wayne Curtis;science;1
Total Wayne Curtis;;1
Wayne D'Orio;business;1
Total Wayne D'Orio;;1
Wayne Madsen;business;2
Total Wayne Madsen;;2
Webmonkeys;science;3
Total Webmonkeys;;3
Wei-Hwa Huang;culture;1
Total Wei-Hwa Huang;;1
Wendell Wallach;the big story;1
Total Wendell Wallach;;1
Wendy Dent;transportation;1
Total Wendy Dent;;1
Wendy Goldman;(vide);1
Total Wendy Goldman;;1
Wendy Goldman Rohm;(vide);3
Total Wendy Goldman Rohm;;3
Wendy Grossman;business;7
Wendy Grossman;culture;2
Wendy Grossman;science;2
Wendy Grossman;security;10
Total Wendy Grossman;;21
Wendy Hall;business;3
Total Wendy Hall;;3
Wendy Jackson;(vide);4
Total Wendy Jackson;;4
Wendy Jackson Hall;(vide);4
Total Wendy Jackson Hall;;4
Wendy Jui Kyong Chun;culture;1
Total Wendy Jui Kyong Chun;;1
Wendy M. Grossman;science;1
Wendy M. Grossman;security;2
Wendy M. Grossman;(vide);1
Total Wendy M. Grossman;;4
Wendy Owen;science;2
Total Wendy Owen;;2
Wendy R. Leibowitz;security;3
Total Wendy R. Leibowitz;;3
Wendy Richmond;(vide);1
Total Wendy Richmond;;1
Werner Vogels;business;1
Werner Vogels;culture;1
Werner Vogels;security;1
Total Werner Vogels;;3
Wes Siler;culture;4
Wes Siler;gear;19
Total Wes Siler;;23
Whit Honea;(vide);1
Total Whit Honea;;1
Whitney Phillips;ideas;12
Total Whitney Phillips;;12
Whitson Gordon;culture;2
Whitson Gordon;gear;33
Total Whitson Gordon;;35
Wil McCarthy;(vide);9
Total Wil McCarthy;;9
Wil Sands;the big story;
Total Wil Sands;;
Wil Zambole;(vide);1
Total Wil Zambole;;1
Wilbur Streett;(vide);1
Total Wilbur Streett;;1
Will Abbott;culture;1
Total Will Abbott;;1
Will Backus;culture;1
Total Will Backus;;1
Will Bedingfield;business;41
Will Bedingfield;culture;114
Will Bedingfield;gear;6
Will Bedingfield;science;29
Will Bedingfield;security;6
Will Bedingfield;the big story;1
Will Bedingfield;tv;2
Total Will Bedingfield;;199
Will Carroll;culture;1
Total Will Carroll;;1
Will Cathcart;ideas;1
Total Will Cathcart;;1
Will Champion -- Coldplay;(vide);1
Total Will Champion -- Coldplay;;1
Will Coldwell;the big story;2
Total Will Coldwell;;2
Will Evans;the big story;1
Total Will Evans;;1
Will Hines;science;1
Total Will Hines;;1
Will Hurd;security;1
Total Will Hurd;;1
Will Knight;artificial intelligence;
Will Knight;business;259
Will Knight;culture;2
Will Knight;science;2
Will Knight;security;2
Total Will Knight;;265
Will Kreth;(vide);14
Total Will Kreth;;14
Will Moffitt;science;1
Total Will Moffitt;;1
Will Potter;gear;1
Total Will Potter;;1
Will Pritchard;culture;4
Will Pritchard;science;2
Total Will Pritchard;;6
Will Rinehart;ideas;1
Total Will Rinehart;;1
Will Rodger;security;1
Total Will Rodger;;1
Will Roper;ideas;2
Will Roper;security;1
Total Will Roper;;3
Will Shortz;culture;1
Total Will Shortz;;1
Will Tuttle;(vide);1
Total Will Tuttle;;1
Will Wade;business;1
Will Wade;gear;3
Will Wade;science;3
Will Wade;security;1
Total Will Wade;;8
Willa Paskin;culture;1
Willa Paskin;opinion;2
Total Willa Paskin;;3
Willem Marx;science;1
Total Willem Marx;;1
William Arthur;science;1
Total William Arthur;;1
William Bennett Turner;(vide);1
Total William Bennett Turner;;1
William Booth;(vide);1
Total William Booth;;1
William Bostwick;science;1
Total William Bostwick;;1
William Dutton;business;1
Total William Dutton;;1
William G. Rich;security;1
Total William G. Rich;;1
William Gibson;the big story;1
William Gibson;(vide);7
Total William Gibson;;8
William Gurstelle;gear;1
William Gurstelle;(vide);8
Total William Gurstelle;;9
William Neuman;(vide);1
Total William Neuman;;1
William O. Goggins;(vide);9
Total William O. Goggins;;9
William Poundstone;business;1
William Poundstone;culture;1
William Poundstone;gear;2
William Poundstone;science;1
Total William Poundstone;;5
William Ralston;business;7
William Ralston;culture;1
William Ralston;science;7
William Ralston;security;2
William Ralston;the big story;2
Total William Ralston;;19
William Shaw;business;2
William Shaw;security;1
William Shaw;(vide);2
Total William Shaw;;5
William Turton;politics;2
William Turton;security;1
Total William Turton;;3
William von Herff;science;1
Total William von Herff;;1
William Welser;business;1
William Welser;culture;1
William Welser;gear;1
William Welser;science;1
Total William Welser;;4
Willie Clark;culture;1
Total Willie Clark;;1
Williesha Morris;culture;5
Total Williesha Morris;;5
Willow Duttge;business;1
Willow Duttge;culture;1
Total Willow Duttge;;2
Wilpen Gorr;(vide);1
Total Wilpen Gorr;;1
Wilson Rothman;(vide);1
Total Wilson Rothman;;1
Winston Churchill;(vide);2
Total Winston Churchill;;2
Winston Lee;business;1
Winston Lee;security;1
Total Winston Lee;;2
Winston Morgan;ideas;1
Total Winston Morgan;;1
Wired;culture;1
Wired;gear;9
Wired;(vide);24
Total Wired;;34
Wired Blogs;culture news;3
Wired Blogs;gear;2
Wired Blogs;(vide);4046
Total Wired Blogs;;4051
Wired Business;business;1
Total Wired Business;;1
WIRED Cartoons;culture;40
WIRED Cartoons;opinion;1
Total WIRED Cartoons;;41
WIRED Design Staff;design;1
Total WIRED Design Staff;;1
WIRED Editors;business;2
WIRED Editors;(vide);1
Total WIRED Editors;;3
WIRED Ideas;ideas;7
Total WIRED Ideas;;7
WIRED Insider;business;1139
WIRED Insider;culture;110
WIRED Insider;gear;77
WIRED Insider;science;81
WIRED Insider;security;8
WIRED Insider;the big story;2
WIRED Insider;wired insider;6
Total WIRED Insider;;1423
Wired Magazine;culture;5
Wired Magazine;gear;2
Wired Magazine;opinion;1
Wired Magazine;photo;10
Wired Magazine;science;1
Wired Magazine;(vide);49
Total Wired Magazine;;68
Wired magazine staff;culture;1
Wired magazine staff;(vide);1
Total Wired magazine staff;;2
Wired News;business;4
Wired News;culture;2
Wired News;gear;2
Wired News;science;3
Wired News;security;2
Total Wired News;;13
Wired News Radio;business;18
Wired News Radio;culture;81
Wired News Radio;science;35
Wired News Radio;security;6
Total Wired News Radio;;140
Wired News Report;business;2569
Wired News Report;culture;458
Wired News Report;gear;4
Wired News Report;science;1017
Wired News Report;security;576
Wired News Report;transportation;2
Total Wired News Report;;4626
Wired News Staff;business;24
Wired News Staff;culture;29
Wired News Staff;gear;1
Wired News Staff;science;39
Wired News Staff;security;51
Total Wired News Staff;;144
Wired Opinion;business;1
Wired Opinion;ideas;9
Wired Opinion;opinion;4
Wired Opinion;science;3
Total Wired Opinion;;17
WIRED Photo Department;gear;1
WIRED Photo Department;photo;164
Total WIRED Photo Department;;165
Wired Producer;security;1
Total Wired Producer;;1
Wired Product Reviews;culture;1
Wired Product Reviews;gear;46
Total Wired Product Reviews;;47
Wired Science;science;3
Total Wired Science;;3
Wired Science Staff;science;10
Total Wired Science Staff;;10
WIRED Security;security;3
Total WIRED Security;;3
WIRED Staff;books;1
WIRED Staff;business;3590
WIRED Staff;culture;14415
WIRED Staff;culture news;1
WIRED Staff;deals;3
WIRED Staff;design;6
WIRED Staff;gadget lab podcast;2
WIRED Staff;gear;2239
WIRED Staff;health;1
WIRED Staff;opinion;3
WIRED Staff;photo;17
WIRED Staff;politics;
WIRED Staff;science;3113
WIRED Staff;security;1870
WIRED Staff;the big story;4
WIRED Staff;transportation;46
WIRED Staff;wired insider;1
WIRED Staff;(vide);8762
Total WIRED Staff;;34074
WIRED UK;culture;1
WIRED UK;gear;1
Total WIRED UK;;2
WIRED Video;business;2
WIRED Video;culture;89
WIRED Video;gear;3
WIRED Video;opinion;3
WIRED Video;photo;1
WIRED Video;science;3
WIRED Video;security;6
Total WIRED Video;;107
wired-mag-photo;culture;28
Total wired-mag-photo;;28
Wired.com;culture;2
Total Wired.com;;2
Wired.com Photo Department;culture;25
Wired.com Photo Department;gear;4
Total Wired.com Photo Department;;29
Wired.com Staff;business;1
Wired.com Staff;science;1
Total Wired.com Staff;;2
with that here. -g- . KS;(vide);1
Total with that here. -g- . KS;;1
WMG Brand Lab;the big story;1
Total WMG Brand Lab;;1
Wojciech Wiewiórowski;ideas;1
Total Wojciech Wiewiórowski;;1
Wonbo Woo;culture;4
Wonbo Woo;gear;4
Wonbo Woo;science;2
Total Wonbo Woo;;10
Woodrow Hartzog;business;1
Woodrow Hartzog;opinion;1
Total Woodrow Hartzog;;2
Wren Leader;culture;1
Total Wren Leader;;1
Wynne Parry;science;2
Total Wynne Parry;;2
Xavier Richer Vis;security;1
Total Xavier Richer Vis;;1
Xavier Yaffar;gear;7
Total Xavier Yaffar;;7
Xeni Jardin;business;7
Xeni Jardin;culture;29
Xeni Jardin;gear;1
Xeni Jardin;science;10
Xeni Jardin;security;4
Xeni Jardin;(vide);15
Total Xeni Jardin;;66
Y. Peter Kang;culture;1
Y. Peter Kang;(vide);1
Total Y. Peter Kang;;2
Yael Eisenstat;opinion;1
Total Yael Eisenstat;;1
Yael Grauer;opinion;1
Yael Grauer;security;28
Total Yael Grauer;;29
Yael Grauer, WIRED UK;security;1
Total Yael Grauer, WIRED UK;;1
Yaling Jiang;business;1
Total Yaling Jiang;;1
Yaman Akdeniz;security;2
Total Yaman Akdeniz;;2
Yangyang Cheng;ideas;1
Total Yangyang Cheng;;1
Yanis Varoufakis;business;1
Total Yanis Varoufakis;;1
Yaniv J Turgeman;business;1
Total Yaniv J Turgeman;;1
Yannic Rack;business;1
Total Yannic Rack;;1
Yarden Yaroshevski;culture;1
Total Yarden Yaroshevski;;1
Yasemin Saplakoglu;science;12
Total Yasemin Saplakoglu;;12
Yasha Levine;business;1
Total Yasha Levine;;1
Yashraj Sharma;business;2
Total Yashraj Sharma;;2
Yasmin Green;business;1
Yasmin Green;ideas;2
Total Yasmin Green;;3
Yi-Ling Liu;the big story;2
Total Yi-Ling Liu;;2
Yin Yin Lu;business;1
Yin Yin Lu;security;1
Total Yin Yin Lu;;2
Yolanda M. Rivas;(vide);1
Total Yolanda M. Rivas;;1
Yona Golding;ideas;1
Total Yona Golding;;1
Your Samsung Smart TV;culture;1
Total Your Samsung Smart TV;;1
Ysabel Gerrard;ideas;3
Ysabel Gerrard;opinion;1
Total Ysabel Gerrard;;4
Ysabelle Kempe;science;1
Total Ysabelle Kempe;;1
Yuan Ren;business;1
Total Yuan Ren;;1
Yudhanjaya Wijeratne;culture;1
Total Yudhanjaya Wijeratne;;1
Yudhijit Bhattacharjee;business;1
Yudhijit Bhattacharjee;security;1
Yudhijit Bhattacharjee;(vide);2
Total Yudhijit Bhattacharjee;;4
Yukari Iwatani;business;11
Total Yukari Iwatani;;11
Yukihiro Hatano;(vide);1
Total Yukihiro Hatano;;1
Yulia James;the big story;1
Total Yulia James;;1
Yulia Mineeva;security;1
Total Yulia Mineeva;;1
Yuri Gorby;opinion;1
Total Yuri Gorby;;1
Yussef Cole;culture;4
Total Yussef Cole;;4
Yuval Noah Harari;business;2
Yuval Noah Harari;culture;1
Yuval Noah Harari;the big story;3
Total Yuval Noah Harari;;6
Yves Béhar;business;1
Total Yves Béhar;;1
Yvette Cabrera;science;1
Total Yvette Cabrera;;1
Z;culture;1
Z;(vide);309
Total Z;;310
Z Donahue;(vide);2
Total Z Donahue;;2
Zac Ginsburg;gear;1
Total Zac Ginsburg;;1
Zach Gottlieb;business;2
Zach Gottlieb;gear;1
Zach Gottlieb;security;2
Zach Gottlieb;(vide);1
Total Zach Gottlieb;;6
Zach Meston;culture;1
Zach Meston;(vide);21
Total Zach Meston;;22
Zach Rosenberg;design;3
Zach Rosenberg;gear;12
Zach Rosenberg;(vide);1
Total Zach Rosenberg;;16
Zachary Fryer-Biggs;the big story;1
Total Zachary Fryer-Biggs;;1
Zachary Karabell;business;45
Zachary Karabell;ideas;1
Zachary Karabell;transportation;1
Total Zachary Karabell;;47
Zachary Lum;security;1
Total Zachary Lum;;1
Zachary Margulis;(vide);2
Total Zachary Margulis;;2
Zachary Siegel;the big story;1
Total Zachary Siegel;;1
Zachary Slobig;business;1
Zachary Slobig;design;6
Zachary Slobig;gear;1
Zachary Slobig;photo;16
Total Zachary Slobig;;24
Zack Carlson;culture;1
Total Zack Carlson;;1
Zack Colman;science;1
Total Zack Colman;;1
Zack Huffman;culture;1
Total Zack Huffman;;1
Zack Savitsky;science;3
Total Zack Savitsky;;3
Zack Tollman;business;1
Zack Tollman;security;4
Total Zack Tollman;;5
Zack Whittaker;opinion;1
Total Zack Whittaker;;1
Zak Jason;culture;10
Zak Jason;ideas;5
Zak Jason;science;2
Zak Jason;security;2
Zak Jason;the big story;1
Total Zak Jason;;20
Zak McClendon;culture;1
Total Zak McClendon;;1
Zara Stone;business;1
Zara Stone;gear;1
Total Zara Stone;;2
Ze Frank;business;1
Total Ze Frank;;1
Zeb Larson;ideas;1
Total Zeb Larson;;1
Zephin Livingston;culture;1
Total Zephin Livingston;;1
Zev Borow;(vide);3
Total Zev Borow;;3
Zeyi Yang;artificial intelligence;1
Zeyi Yang;business;1
Total Zeyi Yang;;2
Zeynep Tufekci;business;6
Zeynep Tufekci;culture;1
Zeynep Tufekci;gear;1
Zeynep Tufekci;ideas;1
Zeynep Tufekci;opinion;2
Zeynep Tufekci;security;4
Total Zeynep Tufekci;;15
Zhou Hanhua;opinion;1
Total Zhou Hanhua;;1
Zimran Ahmed;science;1
Total Zimran Ahmed;;1
Ziya Tong;the big story;1
Total Ziya Tong;;1
Zoe Cormier;culture;1
Zoe Cormier;science;2
Total Zoe Cormier;;3
Zoë Hannah;culture;2
Total Zoë Hannah;;2
Zoe Laughlin & Jeremy Kingsley;business;1
Total Zoe Laughlin & Jeremy Kingsley;;1
Zoe Lofgren;opinion;1
Total Zoe Lofgren;;1
Zoë McLaren;ideas;2
Total Zoë McLaren;;2
Zoe Mendelson;transportation;2
Total Zoe Mendelson;;2
Zoe Pickburn;gear;1
Total Zoe Pickburn;;1
Zoë Quinn;culture;1
Total Zoë Quinn;;1
Zoë Schiffer;culture;1
Total Zoë Schiffer;;1
Zoë Schlanger;science;2
Total Zoë Schlanger;;2
Zoltan Boka;opinion;1
Total Zoltan Boka;;1
Zoltan Istvan;business;3
Total Zoltan Istvan;;3
Zoya Teirstein;science;4
Total Zoya Teirstein;;4
Zuha Siddiqui;business;1
Total Zuha Siddiqui;;1
Zurab Ashvil;business;1
Total Zurab Ashvil;;1
Zvika Krieger;ideas;1
Total Zvika Krieger;;1
(vide);business;115
(vide);culture;300
(vide);environment;3
(vide);gear;79
(vide);gear news and events;1
(vide);health;1
(vide);ideas;1
(vide);opinion;2
(vide);photo;6
(vide);reviews;1
(vide);science;17
(vide);security;9
(vide);the big story;4
(vide);transportation;2
(vide);wired insider;14
(vide);(vide);19
Total (vide);;574
Total général;;215941